Model,TBS1052C
Firmware Version,v2015-08-04-prequal4ch70_v1.3

Point Format,Y
Horizontal Units,S
Horizontal Scale,0.01
Sample Interval,8e-06
Filter Frequency,2e+08
Record Length,20000
Gating,0.0% to 100.0%
Probe Attenuation,10
Vertical Units,V
Vertical Offset,0
Vertical Scale,0.05
Label,
TIME,CH1
-3.11680e-02,-0.004
-3.11600e-02,-0.002
-3.11520e-02,-0.004
-3.11440e-02,-0.004
-3.11360e-02,0.004
-3.11280e-02,0
-3.11200e-02,0
-3.11120e-02,-0.004
-3.11040e-02,-0.002
-3.10960e-02,0
-3.10880e-02,-0.002
-3.10800e-02,-0.002
-3.10720e-02,-0.002
-3.10640e-02,0.002
-3.10560e-02,-0.004
-3.10480e-02,-0.002
-3.10400e-02,0
-3.10320e-02,-0.002
-3.10240e-02,0.004
-3.10160e-02,0
-3.10080e-02,-0.004
-3.10000e-02,0.002
-3.09920e-02,-0.004
-3.09840e-02,0
-3.09760e-02,0
-3.09680e-02,-0.006
-3.09600e-02,-0.004
-3.09520e-02,-0.002
-3.09440e-02,0.004
-3.09360e-02,-0.002
-3.09280e-02,-0.004
-3.09200e-02,-0.002
-3.09120e-02,0.002
-3.09040e-02,0
-3.08960e-02,-0.006
-3.08880e-02,-0.002
-3.08800e-02,0.004
-3.08720e-02,-0.002
-3.08640e-02,0.002
-3.08560e-02,0.002
-3.08480e-02,0.002
-3.08400e-02,-0.004
-3.08320e-02,0
-3.08240e-02,-0.004
-3.08160e-02,-0.002
-3.08080e-02,-0.002
-3.08000e-02,-0.004
-3.07920e-02,0.002
-3.07840e-02,0
-3.07760e-02,0.002
-3.07680e-02,-0.002
-3.07600e-02,0
-3.07520e-02,-0.004
-3.07440e-02,0
-3.07360e-02,-0.002
-3.07280e-02,-0.004
-3.07200e-02,-0.002
-3.07120e-02,0
-3.07040e-02,0
-3.06960e-02,-0.006
-3.06880e-02,-0.002
-3.06800e-02,0.002
-3.06720e-02,-0.002
-3.06640e-02,-0.002
-3.06560e-02,0.002
-3.06480e-02,-0.008
-3.06400e-02,0.002
-3.06320e-02,-0.006
-3.06240e-02,0
-3.06160e-02,-0.004
-3.06080e-02,0.002
-3.06000e-02,-0.002
-3.05920e-02,0
-3.05840e-02,-0.006
-3.05760e-02,-0.004
-3.05680e-02,0.004
-3.05600e-02,0
-3.05520e-02,0.002
-3.05440e-02,0
-3.05360e-02,0
-3.05280e-02,-0.006
-3.05200e-02,-0.004
-3.05120e-02,0
-3.05040e-02,-0.006
-3.04960e-02,0
-3.04880e-02,0
-3.04800e-02,0.004
-3.04720e-02,-0.002
-3.04640e-02,-0.004
-3.04560e-02,-0.002
-3.04480e-02,-0.006
-3.04400e-02,-0.002
-3.04320e-02,0
-3.04240e-02,0.004
-3.04160e-02,-0.002
-3.04080e-02,0
-3.04000e-02,0.006
-3.03920e-02,-0.002
-3.03840e-02,0.002
-3.03760e-02,-0.004
-3.03680e-02,-0.006
-3.03600e-02,0
-3.03520e-02,-0.002
-3.03440e-02,-0.002
-3.03360e-02,-0.006
-3.03280e-02,0.002
-3.03200e-02,0.002
-3.03120e-02,0.002
-3.03040e-02,-0.004
-3.02960e-02,0
-3.02880e-02,-0.002
-3.02800e-02,-0.004
-3.02720e-02,0.002
-3.02640e-02,-0.004
-3.02560e-02,-0.002
-3.02480e-02,0
-3.02400e-02,-0.002
-3.02320e-02,0.002
-3.02240e-02,-0.004
-3.02160e-02,0
-3.02080e-02,0.004
-3.02000e-02,-0.004
-3.01920e-02,-0.002
-3.01840e-02,-0.002
-3.01760e-02,-0.002
-3.01680e-02,0.002
-3.01600e-02,0.002
-3.01520e-02,0
-3.01440e-02,-0.002
-3.01360e-02,-0.006
-3.01280e-02,-0.002
-3.01200e-02,0.002
-3.01120e-02,-0.006
-3.01040e-02,0
-3.00960e-02,-0.004
-3.00880e-02,0
-3.00800e-02,-0.002
-3.00720e-02,0.002
-3.00640e-02,-0.004
-3.00560e-02,0
-3.00480e-02,-0.002
-3.00400e-02,0.002
-3.00320e-02,0
-3.00240e-02,-0.004
-3.00160e-02,-0.002
-3.00080e-02,0.004
-3.00000e-02,-0.002
-2.99920e-02,-0.002
-2.99840e-02,0
-2.99760e-02,0
-2.99680e-02,-0.004
-2.99600e-02,0
-2.99520e-02,0
-2.99440e-02,-0.002
-2.99360e-02,0
-2.99280e-02,-0.004
-2.99200e-02,0.002
-2.99120e-02,-0.002
-2.99040e-02,-0.002
-2.98960e-02,0
-2.98880e-02,0.004
-2.98800e-02,-0.002
-2.98720e-02,0
-2.98640e-02,-0.002
-2.98560e-02,-0.004
-2.98480e-02,0.004
-2.98400e-02,0.002
-2.98320e-02,-0.004
-2.98240e-02,-0.01
-2.98160e-02,-0.002
-2.98080e-02,0
-2.98000e-02,-0.002
-2.97920e-02,0.002
-2.97840e-02,0
-2.97760e-02,-0.002
-2.97680e-02,0.002
-2.97600e-02,0
-2.97520e-02,-0.004
-2.97440e-02,0.002
-2.97360e-02,0
-2.97280e-02,0
-2.97200e-02,-0.002
-2.97120e-02,-0.002
-2.97040e-02,0
-2.96960e-02,0
-2.96880e-02,-0.002
-2.96800e-02,0
-2.96720e-02,-0.002
-2.96640e-02,0
-2.96560e-02,0
-2.96480e-02,0.002
-2.96400e-02,-0.002
-2.96320e-02,-0.006
-2.96240e-02,0
-2.96160e-02,-0.002
-2.96080e-02,0.002
-2.96000e-02,-0.002
-2.95920e-02,0
-2.95840e-02,0
-2.95760e-02,0.002
-2.95680e-02,0.002
-2.95600e-02,-0.002
-2.95520e-02,-0.004
-2.95440e-02,-0.004
-2.95360e-02,0
-2.95280e-02,-0.004
-2.95200e-02,-0.002
-2.95120e-02,-0.004
-2.95040e-02,0.004
-2.94960e-02,-0.002
-2.94880e-02,-0.002
-2.94800e-02,-0.002
-2.94720e-02,-0.004
-2.94640e-02,0
-2.94560e-02,-0.004
-2.94480e-02,0.004
-2.94400e-02,0.002
-2.94320e-02,-0.002
-2.94240e-02,-0.002
-2.94160e-02,0.002
-2.94080e-02,-0.002
-2.94000e-02,-0.006
-2.93920e-02,-0.002
-2.93840e-02,0.004
-2.93760e-02,-0.002
-2.93680e-02,-0.002
-2.93600e-02,-0.002
-2.93520e-02,-0.004
-2.93440e-02,0.002
-2.93360e-02,0.002
-2.93280e-02,-0.004
-2.93200e-02,-0.004
-2.93120e-02,-0.004
-2.93040e-02,0
-2.92960e-02,0
-2.92880e-02,0
-2.92800e-02,-0.004
-2.92720e-02,0.006
-2.92640e-02,-0.002
-2.92560e-02,-0.004
-2.92480e-02,0
-2.92400e-02,0
-2.92320e-02,-0.008
-2.92240e-02,0
-2.92160e-02,-0.006
-2.92080e-02,-0.002
-2.92000e-02,-0.002
-2.91920e-02,-0.002
-2.91840e-02,0
-2.91760e-02,0
-2.91680e-02,-0.004
-2.91600e-02,-0.004
-2.91520e-02,0.004
-2.91440e-02,0.002
-2.91360e-02,-0.002
-2.91280e-02,-0.004
-2.91200e-02,0
-2.91120e-02,0
-2.91040e-02,-0.004
-2.90960e-02,0
-2.90880e-02,-0.004
-2.90800e-02,-0.002
-2.90720e-02,0
-2.90640e-02,0.002
-2.90560e-02,-0.002
-2.90480e-02,-0.008
-2.90400e-02,-0.002
-2.90320e-02,0
-2.90240e-02,0.002
-2.90160e-02,-0.006
-2.90080e-02,0
-2.90000e-02,-0.002
-2.89920e-02,0.002
-2.89840e-02,0.002
-2.89760e-02,0
-2.89680e-02,-0.004
-2.89600e-02,0.002
-2.89520e-02,-0.002
-2.89440e-02,0
-2.89360e-02,-0.002
-2.89280e-02,-0.002
-2.89200e-02,-0.004
-2.89120e-02,0
-2.89040e-02,0.004
-2.88960e-02,-0.004
-2.88880e-02,0
-2.88800e-02,-0.004
-2.88720e-02,0.006
-2.88640e-02,0
-2.88560e-02,-0.006
-2.88480e-02,-0.004
-2.88400e-02,0
-2.88320e-02,-0.002
-2.88240e-02,0
-2.88160e-02,-0.006
-2.88080e-02,0
-2.88000e-02,0.002
-2.87920e-02,-0.004
-2.87840e-02,0
-2.87760e-02,-0.006
-2.87680e-02,0
-2.87600e-02,-0.004
-2.87520e-02,-0.004
-2.87440e-02,-0.002
-2.87360e-02,-0.002
-2.87280e-02,-0.006
-2.87200e-02,-0.006
-2.87120e-02,0.002
-2.87040e-02,0
-2.86960e-02,-0.006
-2.86880e-02,0.002
-2.86800e-02,-0.002
-2.86720e-02,0
-2.86640e-02,-0.006
-2.86560e-02,-0.002
-2.86480e-02,-0.004
-2.86400e-02,0
-2.86320e-02,-0.002
-2.86240e-02,0
-2.86160e-02,-0.004
-2.86080e-02,0
-2.86000e-02,-0.002
-2.85920e-02,0.004
-2.85840e-02,-0.004
-2.85760e-02,0
-2.85680e-02,0.002
-2.85600e-02,0.004
-2.85520e-02,-0.006
-2.85440e-02,0.002
-2.85360e-02,-0.004
-2.85280e-02,0
-2.85200e-02,-0.006
-2.85120e-02,0
-2.85040e-02,-0.004
-2.84960e-02,-0.006
-2.84880e-02,0
-2.84800e-02,-0.002
-2.84720e-02,-0.002
-2.84640e-02,-0.002
-2.84560e-02,0
-2.84480e-02,0
-2.84400e-02,-0.006
-2.84320e-02,-0.002
-2.84240e-02,0.002
-2.84160e-02,-0.006
-2.84080e-02,0
-2.84000e-02,0
-2.83920e-02,-0.002
-2.83840e-02,-0.006
-2.83760e-02,-0.004
-2.83680e-02,-0.002
-2.83600e-02,0.002
-2.83520e-02,-0.002
-2.83440e-02,-0.006
-2.83360e-02,-0.004
-2.83280e-02,0.002
-2.83200e-02,0.002
-2.83120e-02,-0.006
-2.83040e-02,-0.006
-2.82960e-02,-0.004
-2.82880e-02,0.002
-2.82800e-02,-0.002
-2.82720e-02,-0.004
-2.82640e-02,-0.008
-2.82560e-02,0
-2.82480e-02,-0.002
-2.82400e-02,0
-2.82320e-02,-0.002
-2.82240e-02,-0.002
-2.82160e-02,0
-2.82080e-02,-0.004
-2.82000e-02,-0.002
-2.81920e-02,-0.004
-2.81840e-02,0.002
-2.81760e-02,0
-2.81680e-02,0
-2.81600e-02,-0.002
-2.81520e-02,-0.008
-2.81440e-02,0.002
-2.81360e-02,0.002
-2.81280e-02,0.004
-2.81200e-02,0
-2.81120e-02,-0.004
-2.81040e-02,-0.008
-2.80960e-02,-0.002
-2.80880e-02,0.008
-2.80800e-02,0
-2.80720e-02,-0.002
-2.80640e-02,-0.004
-2.80560e-02,0.002
-2.80480e-02,0.002
-2.80400e-02,0.002
-2.80320e-02,-0.004
-2.80240e-02,-0.004
-2.80160e-02,-0.004
-2.80080e-02,-0.002
-2.80000e-02,-0.004
-2.79920e-02,-0.002
-2.79840e-02,0.002
-2.79760e-02,-0.002
-2.79680e-02,-0.002
-2.79600e-02,-0.002
-2.79520e-02,0
-2.79440e-02,0.002
-2.79360e-02,0
-2.79280e-02,0.004
-2.79200e-02,-0.004
-2.79120e-02,0.004
-2.79040e-02,-0.006
-2.78960e-02,-0.004
-2.78880e-02,-0.002
-2.78800e-02,0.002
-2.78720e-02,-0.002
-2.78640e-02,-0.006
-2.78560e-02,-0.002
-2.78480e-02,0
-2.78400e-02,-0.002
-2.78320e-02,-0.006
-2.78240e-02,0.004
-2.78160e-02,0
-2.78080e-02,-0.002
-2.78000e-02,-0.004
-2.77920e-02,-0.002
-2.77840e-02,0
-2.77760e-02,0
-2.77680e-02,0.004
-2.77600e-02,-0.002
-2.77520e-02,-0.002
-2.77440e-02,-0.002
-2.77360e-02,-0.002
-2.77280e-02,0
-2.77200e-02,0
-2.77120e-02,-0.006
-2.77040e-02,0.002
-2.76960e-02,-0.002
-2.76880e-02,-0.002
-2.76800e-02,-0.004
-2.76720e-02,-0.004
-2.76640e-02,0.002
-2.76560e-02,-0.002
-2.76480e-02,-0.004
-2.76400e-02,-0.002
-2.76320e-02,-0.002
-2.76240e-02,-0.006
-2.76160e-02,-0.002
-2.76080e-02,0
-2.76000e-02,-0.006
-2.75920e-02,-0.004
-2.75840e-02,-0.006
-2.75760e-02,0.002
-2.75680e-02,0
-2.75600e-02,-0.004
-2.75520e-02,-0.002
-2.75440e-02,0.002
-2.75360e-02,0
-2.75280e-02,-0.004
-2.75200e-02,-0.006
-2.75120e-02,-0.002
-2.75040e-02,0
-2.74960e-02,-0.002
-2.74880e-02,-0.004
-2.74800e-02,-0.006
-2.74720e-02,-0.004
-2.74640e-02,-0.002
-2.74560e-02,0
-2.74480e-02,-0.004
-2.74400e-02,0
-2.74320e-02,-0.006
-2.74240e-02,0
-2.74160e-02,-0.004
-2.74080e-02,0
-2.74000e-02,0.002
-2.73920e-02,-0.002
-2.73840e-02,-0.002
-2.73760e-02,0
-2.73680e-02,-0.004
-2.73600e-02,-0.008
-2.73520e-02,0
-2.73440e-02,-0.002
-2.73360e-02,0.002
-2.73280e-02,0
-2.73200e-02,-0.002
-2.73120e-02,-0.006
-2.73040e-02,-0.008
-2.72960e-02,-0.002
-2.72880e-02,0
-2.72800e-02,0
-2.72720e-02,0
-2.72640e-02,0.002
-2.72560e-02,0
-2.72480e-02,0
-2.72400e-02,-0.004
-2.72320e-02,-0.002
-2.72240e-02,0.002
-2.72160e-02,0.002
-2.72080e-02,0
-2.72000e-02,-0.004
-2.71920e-02,-0.004
-2.71840e-02,0.002
-2.71760e-02,0.002
-2.71680e-02,-0.004
-2.71600e-02,0
-2.71520e-02,-0.006
-2.71440e-02,0
-2.71360e-02,-0.002
-2.71280e-02,-0.002
-2.71200e-02,0
-2.71120e-02,-0.002
-2.71040e-02,-0.002
-2.70960e-02,0
-2.70880e-02,-0.002
-2.70800e-02,-0.004
-2.70720e-02,-0.004
-2.70640e-02,-0.002
-2.70560e-02,-0.002
-2.70480e-02,0
-2.70400e-02,-0.006
-2.70320e-02,0
-2.70240e-02,0
-2.70160e-02,0.002
-2.70080e-02,0
-2.70000e-02,-0.002
-2.69920e-02,0.002
-2.69840e-02,-0.006
-2.69760e-02,0.002
-2.69680e-02,-0.004
-2.69600e-02,-0.004
-2.69520e-02,0
-2.69440e-02,0
-2.69360e-02,-0.008
-2.69280e-02,-0.002
-2.69200e-02,-0.004
-2.69120e-02,0
-2.69040e-02,0
-2.68960e-02,0
-2.68880e-02,-0.006
-2.68800e-02,-0.006
-2.68720e-02,0
-2.68640e-02,-0.004
-2.68560e-02,-0.002
-2.68480e-02,-0.004
-2.68400e-02,0
-2.68320e-02,-0.006
-2.68240e-02,-0.002
-2.68160e-02,-0.006
-2.68080e-02,0
-2.68000e-02,-0.004
-2.67920e-02,0
-2.67840e-02,0.002
-2.67760e-02,0
-2.67680e-02,-0.008
-2.67600e-02,-0.004
-2.67520e-02,-0.002
-2.67440e-02,-0.004
-2.67360e-02,-0.002
-2.67280e-02,0
-2.67200e-02,-0.006
-2.67120e-02,0
-2.67040e-02,0
-2.66960e-02,-0.006
-2.66880e-02,-0.002
-2.66800e-02,-0.002
-2.66720e-02,0
-2.66640e-02,0.004
-2.66560e-02,-0.002
-2.66480e-02,-0.002
-2.66400e-02,-0.002
-2.66320e-02,0
-2.66240e-02,0
-2.66160e-02,0.002
-2.66080e-02,-0.004
-2.66000e-02,-0.006
-2.65920e-02,-0.008
-2.65840e-02,0
-2.65760e-02,0
-2.65680e-02,-0.002
-2.65600e-02,0
-2.65520e-02,0.002
-2.65440e-02,-0.002
-2.65360e-02,-0.006
-2.65280e-02,-0.006
-2.65200e-02,0
-2.65120e-02,0
-2.65040e-02,0.002
-2.64960e-02,0
-2.64880e-02,-0.004
-2.64800e-02,-0.004
-2.64720e-02,-0.002
-2.64640e-02,-0.004
-2.64560e-02,-0.006
-2.64480e-02,0.002
-2.64400e-02,0.002
-2.64320e-02,-0.002
-2.64240e-02,-0.004
-2.64160e-02,-0.01
-2.64080e-02,0
-2.64000e-02,-0.004
-2.63920e-02,0
-2.63840e-02,0.002
-2.63760e-02,-0.004
-2.63680e-02,0
-2.63600e-02,-0.002
-2.63520e-02,-0.004
-2.63440e-02,0
-2.63360e-02,-0.002
-2.63280e-02,0
-2.63200e-02,0.004
-2.63120e-02,-0.002
-2.63040e-02,-0.002
-2.62960e-02,-0.004
-2.62880e-02,0.004
-2.62800e-02,0
-2.62720e-02,-0.002
-2.62640e-02,-0.008
-2.62560e-02,-0.002
-2.62480e-02,-0.006
-2.62400e-02,0
-2.62320e-02,-0.004
-2.62240e-02,-0.004
-2.62160e-02,-0.002
-2.62080e-02,0
-2.62000e-02,-0.002
-2.61920e-02,-0.004
-2.61840e-02,-0.006
-2.61760e-02,-0.002
-2.61680e-02,-0.002
-2.61600e-02,0
-2.61520e-02,-0.002
-2.61440e-02,-0.006
-2.61360e-02,-0.008
-2.61280e-02,0
-2.61200e-02,-0.004
-2.61120e-02,-0.002
-2.61040e-02,-0.002
-2.60960e-02,-0.002
-2.60880e-02,-0.004
-2.60800e-02,-0.004
-2.60720e-02,-0.006
-2.60640e-02,0
-2.60560e-02,0.002
-2.60480e-02,-0.002
-2.60400e-02,-0.006
-2.60320e-02,-0.008
-2.60240e-02,-0.004
-2.60160e-02,0.002
-2.60080e-02,-0.006
-2.60000e-02,-0.002
-2.59920e-02,0
-2.59840e-02,-0.002
-2.59760e-02,-0.002
-2.59680e-02,0.004
-2.59600e-02,-0.004
-2.59520e-02,-0.004
-2.59440e-02,-0.002
-2.59360e-02,0
-2.59280e-02,0.004
-2.59200e-02,-0.004
-2.59120e-02,-0.002
-2.59040e-02,-0.002
-2.58960e-02,0
-2.58880e-02,-0.004
-2.58800e-02,-0.002
-2.58720e-02,-0.006
-2.58640e-02,-0.002
-2.58560e-02,-0.004
-2.58480e-02,-0.012
-2.58400e-02,-0.004
-2.58320e-02,0
-2.58240e-02,-0.004
-2.58160e-02,-0.002
-2.58080e-02,-0.008
-2.58000e-02,-0.002
-2.57920e-02,-0.002
-2.57840e-02,-0.002
-2.57760e-02,-0.002
-2.57680e-02,-0.006
-2.57600e-02,-0.006
-2.57520e-02,-0.002
-2.57440e-02,-0.002
-2.57360e-02,-0.008
-2.57280e-02,-0.006
-2.57200e-02,-0.006
-2.57120e-02,0.006
-2.57040e-02,0
-2.56960e-02,-0.004
-2.56880e-02,-0.004
-2.56800e-02,0
-2.56720e-02,0.002
-2.56640e-02,-0.004
-2.56560e-02,0
-2.56480e-02,-0.004
-2.56400e-02,-0.002
-2.56320e-02,0.002
-2.56240e-02,-0.006
-2.56160e-02,0
-2.56080e-02,-0.006
-2.56000e-02,0
-2.55920e-02,0
-2.55840e-02,-0.002
-2.55760e-02,-0.002
-2.55680e-02,-0.002
-2.55600e-02,-0.004
-2.55520e-02,0
-2.55440e-02,-0.004
-2.55360e-02,-0.006
-2.55280e-02,-0.002
-2.55200e-02,0
-2.55120e-02,0
-2.55040e-02,-0.006
-2.54960e-02,-0.002
-2.54880e-02,-0.008
-2.54800e-02,0.006
-2.54720e-02,-0.002
-2.54640e-02,-0.004
-2.54560e-02,-0.004
-2.54480e-02,0.002
-2.54400e-02,-0.002
-2.54320e-02,-0.002
-2.54240e-02,-0.002
-2.54160e-02,-0.004
-2.54080e-02,0
-2.54000e-02,0
-2.53920e-02,-0.002
-2.53840e-02,0
-2.53760e-02,-0.002
-2.53680e-02,-0.002
-2.53600e-02,0.002
-2.53520e-02,-0.006
-2.53440e-02,0
-2.53360e-02,-0.002
-2.53280e-02,-0.006
-2.53200e-02,0.004
-2.53120e-02,-0.004
-2.53040e-02,-0.002
-2.52960e-02,-0.002
-2.52880e-02,-0.004
-2.52800e-02,0
-2.52720e-02,-0.004
-2.52640e-02,-0.006
-2.52560e-02,-0.002
-2.52480e-02,-0.002
-2.52400e-02,0
-2.52320e-02,-0.002
-2.52240e-02,-0.004
-2.52160e-02,0.006
-2.52080e-02,-0.006
-2.52000e-02,-0.008
-2.51920e-02,0.002
-2.51840e-02,-0.002
-2.51760e-02,-0.004
-2.51680e-02,-0.006
-2.51600e-02,-0.004
-2.51520e-02,0
-2.51440e-02,-0.002
-2.51360e-02,-0.006
-2.51280e-02,-0.004
-2.51200e-02,-0.002
-2.51120e-02,-0.002
-2.51040e-02,-0.006
-2.50960e-02,0
-2.50880e-02,-0.002
-2.50800e-02,-0.002
-2.50720e-02,-0.004
-2.50640e-02,0
-2.50560e-02,0.002
-2.50480e-02,-0.01
-2.50400e-02,-0.002
-2.50320e-02,-0.004
-2.50240e-02,-0.004
-2.50160e-02,-0.002
-2.50080e-02,-0.006
-2.50000e-02,-0.002
-2.49920e-02,0
-2.49840e-02,-0.004
-2.49760e-02,-0.002
-2.49680e-02,-0.008
-2.49600e-02,0
-2.49520e-02,0
-2.49440e-02,0
-2.49360e-02,-0.006
-2.49280e-02,-0.002
-2.49200e-02,-0.01
-2.49120e-02,-0.002
-2.49040e-02,0
-2.48960e-02,0
-2.48880e-02,-0.006
-2.48800e-02,-0.008
-2.48720e-02,0.004
-2.48640e-02,0
-2.48560e-02,-0.008
-2.48480e-02,0
-2.48400e-02,0
-2.48320e-02,0.002
-2.48240e-02,-0.004
-2.48160e-02,0
-2.48080e-02,0
-2.48000e-02,-0.002
-2.47920e-02,-0.006
-2.47840e-02,-0.002
-2.47760e-02,-0.002
-2.47680e-02,-0.004
-2.47600e-02,-0.004
-2.47520e-02,0.002
-2.47440e-02,0
-2.47360e-02,-0.004
-2.47280e-02,-0.006
-2.47200e-02,0
-2.47120e-02,-0.002
-2.47040e-02,0
-2.46960e-02,-0.002
-2.46880e-02,-0.002
-2.46800e-02,-0.002
-2.46720e-02,0
-2.46640e-02,-0.004
-2.46560e-02,-0.004
-2.46480e-02,-0.002
-2.46400e-02,-0.004
-2.46320e-02,-0.004
-2.46240e-02,0
-2.46160e-02,-0.002
-2.46080e-02,-0.01
-2.46000e-02,0
-2.45920e-02,-0.002
-2.45840e-02,0
-2.45760e-02,-0.01
-2.45680e-02,-0.004
-2.45600e-02,-0.002
-2.45520e-02,0
-2.45440e-02,-0.006
-2.45360e-02,-0.002
-2.45280e-02,-0.004
-2.45200e-02,0.004
-2.45120e-02,0.002
-2.45040e-02,0.002
-2.44960e-02,-0.006
-2.44880e-02,-0.002
-2.44800e-02,0
-2.44720e-02,0
-2.44640e-02,-0.002
-2.44560e-02,-0.004
-2.44480e-02,-0.004
-2.44400e-02,-0.006
-2.44320e-02,0
-2.44240e-02,-0.004
-2.44160e-02,-0.008
-2.44080e-02,0
-2.44000e-02,-0.002
-2.43920e-02,-0.002
-2.43840e-02,-0.006
-2.43760e-02,-0.004
-2.43680e-02,0
-2.43600e-02,-0.002
-2.43520e-02,-0.004
-2.43440e-02,0.002
-2.43360e-02,-0.008
-2.43280e-02,-0.002
-2.43200e-02,0
-2.43120e-02,-0.002
-2.43040e-02,-0.002
-2.42960e-02,-0.006
-2.42880e-02,-0.002
-2.42800e-02,0.002
-2.42720e-02,-0.01
-2.42640e-02,-0.002
-2.42560e-02,-0.006
-2.42480e-02,-0.004
-2.42400e-02,-0.008
-2.42320e-02,-0.002
-2.42240e-02,-0.004
-2.42160e-02,-0.004
-2.42080e-02,0
-2.42000e-02,-0.004
-2.41920e-02,0
-2.41840e-02,-0.004
-2.41760e-02,0
-2.41680e-02,-0.002
-2.41600e-02,-0.002
-2.41520e-02,0
-2.41440e-02,-0.004
-2.41360e-02,-0.002
-2.41280e-02,-0.002
-2.41200e-02,-0.006
-2.41120e-02,-0.002
-2.41040e-02,-0.006
-2.40960e-02,0
-2.40880e-02,-0.002
-2.40800e-02,-0.002
-2.40720e-02,-0.004
-2.40640e-02,-0.004
-2.40560e-02,-0.004
-2.40480e-02,0
-2.40400e-02,0
-2.40320e-02,-0.006
-2.40240e-02,0
-2.40160e-02,-0.006
-2.40080e-02,0.004
-2.40000e-02,-0.006
-2.39920e-02,-0.002
-2.39840e-02,-0.002
-2.39760e-02,-0.004
-2.39680e-02,-0.002
-2.39600e-02,-0.002
-2.39520e-02,0.004
-2.39440e-02,-0.006
-2.39360e-02,-0.006
-2.39280e-02,0
-2.39200e-02,-0.004
-2.39120e-02,0.004
-2.39040e-02,-0.012
-2.38960e-02,0
-2.38880e-02,-0.002
-2.38800e-02,-0.004
-2.38720e-02,0
-2.38640e-02,0
-2.38560e-02,-0.006
-2.38480e-02,-0.002
-2.38400e-02,-0.002
-2.38320e-02,-0.006
-2.38240e-02,-0.004
-2.38160e-02,0.002
-2.38080e-02,-0.006
-2.38000e-02,0.002
-2.37920e-02,-0.002
-2.37840e-02,-0.004
-2.37760e-02,-0.002
-2.37680e-02,-0.002
-2.37600e-02,0.002
-2.37520e-02,-0.004
-2.37440e-02,-0.004
-2.37360e-02,-0.002
-2.37280e-02,0
-2.37200e-02,-0.002
-2.37120e-02,-0.002
-2.37040e-02,-0.002
-2.36960e-02,-0.002
-2.36880e-02,0.002
-2.36800e-02,-0.004
-2.36720e-02,-0.002
-2.36640e-02,-0.002
-2.36560e-02,-0.004
-2.36480e-02,-0.002
-2.36400e-02,-0.004
-2.36320e-02,-0.004
-2.36240e-02,-0.004
-2.36160e-02,-0.004
-2.36080e-02,0
-2.36000e-02,-0.002
-2.35920e-02,-0.006
-2.35840e-02,-0.004
-2.35760e-02,0.006
-2.35680e-02,-0.004
-2.35600e-02,0
-2.35520e-02,-0.006
-2.35440e-02,-0.002
-2.35360e-02,-0.002
-2.35280e-02,-0.004
-2.35200e-02,0
-2.35120e-02,-0.002
-2.35040e-02,-0.006
-2.34960e-02,-0.006
-2.34880e-02,-0.002
-2.34800e-02,-0.004
-2.34720e-02,-0.004
-2.34640e-02,-0.008
-2.34560e-02,-0.004
-2.34480e-02,0
-2.34400e-02,-0.004
-2.34320e-02,-0.002
-2.34240e-02,-0.006
-2.34160e-02,0
-2.34080e-02,-0.004
-2.34000e-02,-0.004
-2.33920e-02,0
-2.33840e-02,-0.004
-2.33760e-02,0.002
-2.33680e-02,-0.002
-2.33600e-02,-0.004
-2.33520e-02,-0.004
-2.33440e-02,-0.006
-2.33360e-02,0
-2.33280e-02,0
-2.33200e-02,0.002
-2.33120e-02,-0.002
-2.33040e-02,-0.004
-2.32960e-02,-0.002
-2.32880e-02,0
-2.32800e-02,-0.004
-2.32720e-02,-0.004
-2.32640e-02,0
-2.32560e-02,-0.004
-2.32480e-02,-0.002
-2.32400e-02,0
-2.32320e-02,-0.006
-2.32240e-02,-0.002
-2.32160e-02,0
-2.32080e-02,-0.006
-2.32000e-02,-0.004
-2.31920e-02,0
-2.31840e-02,-0.004
-2.31760e-02,-0.002
-2.31680e-02,-0.006
-2.31600e-02,-0.004
-2.31520e-02,-0.002
-2.31440e-02,-0.002
-2.31360e-02,0
-2.31280e-02,-0.006
-2.31200e-02,-0.006
-2.31120e-02,-0.002
-2.31040e-02,0
-2.30960e-02,0
-2.30880e-02,-0.006
-2.30800e-02,0.002
-2.30720e-02,-0.006
-2.30640e-02,0.002
-2.30560e-02,0.002
-2.30480e-02,-0.002
-2.30400e-02,-0.004
-2.30320e-02,0
-2.30240e-02,-0.002
-2.30160e-02,-0.002
-2.30080e-02,-0.008
-2.30000e-02,-0.006
-2.29920e-02,-0.002
-2.29840e-02,0
-2.29760e-02,0
-2.29680e-02,-0.006
-2.29600e-02,-0.002
-2.29520e-02,-0.004
-2.29440e-02,-0.002
-2.29360e-02,-0.002
-2.29280e-02,-0.006
-2.29200e-02,-0.002
-2.29120e-02,-0.002
-2.29040e-02,0
-2.28960e-02,0
-2.28880e-02,-0.004
-2.28800e-02,-0.006
-2.28720e-02,0
-2.28640e-02,0.002
-2.28560e-02,0
-2.28480e-02,-0.002
-2.28400e-02,-0.006
-2.28320e-02,0
-2.28240e-02,-0.004
-2.28160e-02,-0.004
-2.28080e-02,-0.004
-2.28000e-02,-0.002
-2.27920e-02,-0.008
-2.27840e-02,0
-2.27760e-02,0
-2.27680e-02,-0.004
-2.27600e-02,-0.004
-2.27520e-02,-0.002
-2.27440e-02,-0.002
-2.27360e-02,-0.002
-2.27280e-02,-0.002
-2.27200e-02,-0.004
-2.27120e-02,-0.004
-2.27040e-02,-0.002
-2.26960e-02,-0.004
-2.26880e-02,-0.006
-2.26800e-02,0
-2.26720e-02,-0.006
-2.26640e-02,-0.004
-2.26560e-02,-0.004
-2.26480e-02,-0.002
-2.26400e-02,-0.006
-2.26320e-02,-0.006
-2.26240e-02,-0.002
-2.26160e-02,-0.006
-2.26080e-02,-0.002
-2.26000e-02,-0.006
-2.25920e-02,-0.002
-2.25840e-02,-0.006
-2.25760e-02,-0.006
-2.25680e-02,-0.006
-2.25600e-02,0.004
-2.25520e-02,-0.002
-2.25440e-02,0.002
-2.25360e-02,-0.004
-2.25280e-02,0
-2.25200e-02,-0.002
-2.25120e-02,0.002
-2.25040e-02,-0.004
-2.24960e-02,-0.002
-2.24880e-02,-0.002
-2.24800e-02,0.004
-2.24720e-02,-0.006
-2.24640e-02,-0.004
-2.24560e-02,-0.004
-2.24480e-02,-0.006
-2.24400e-02,-0.002
-2.24320e-02,-0.006
-2.24240e-02,0
-2.24160e-02,-0.006
-2.24080e-02,-0.002
-2.24000e-02,-0.004
-2.23920e-02,-0.004
-2.23840e-02,-0.002
-2.23760e-02,-0.004
-2.23680e-02,-0.004
-2.23600e-02,-0.002
-2.23520e-02,-0.002
-2.23440e-02,-0.004
-2.23360e-02,-0.004
-2.23280e-02,-0.002
-2.23200e-02,0
-2.23120e-02,-0.002
-2.23040e-02,-0.004
-2.22960e-02,-0.008
-2.22880e-02,0
-2.22800e-02,-0.004
-2.22720e-02,-0.004
-2.22640e-02,-0.002
-2.22560e-02,-0.002
-2.22480e-02,-0.002
-2.22400e-02,0
-2.22320e-02,0.002
-2.22240e-02,-0.002
-2.22160e-02,-0.008
-2.22080e-02,-0.004
-2.22000e-02,0
-2.21920e-02,-0.002
-2.21840e-02,-0.002
-2.21760e-02,-0.004
-2.21680e-02,0.002
-2.21600e-02,-0.006
-2.21520e-02,-0.004
-2.21440e-02,-0.002
-2.21360e-02,0.002
-2.21280e-02,-0.002
-2.21200e-02,-0.004
-2.21120e-02,-0.01
-2.21040e-02,-0.002
-2.20960e-02,-0.002
-2.20880e-02,0.002
-2.20800e-02,-0.006
-2.20720e-02,-0.006
-2.20640e-02,-0.006
-2.20560e-02,0
-2.20480e-02,-0.002
-2.20400e-02,-0.002
-2.20320e-02,-0.004
-2.20240e-02,-0.004
-2.20160e-02,-0.004
-2.20080e-02,0
-2.20000e-02,0
-2.19920e-02,-0.004
-2.19840e-02,-0.002
-2.19760e-02,-0.002
-2.19680e-02,0
-2.19600e-02,-0.002
-2.19520e-02,-0.002
-2.19440e-02,-0.002
-2.19360e-02,0.004
-2.19280e-02,-0.006
-2.19200e-02,0
-2.19120e-02,-0.008
-2.19040e-02,-0.004
-2.18960e-02,-0.002
-2.18880e-02,-0.002
-2.18800e-02,-0.002
-2.18720e-02,-0.002
-2.18640e-02,-0.008
-2.18560e-02,-0.002
-2.18480e-02,-0.002
-2.18400e-02,-0.004
-2.18320e-02,-0.002
-2.18240e-02,-0.004
-2.18160e-02,-0.004
-2.18080e-02,0
-2.18000e-02,-0.002
-2.17920e-02,0
-2.17840e-02,-0.004
-2.17760e-02,-0.002
-2.17680e-02,0.002
-2.17600e-02,-0.002
-2.17520e-02,-0.008
-2.17440e-02,-0.002
-2.17360e-02,0
-2.17280e-02,-0.004
-2.17200e-02,-0.004
-2.17120e-02,0
-2.17040e-02,0
-2.16960e-02,-0.006
-2.16880e-02,-0.002
-2.16800e-02,-0.002
-2.16720e-02,-0.004
-2.16640e-02,-0.006
-2.16560e-02,0
-2.16480e-02,-0.006
-2.16400e-02,-0.006
-2.16320e-02,-0.004
-2.16240e-02,-0.004
-2.16160e-02,0
-2.16080e-02,0
-2.16000e-02,0
-2.15920e-02,0
-2.15840e-02,-0.002
-2.15760e-02,0
-2.15680e-02,-0.002
-2.15600e-02,0
-2.15520e-02,-0.004
-2.15440e-02,-0.002
-2.15360e-02,0
-2.15280e-02,0.004
-2.15200e-02,-0.004
-2.15120e-02,-0.004
-2.15040e-02,-0.006
-2.14960e-02,-0.002
-2.14880e-02,-0.006
-2.14800e-02,-0.004
-2.14720e-02,-0.002
-2.14640e-02,-0.002
-2.14560e-02,-0.006
-2.14480e-02,-0.004
-2.14400e-02,0
-2.14320e-02,-0.004
-2.14240e-02,-0.004
-2.14160e-02,-0.004
-2.14080e-02,-0.004
-2.14000e-02,0
-2.13920e-02,-0.002
-2.13840e-02,-0.004
-2.13760e-02,0
-2.13680e-02,-0.006
-2.13600e-02,-0.006
-2.13520e-02,-0.006
-2.13440e-02,-0.002
-2.13360e-02,0.002
-2.13280e-02,-0.002
-2.13200e-02,-0.004
-2.13120e-02,-0.002
-2.13040e-02,-0.002
-2.12960e-02,-0.002
-2.12880e-02,0
-2.12800e-02,-0.004
-2.12720e-02,-0.002
-2.12640e-02,-0.004
-2.12560e-02,0
-2.12480e-02,-0.004
-2.12400e-02,-0.004
-2.12320e-02,-0.002
-2.12240e-02,-0.006
-2.12160e-02,-0.002
-2.12080e-02,0.002
-2.12000e-02,0
-2.11920e-02,-0.006
-2.11840e-02,-0.004
-2.11760e-02,-0.004
-2.11680e-02,0.002
-2.11600e-02,-0.004
-2.11520e-02,-0.008
-2.11440e-02,0
-2.11360e-02,0.002
-2.11280e-02,0.004
-2.11200e-02,0
-2.11120e-02,-0.006
-2.11040e-02,-0.004
-2.10960e-02,-0.004
-2.10880e-02,-0.002
-2.10800e-02,-0.002
-2.10720e-02,-0.004
-2.10640e-02,-0.004
-2.10560e-02,0.004
-2.10480e-02,-0.006
-2.10400e-02,-0.002
-2.10320e-02,-0.004
-2.10240e-02,-0.002
-2.10160e-02,-0.004
-2.10080e-02,0
-2.10000e-02,-0.004
-2.09920e-02,-0.004
-2.09840e-02,-0.002
-2.09760e-02,-0.004
-2.09680e-02,-0.002
-2.09600e-02,-0.002
-2.09520e-02,-0.002
-2.09440e-02,0
-2.09360e-02,0
-2.09280e-02,-0.004
-2.09200e-02,-0.002
-2.09120e-02,-0.004
-2.09040e-02,-0.002
-2.08960e-02,-0.002
-2.08880e-02,-0.002
-2.08800e-02,-0.002
-2.08720e-02,0
-2.08640e-02,-0.006
-2.08560e-02,-0.004
-2.08480e-02,-0.004
-2.08400e-02,-0.002
-2.08320e-02,-0.004
-2.08240e-02,0
-2.08160e-02,-0.004
-2.08080e-02,-0.002
-2.08000e-02,-0.006
-2.07920e-02,0
-2.07840e-02,-0.004
-2.07760e-02,-0.002
-2.07680e-02,0
-2.07600e-02,-0.004
-2.07520e-02,0
-2.07440e-02,-0.002
-2.07360e-02,-0.006
-2.07280e-02,-0.006
-2.07200e-02,0
-2.07120e-02,-0.002
-2.07040e-02,0
-2.06960e-02,-0.008
-2.06880e-02,-0.008
-2.06800e-02,-0.002
-2.06720e-02,-0.002
-2.06640e-02,-0.004
-2.06560e-02,0
-2.06480e-02,-0.002
-2.06400e-02,-0.004
-2.06320e-02,-0.006
-2.06240e-02,0
-2.06160e-02,-0.004
-2.06080e-02,0
-2.06000e-02,-0.002
-2.05920e-02,-0.006
-2.05840e-02,-0.004
-2.05760e-02,0
-2.05680e-02,-0.002
-2.05600e-02,-0.002
-2.05520e-02,-0.002
-2.05440e-02,0
-2.05360e-02,-0.006
-2.05280e-02,-0.002
-2.05200e-02,-0.004
-2.05120e-02,-0.004
-2.05040e-02,-0.002
-2.04960e-02,-0.002
-2.04880e-02,-0.002
-2.04800e-02,-0.002
-2.04720e-02,-0.002
-2.04640e-02,-0.002
-2.04560e-02,0
-2.04480e-02,0
-2.04400e-02,-0.002
-2.04320e-02,-0.004
-2.04240e-02,-0.004
-2.04160e-02,-0.006
-2.04080e-02,-0.002
-2.04000e-02,-0.002
-2.03920e-02,0
-2.03840e-02,-0.002
-2.03760e-02,-0.004
-2.03680e-02,-0.004
-2.03600e-02,-0.002
-2.03520e-02,-0.004
-2.03440e-02,-0.002
-2.03360e-02,-0.002
-2.03280e-02,-0.004
-2.03200e-02,0.002
-2.03120e-02,-0.006
-2.03040e-02,0
-2.02960e-02,0
-2.02880e-02,-0.002
-2.02800e-02,0
-2.02720e-02,-0.006
-2.02640e-02,-0.004
-2.02560e-02,-0.006
-2.02480e-02,-0.002
-2.02400e-02,0.004
-2.02320e-02,0
-2.02240e-02,0
-2.02160e-02,0
-2.02080e-02,-0.002
-2.02000e-02,-0.002
-2.01920e-02,0
-2.01840e-02,0
-2.01760e-02,-0.002
-2.01680e-02,0.004
-2.01600e-02,-0.002
-2.01520e-02,-0.006
-2.01440e-02,0
-2.01360e-02,-0.002
-2.01280e-02,0
-2.01200e-02,0.002
-2.01120e-02,-0.006
-2.01040e-02,-0.004
-2.00960e-02,0
-2.00880e-02,-0.004
-2.00800e-02,0.004
-2.00720e-02,-0.004
-2.00640e-02,-0.004
-2.00560e-02,-0.004
-2.00480e-02,0
-2.00400e-02,-0.004
-2.00320e-02,0.006
-2.00240e-02,-0.002
-2.00160e-02,0.006
-2.00080e-02,-0.002
-2.00000e-02,-0.006
-1.99920e-02,-0.008
-1.99840e-02,-0.004
-1.99760e-02,-0.004
-1.99680e-02,-0.002
-1.99600e-02,-0.004
-1.99520e-02,-0.008
-1.99440e-02,-0.004
-1.99360e-02,-0.006
-1.99280e-02,-0.002
-1.99200e-02,0
-1.99120e-02,0
-1.99040e-02,0
-1.98960e-02,-0.008
-1.98880e-02,-0.008
-1.98800e-02,0
-1.98720e-02,-0.004
-1.98640e-02,0.002
-1.98560e-02,0
-1.98480e-02,-0.002
-1.98400e-02,-0.002
-1.98320e-02,-0.002
-1.98240e-02,-0.004
-1.98160e-02,0
-1.98080e-02,-0.004
-1.98000e-02,-0.006
-1.97920e-02,-0.006
-1.97840e-02,-0.002
-1.97760e-02,0
-1.97680e-02,0
-1.97600e-02,-0.004
-1.97520e-02,0
-1.97440e-02,0
-1.97360e-02,-0.002
-1.97280e-02,-0.006
-1.97200e-02,-0.006
-1.97120e-02,0
-1.97040e-02,0
-1.96960e-02,-0.008
-1.96880e-02,0
-1.96800e-02,-0.002
-1.96720e-02,-0.006
-1.96640e-02,0.002
-1.96560e-02,-0.008
-1.96480e-02,-0.002
-1.96400e-02,0
-1.96320e-02,0
-1.96240e-02,-0.002
-1.96160e-02,-0.006
-1.96080e-02,0
-1.96000e-02,-0.004
-1.95920e-02,0
-1.95840e-02,-0.002
-1.95760e-02,-0.006
-1.95680e-02,-0.004
-1.95600e-02,-0.002
-1.95520e-02,0
-1.95440e-02,-0.004
-1.95360e-02,-0.004
-1.95280e-02,0
-1.95200e-02,0
-1.95120e-02,-0.004
-1.95040e-02,-0.002
-1.94960e-02,-0.002
-1.94880e-02,-0.004
-1.94800e-02,0
-1.94720e-02,-0.002
-1.94640e-02,0
-1.94560e-02,-0.004
-1.94480e-02,-0.004
-1.94400e-02,-0.002
-1.94320e-02,0
-1.94240e-02,-0.006
-1.94160e-02,-0.008
-1.94080e-02,0
-1.94000e-02,0.002
-1.93920e-02,-0.006
-1.93840e-02,-0.006
-1.93760e-02,-0.004
-1.93680e-02,0.002
-1.93600e-02,-0.004
-1.93520e-02,-0.01
-1.93440e-02,-0.004
-1.93360e-02,-0.008
-1.93280e-02,-0.004
-1.93200e-02,0
-1.93120e-02,-0.004
-1.93040e-02,-0.006
-1.92960e-02,-0.002
-1.92880e-02,0
-1.92800e-02,-0.008
-1.92720e-02,0
-1.92640e-02,0
-1.92560e-02,-0.004
-1.92480e-02,0
-1.92400e-02,0
-1.92320e-02,-0.004
-1.92240e-02,-0.004
-1.92160e-02,0.002
-1.92080e-02,-0.002
-1.92000e-02,0
-1.91920e-02,-0.004
-1.91840e-02,-0.002
-1.91760e-02,-0.004
-1.91680e-02,-0.002
-1.91600e-02,-0.008
-1.91520e-02,-0.006
-1.91440e-02,0.004
-1.91360e-02,0.004
-1.91280e-02,-0.004
-1.91200e-02,-0.008
-1.91120e-02,0.002
-1.91040e-02,0
-1.90960e-02,0
-1.90880e-02,-0.002
-1.90800e-02,-0.006
-1.90720e-02,-0.004
-1.90640e-02,0
-1.90560e-02,0.004
-1.90480e-02,-0.002
-1.90400e-02,-0.002
-1.90320e-02,-0.006
-1.90240e-02,0
-1.90160e-02,-0.004
-1.90080e-02,-0.004
-1.90000e-02,-0.006
-1.89920e-02,-0.004
-1.89840e-02,0
-1.89760e-02,0
-1.89680e-02,-0.006
-1.89600e-02,-0.002
-1.89520e-02,0.004
-1.89440e-02,-0.002
-1.89360e-02,0
-1.89280e-02,-0.004
-1.89200e-02,-0.004
-1.89120e-02,-0.002
-1.89040e-02,0.004
-1.88960e-02,0
-1.88880e-02,-0.002
-1.88800e-02,-0.002
-1.88720e-02,-0.004
-1.88640e-02,0
-1.88560e-02,-0.006
-1.88480e-02,-0.004
-1.88400e-02,-0.004
-1.88320e-02,0
-1.88240e-02,0
-1.88160e-02,-0.004
-1.88080e-02,-0.004
-1.88000e-02,0
-1.87920e-02,-0.002
-1.87840e-02,-0.002
-1.87760e-02,-0.006
-1.87680e-02,-0.006
-1.87600e-02,-0.004
-1.87520e-02,-0.002
-1.87440e-02,-0.002
-1.87360e-02,-0.004
-1.87280e-02,0
-1.87200e-02,-0.002
-1.87120e-02,-0.002
-1.87040e-02,0.002
-1.86960e-02,-0.006
-1.86880e-02,-0.004
-1.86800e-02,-0.002
-1.86720e-02,-0.002
-1.86640e-02,0.004
-1.86560e-02,-0.006
-1.86480e-02,0
-1.86400e-02,-0.004
-1.86320e-02,0
-1.86240e-02,0
-1.86160e-02,-0.006
-1.86080e-02,-0.002
-1.86000e-02,0.002
-1.85920e-02,0
-1.85840e-02,-0.002
-1.85760e-02,-0.006
-1.85680e-02,-0.006
-1.85600e-02,-0.002
-1.85520e-02,0
-1.85440e-02,0.002
-1.85360e-02,-0.006
-1.85280e-02,-0.004
-1.85200e-02,0.002
-1.85120e-02,0
-1.85040e-02,-0.004
-1.84960e-02,-0.004
-1.84880e-02,0.002
-1.84800e-02,-0.002
-1.84720e-02,-0.002
-1.84640e-02,-0.004
-1.84560e-02,0
-1.84480e-02,0
-1.84400e-02,-0.002
-1.84320e-02,0.004
-1.84240e-02,-0.002
-1.84160e-02,-0.002
-1.84080e-02,-0.004
-1.84000e-02,0.006
-1.83920e-02,-0.002
-1.83840e-02,-0.006
-1.83760e-02,-0.006
-1.83680e-02,-0.006
-1.83600e-02,-0.002
-1.83520e-02,0
-1.83440e-02,-0.004
-1.83360e-02,-0.002
-1.83280e-02,-0.002
-1.83200e-02,0.002
-1.83120e-02,-0.004
-1.83040e-02,-0.002
-1.82960e-02,-0.004
-1.82880e-02,0
-1.82800e-02,-0.004
-1.82720e-02,0.002
-1.82640e-02,-0.004
-1.82560e-02,-0.006
-1.82480e-02,0
-1.82400e-02,0.002
-1.82320e-02,-0.006
-1.82240e-02,-0.004
-1.82160e-02,0
-1.82080e-02,-0.002
-1.82000e-02,-0.004
-1.81920e-02,-0.004
-1.81840e-02,0
-1.81760e-02,-0.008
-1.81680e-02,-0.002
-1.81600e-02,-0.002
-1.81520e-02,-0.004
-1.81440e-02,-0.002
-1.81360e-02,-0.004
-1.81280e-02,0.002
-1.81200e-02,0.002
-1.81120e-02,-0.008
-1.81040e-02,-0.004
-1.80960e-02,0
-1.80880e-02,-0.006
-1.80800e-02,0
-1.80720e-02,0.002
-1.80640e-02,-0.006
-1.80560e-02,-0.002
-1.80480e-02,-0.008
-1.80400e-02,-0.004
-1.80320e-02,-0.002
-1.80240e-02,-0.004
-1.80160e-02,-0.004
-1.80080e-02,0
-1.80000e-02,0
-1.79920e-02,-0.008
-1.79840e-02,0
-1.79760e-02,-0.002
-1.79680e-02,-0.004
-1.79600e-02,-0.004
-1.79520e-02,0
-1.79440e-02,-0.006
-1.79360e-02,0
-1.79280e-02,-0.004
-1.79200e-02,0.004
-1.79120e-02,-0.002
-1.79040e-02,0
-1.78960e-02,-0.004
-1.78880e-02,0
-1.78800e-02,-0.002
-1.78720e-02,0.002
-1.78640e-02,-0.004
-1.78560e-02,-0.004
-1.78480e-02,-0.002
-1.78400e-02,-0.008
-1.78320e-02,0
-1.78240e-02,-0.002
-1.78160e-02,-0.004
-1.78080e-02,-0.002
-1.78000e-02,0.002
-1.77920e-02,0.002
-1.77840e-02,-0.006
-1.77760e-02,-0.002
-1.77680e-02,0.002
-1.77600e-02,-0.006
-1.77520e-02,0
-1.77440e-02,-0.002
-1.77360e-02,-0.002
-1.77280e-02,0
-1.77200e-02,-0.004
-1.77120e-02,0.002
-1.77040e-02,-0.002
-1.76960e-02,-0.002
-1.76880e-02,0.002
-1.76800e-02,0.002
-1.76720e-02,-0.002
-1.76640e-02,-0.004
-1.76560e-02,-0.002
-1.76480e-02,-0.002
-1.76400e-02,0
-1.76320e-02,-0.002
-1.76240e-02,0.004
-1.76160e-02,-0.002
-1.76080e-02,-0.006
-1.76000e-02,-0.002
-1.75920e-02,-0.002
-1.75840e-02,-0.002
-1.75760e-02,0.002
-1.75680e-02,-0.004
-1.75600e-02,0.002
-1.75520e-02,0
-1.75440e-02,-0.004
-1.75360e-02,-0.006
-1.75280e-02,-0.002
-1.75200e-02,0
-1.75120e-02,0
-1.75040e-02,-0.004
-1.74960e-02,0.002
-1.74880e-02,-0.002
-1.74800e-02,0.002
-1.74720e-02,-0.002
-1.74640e-02,-0.002
-1.74560e-02,-0.002
-1.74480e-02,-0.004
-1.74400e-02,-0.004
-1.74320e-02,-0.002
-1.74240e-02,-0.006
-1.74160e-02,0.004
-1.74080e-02,-0.002
-1.74000e-02,-0.006
-1.73920e-02,-0.006
-1.73840e-02,0
-1.73760e-02,-0.002
-1.73680e-02,0
-1.73600e-02,-0.002
-1.73520e-02,-0.004
-1.73440e-02,-0.002
-1.73360e-02,0.002
-1.73280e-02,-0.004
-1.73200e-02,-0.002
-1.73120e-02,-0.002
-1.73040e-02,-0.002
-1.72960e-02,-0.002
-1.72880e-02,0.002
-1.72800e-02,-0.004
-1.72720e-02,-0.002
-1.72640e-02,0
-1.72560e-02,-0.004
-1.72480e-02,0.002
-1.72400e-02,0
-1.72320e-02,-0.004
-1.72240e-02,-0.004
-1.72160e-02,0
-1.72080e-02,0
-1.72000e-02,0
-1.71920e-02,-0.002
-1.71840e-02,-0.006
-1.71760e-02,-0.002
-1.71680e-02,0
-1.71600e-02,-0.002
-1.71520e-02,-0.002
-1.71440e-02,-0.006
-1.71360e-02,0.004
-1.71280e-02,-0.002
-1.71200e-02,-0.004
-1.71120e-02,0
-1.71040e-02,-0.002
-1.70960e-02,-0.006
-1.70880e-02,-0.002
-1.70800e-02,0
-1.70720e-02,-0.002
-1.70640e-02,0.004
-1.70560e-02,0.002
-1.70480e-02,-0.002
-1.70400e-02,-0.002
-1.70320e-02,-0.002
-1.70240e-02,-0.002
-1.70160e-02,0
-1.70080e-02,-0.002
-1.70000e-02,-0.002
-1.69920e-02,-0.002
-1.69840e-02,0
-1.69760e-02,-0.004
-1.69680e-02,-0.002
-1.69600e-02,-0.002
-1.69520e-02,0.004
-1.69440e-02,0.002
-1.69360e-02,0
-1.69280e-02,0
-1.69200e-02,-0.002
-1.69120e-02,-0.004
-1.69040e-02,0.002
-1.68960e-02,0
-1.68880e-02,0.002
-1.68800e-02,-0.004
-1.68720e-02,-0.002
-1.68640e-02,-0.002
-1.68560e-02,0
-1.68480e-02,-0.004
-1.68400e-02,-0.012
-1.68320e-02,-0.002
-1.68240e-02,-0.002
-1.68160e-02,0.002
-1.68080e-02,-0.004
-1.68000e-02,-0.006
-1.67920e-02,0.002
-1.67840e-02,0.002
-1.67760e-02,0
-1.67680e-02,-0.002
-1.67600e-02,-0.002
-1.67520e-02,-0.002
-1.67440e-02,0
-1.67360e-02,-0.006
-1.67280e-02,0.002
-1.67200e-02,-0.002
-1.67120e-02,-0.002
-1.67040e-02,0.002
-1.66960e-02,-0.004
-1.66880e-02,-0.006
-1.66800e-02,0.004
-1.66720e-02,-0.002
-1.66640e-02,0.002
-1.66560e-02,-0.004
-1.66480e-02,-0.004
-1.66400e-02,0
-1.66320e-02,0.002
-1.66240e-02,-0.002
-1.66160e-02,0
-1.66080e-02,0.002
-1.66000e-02,-0.002
-1.65920e-02,-0.002
-1.65840e-02,0.002
-1.65760e-02,-0.006
-1.65680e-02,0
-1.65600e-02,-0.004
-1.65520e-02,-0.002
-1.65440e-02,0.008
-1.65360e-02,-0.002
-1.65280e-02,0
-1.65200e-02,-0.002
-1.65120e-02,0.002
-1.65040e-02,-0.004
-1.64960e-02,0.004
-1.64880e-02,0
-1.64800e-02,0.002
-1.64720e-02,0
-1.64640e-02,0
-1.64560e-02,-0.002
-1.64480e-02,-0.004
-1.64400e-02,0
-1.64320e-02,0.002
-1.64240e-02,-0.004
-1.64160e-02,-0.002
-1.64080e-02,-0.004
-1.64000e-02,-0.006
-1.63920e-02,-0.002
-1.63840e-02,0
-1.63760e-02,0.002
-1.63680e-02,-0.004
-1.63600e-02,0.002
-1.63520e-02,0
-1.63440e-02,0
-1.63360e-02,-0.004
-1.63280e-02,0.002
-1.63200e-02,-0.004
-1.63120e-02,0
-1.63040e-02,0
-1.62960e-02,-0.004
-1.62880e-02,-0.004
-1.62800e-02,-0.002
-1.62720e-02,0
-1.62640e-02,-0.002
-1.62560e-02,0.004
-1.62480e-02,-0.002
-1.62400e-02,-0.004
-1.62320e-02,0
-1.62240e-02,-0.006
-1.62160e-02,0
-1.62080e-02,-0.002
-1.62000e-02,-0.002
-1.61920e-02,0
-1.61840e-02,-0.004
-1.61760e-02,0.002
-1.61680e-02,-0.002
-1.61600e-02,-0.002
-1.61520e-02,0.002
-1.61440e-02,-0.006
-1.61360e-02,-0.002
-1.61280e-02,-0.002
-1.61200e-02,-0.002
-1.61120e-02,0
-1.61040e-02,0.004
-1.60960e-02,0.002
-1.60880e-02,-0.002
-1.60800e-02,-0.002
-1.60720e-02,-0.002
-1.60640e-02,0
-1.60560e-02,0
-1.60480e-02,0.002
-1.60400e-02,0.002
-1.60320e-02,0
-1.60240e-02,-0.004
-1.60160e-02,0.002
-1.60080e-02,0.004
-1.60000e-02,-0.004
-1.59920e-02,0
-1.59840e-02,-0.002
-1.59760e-02,-0.002
-1.59680e-02,0.002
-1.59600e-02,0
-1.59520e-02,-0.002
-1.59440e-02,-0.004
-1.59360e-02,0.002
-1.59280e-02,0
-1.59200e-02,0
-1.59120e-02,-0.002
-1.59040e-02,0
-1.58960e-02,0.004
-1.58880e-02,0
-1.58800e-02,0
-1.58720e-02,-0.004
-1.58640e-02,0.002
-1.58560e-02,0
-1.58480e-02,0.002
-1.58400e-02,-0.002
-1.58320e-02,-0.008
-1.58240e-02,-0.004
-1.58160e-02,-0.002
-1.58080e-02,0
-1.58000e-02,-0.004
-1.57920e-02,0
-1.57840e-02,0.006
-1.57760e-02,-0.002
-1.57680e-02,0
-1.57600e-02,0
-1.57520e-02,-0.002
-1.57440e-02,0.002
-1.57360e-02,0
-1.57280e-02,0
-1.57200e-02,-0.004
-1.57120e-02,0.006
-1.57040e-02,-0.002
-1.56960e-02,-0.002
-1.56880e-02,0
-1.56800e-02,-0.002
-1.56720e-02,0
-1.56640e-02,-0.004
-1.56560e-02,-0.004
-1.56480e-02,-0.004
-1.56400e-02,-0.004
-1.56320e-02,-0.004
-1.56240e-02,0.002
-1.56160e-02,-0.002
-1.56080e-02,0
-1.56000e-02,0.002
-1.55920e-02,-0.004
-1.55840e-02,0.002
-1.55760e-02,-0.002
-1.55680e-02,0
-1.55600e-02,-0.006
-1.55520e-02,-0.002
-1.55440e-02,0.004
-1.55360e-02,0
-1.55280e-02,0
-1.55200e-02,0.002
-1.55120e-02,-0.004
-1.55040e-02,0
-1.54960e-02,-0.002
-1.54880e-02,0
-1.54800e-02,-0.004
-1.54720e-02,0.002
-1.54640e-02,-0.002
-1.54560e-02,-0.002
-1.54480e-02,0
-1.54400e-02,0
-1.54320e-02,0.004
-1.54240e-02,0.002
-1.54160e-02,-0.002
-1.54080e-02,-0.002
-1.54000e-02,-0.002
-1.53920e-02,-0.006
-1.53840e-02,-0.002
-1.53760e-02,0.002
-1.53680e-02,0
-1.53600e-02,0
-1.53520e-02,-0.002
-1.53440e-02,-0.002
-1.53360e-02,0.002
-1.53280e-02,-0.006
-1.53200e-02,-0.004
-1.53120e-02,-0.002
-1.53040e-02,-0.002
-1.52960e-02,0
-1.52880e-02,-0.004
-1.52800e-02,-0.002
-1.52720e-02,-0.002
-1.52640e-02,0.002
-1.52560e-02,0.002
-1.52480e-02,-0.006
-1.52400e-02,0
-1.52320e-02,0
-1.52240e-02,-0.002
-1.52160e-02,0.002
-1.52080e-02,-0.002
-1.52000e-02,-0.006
-1.51920e-02,0
-1.51840e-02,-0.002
-1.51760e-02,-0.006
-1.51680e-02,0
-1.51600e-02,-0.004
-1.51520e-02,0.002
-1.51440e-02,0.002
-1.51360e-02,0
-1.51280e-02,0
-1.51200e-02,-0.004
-1.51120e-02,0
-1.51040e-02,-0.002
-1.50960e-02,0.004
-1.50880e-02,0.002
-1.50800e-02,0
-1.50720e-02,-0.002
-1.50640e-02,-0.002
-1.50560e-02,-0.004
-1.50480e-02,-0.002
-1.50400e-02,-0.002
-1.50320e-02,0
-1.50240e-02,0.002
-1.50160e-02,0.002
-1.50080e-02,0.002
-1.50000e-02,0
-1.49920e-02,-0.002
-1.49840e-02,0.002
-1.49760e-02,0.004
-1.49680e-02,0
-1.49600e-02,-0.002
-1.49520e-02,-0.002
-1.49440e-02,-0.002
-1.49360e-02,0
-1.49280e-02,-0.002
-1.49200e-02,0
-1.49120e-02,-0.002
-1.49040e-02,-0.004
-1.48960e-02,0.004
-1.48880e-02,-0.006
-1.48800e-02,-0.002
-1.48720e-02,-0.002
-1.48640e-02,0.002
-1.48560e-02,0
-1.48480e-02,-0.002
-1.48400e-02,0.004
-1.48320e-02,0.004
-1.48240e-02,0
-1.48160e-02,-0.004
-1.48080e-02,-0.004
-1.48000e-02,-0.004
-1.47920e-02,-0.002
-1.47840e-02,0.002
-1.47760e-02,0
-1.47680e-02,-0.004
-1.47600e-02,0
-1.47520e-02,0
-1.47440e-02,0.002
-1.47360e-02,-0.002
-1.47280e-02,0.002
-1.47200e-02,0
-1.47120e-02,0
-1.47040e-02,0
-1.46960e-02,0
-1.46880e-02,0.002
-1.46800e-02,-0.002
-1.46720e-02,-0.004
-1.46640e-02,0.004
-1.46560e-02,-0.004
-1.46480e-02,-0.004
-1.46400e-02,0
-1.46320e-02,0.004
-1.46240e-02,0
-1.46160e-02,-0.004
-1.46080e-02,-0.006
-1.46000e-02,0
-1.45920e-02,0
-1.45840e-02,0
-1.45760e-02,-0.008
-1.45680e-02,-0.004
-1.45600e-02,0.002
-1.45520e-02,0.002
-1.45440e-02,-0.004
-1.45360e-02,-0.002
-1.45280e-02,0
-1.45200e-02,0
-1.45120e-02,0.004
-1.45040e-02,0.002
-1.44960e-02,-0.002
-1.44880e-02,-0.004
-1.44800e-02,0.006
-1.44720e-02,0.002
-1.44640e-02,0.002
-1.44560e-02,-0.002
-1.44480e-02,-0.004
-1.44400e-02,0
-1.44320e-02,0
-1.44240e-02,0.002
-1.44160e-02,0
-1.44080e-02,0
-1.44000e-02,-0.008
-1.43920e-02,0.002
-1.43840e-02,0.002
-1.43760e-02,-0.004
-1.43680e-02,0
-1.43600e-02,-0.004
-1.43520e-02,0
-1.43440e-02,-0.002
-1.43360e-02,-0.006
-1.43280e-02,-0.002
-1.43200e-02,0.002
-1.43120e-02,0.002
-1.43040e-02,0
-1.42960e-02,0
-1.42880e-02,-0.002
-1.42800e-02,0.002
-1.42720e-02,0.004
-1.42640e-02,-0.004
-1.42560e-02,-0.004
-1.42480e-02,-0.002
-1.42400e-02,-0.006
-1.42320e-02,0.002
-1.42240e-02,-0.002
-1.42160e-02,-0.002
-1.42080e-02,-0.002
-1.42000e-02,0.002
-1.41920e-02,0
-1.41840e-02,-0.002
-1.41760e-02,-0.004
-1.41680e-02,0.002
-1.41600e-02,-0.002
-1.41520e-02,-0.002
-1.41440e-02,-0.004
-1.41360e-02,0
-1.41280e-02,-0.002
-1.41200e-02,0
-1.41120e-02,0.002
-1.41040e-02,-0.002
-1.40960e-02,0
-1.40880e-02,0.002
-1.40800e-02,-0.004
-1.40720e-02,0
-1.40640e-02,-0.006
-1.40560e-02,0.002
-1.40480e-02,0.004
-1.40400e-02,-0.006
-1.40320e-02,-0.002
-1.40240e-02,-0.002
-1.40160e-02,-0.002
-1.40080e-02,0
-1.40000e-02,0
-1.39920e-02,-0.002
-1.39840e-02,0
-1.39760e-02,-0.004
-1.39680e-02,-0.002
-1.39600e-02,-0.004
-1.39520e-02,0.004
-1.39440e-02,-0.006
-1.39360e-02,0.002
-1.39280e-02,-0.002
-1.39200e-02,-0.002
-1.39120e-02,0.004
-1.39040e-02,-0.006
-1.38960e-02,0.004
-1.38880e-02,0
-1.38800e-02,-0.002
-1.38720e-02,0.004
-1.38640e-02,-0.004
-1.38560e-02,-0.004
-1.38480e-02,0.006
-1.38400e-02,-0.006
-1.38320e-02,0
-1.38240e-02,0.006
-1.38160e-02,-0.004
-1.38080e-02,-0.002
-1.38000e-02,0.002
-1.37920e-02,0
-1.37840e-02,-0.004
-1.37760e-02,0
-1.37680e-02,0
-1.37600e-02,0
-1.37520e-02,-0.002
-1.37440e-02,-0.002
-1.37360e-02,0.002
-1.37280e-02,-0.002
-1.37200e-02,-0.004
-1.37120e-02,-0.002
-1.37040e-02,0.006
-1.36960e-02,-0.002
-1.36880e-02,0.002
-1.36800e-02,0
-1.36720e-02,0
-1.36640e-02,0.004
-1.36560e-02,0.002
-1.36480e-02,-0.002
-1.36400e-02,0
-1.36320e-02,-0.004
-1.36240e-02,0
-1.36160e-02,-0.002
-1.36080e-02,-0.002
-1.36000e-02,-0.006
-1.35920e-02,-0.002
-1.35840e-02,-0.004
-1.35760e-02,-0.002
-1.35680e-02,0.002
-1.35600e-02,-0.004
-1.35520e-02,0
-1.35440e-02,0.004
-1.35360e-02,0
-1.35280e-02,-0.002
-1.35200e-02,0
-1.35120e-02,-0.006
-1.35040e-02,0.004
-1.34960e-02,-0.002
-1.34880e-02,-0.002
-1.34800e-02,0
-1.34720e-02,0
-1.34640e-02,-0.004
-1.34560e-02,-0.002
-1.34480e-02,0
-1.34400e-02,0.004
-1.34320e-02,0.004
-1.34240e-02,-0.002
-1.34160e-02,-0.008
-1.34080e-02,0.004
-1.34000e-02,0
-1.33920e-02,0.004
-1.33840e-02,-0.002
-1.33760e-02,0
-1.33680e-02,0.002
-1.33600e-02,0.006
-1.33520e-02,-0.004
-1.33440e-02,0
-1.33360e-02,-0.002
-1.33280e-02,-0.004
-1.33200e-02,0.004
-1.33120e-02,-0.006
-1.33040e-02,0
-1.32960e-02,0.002
-1.32880e-02,0
-1.32800e-02,0
-1.32720e-02,-0.004
-1.32640e-02,-0.004
-1.32560e-02,0
-1.32480e-02,0.002
-1.32400e-02,-0.002
-1.32320e-02,-0.002
-1.32240e-02,-0.002
-1.32160e-02,-0.002
-1.32080e-02,0.004
-1.32000e-02,0.002
-1.31920e-02,-0.004
-1.31840e-02,0.002
-1.31760e-02,0
-1.31680e-02,0.002
-1.31600e-02,0
-1.31520e-02,-0.004
-1.31440e-02,-0.002
-1.31360e-02,0
-1.31280e-02,0.002
-1.31200e-02,-0.002
-1.31120e-02,-0.006
-1.31040e-02,0.004
-1.30960e-02,0.004
-1.30880e-02,-0.002
-1.30800e-02,-0.002
-1.30720e-02,-0.002
-1.30640e-02,0.004
-1.30560e-02,0.004
-1.30480e-02,-0.006
-1.30400e-02,-0.004
-1.30320e-02,0.004
-1.30240e-02,0
-1.30160e-02,0
-1.30080e-02,-0.002
-1.30000e-02,0
-1.29920e-02,0.002
-1.29840e-02,-0.002
-1.29760e-02,0.002
-1.29680e-02,0.002
-1.29600e-02,-0.004
-1.29520e-02,0.002
-1.29440e-02,0.004
-1.29360e-02,0
-1.29280e-02,0
-1.29200e-02,0
-1.29120e-02,0.004
-1.29040e-02,-0.002
-1.28960e-02,0
-1.28880e-02,0
-1.28800e-02,-0.006
-1.28720e-02,0.002
-1.28640e-02,0
-1.28560e-02,-0.006
-1.28480e-02,0.004
-1.28400e-02,0
-1.28320e-02,0
-1.28240e-02,0.004
-1.28160e-02,0
-1.28080e-02,-0.002
-1.28000e-02,0.004
-1.27920e-02,0.002
-1.27840e-02,0
-1.27760e-02,-0.002
-1.27680e-02,-0.004
-1.27600e-02,0.002
-1.27520e-02,0.002
-1.27440e-02,0.002
-1.27360e-02,-0.004
-1.27280e-02,-0.002
-1.27200e-02,0
-1.27120e-02,-0.004
-1.27040e-02,0
-1.26960e-02,-0.004
-1.26880e-02,0.004
-1.26800e-02,0.004
-1.26720e-02,-0.002
-1.26640e-02,0
-1.26560e-02,-0.006
-1.26480e-02,-0.002
-1.26400e-02,0.006
-1.26320e-02,-0.004
-1.26240e-02,0
-1.26160e-02,-0.01
-1.26080e-02,0
-1.26000e-02,0.004
-1.25920e-02,-0.002
-1.25840e-02,-0.002
-1.25760e-02,-0.004
-1.25680e-02,0
-1.25600e-02,0.002
-1.25520e-02,-0.004
-1.25440e-02,0.006
-1.25360e-02,-0.006
-1.25280e-02,0
-1.25200e-02,0
-1.25120e-02,0
-1.25040e-02,-0.002
-1.24960e-02,-0.004
-1.24880e-02,0
-1.24800e-02,0.006
-1.24720e-02,-0.002
-1.24640e-02,-0.002
-1.24560e-02,0
-1.24480e-02,-0.006
-1.24400e-02,0.004
-1.24320e-02,-0.002
-1.24240e-02,0.002
-1.24160e-02,-0.002
-1.24080e-02,0
-1.24000e-02,0.004
-1.23920e-02,0.002
-1.23840e-02,-0.004
-1.23760e-02,0.002
-1.23680e-02,-0.002
-1.23600e-02,0.004
-1.23520e-02,-0.004
-1.23440e-02,-0.002
-1.23360e-02,0.002
-1.23280e-02,0
-1.23200e-02,0
-1.23120e-02,0.002
-1.23040e-02,0
-1.22960e-02,0.004
-1.22880e-02,-0.002
-1.22800e-02,0.002
-1.22720e-02,0
-1.22640e-02,-0.004
-1.22560e-02,0.002
-1.22480e-02,-0.002
-1.22400e-02,-0.004
-1.22320e-02,-0.002
-1.22240e-02,0.002
-1.22160e-02,0
-1.22080e-02,0
-1.22000e-02,-0.002
-1.21920e-02,-0.002
-1.21840e-02,-0.002
-1.21760e-02,0.004
-1.21680e-02,0
-1.21600e-02,-0.002
-1.21520e-02,-0.002
-1.21440e-02,-0.002
-1.21360e-02,0.004
-1.21280e-02,0.004
-1.21200e-02,0
-1.21120e-02,0.004
-1.21040e-02,-0.004
-1.20960e-02,-0.004
-1.20880e-02,0.002
-1.20800e-02,0.006
-1.20720e-02,-0.004
-1.20640e-02,-0.002
-1.20560e-02,-0.004
-1.20480e-02,0.002
-1.20400e-02,0.004
-1.20320e-02,0
-1.20240e-02,-0.002
-1.20160e-02,0
-1.20080e-02,-0.006
-1.20000e-02,0
-1.19920e-02,-0.002
-1.19840e-02,0
-1.19760e-02,-0.002
-1.19680e-02,-0.002
-1.19600e-02,0.002
-1.19520e-02,-0.004
-1.19440e-02,0
-1.19360e-02,0.002
-1.19280e-02,-0.002
-1.19200e-02,-0.004
-1.19120e-02,-0.002
-1.19040e-02,-0.004
-1.18960e-02,0.002
-1.18880e-02,-0.002
-1.18800e-02,0.004
-1.18720e-02,-0.004
-1.18640e-02,0
-1.18560e-02,0
-1.18480e-02,0.002
-1.18400e-02,0
-1.18320e-02,0
-1.18240e-02,-0.004
-1.18160e-02,-0.002
-1.18080e-02,0
-1.18000e-02,0
-1.17920e-02,0
-1.17840e-02,0
-1.17760e-02,0
-1.17680e-02,0
-1.17600e-02,0
-1.17520e-02,-0.002
-1.17440e-02,0
-1.17360e-02,0
-1.17280e-02,0.008
-1.17200e-02,-0.004
-1.17120e-02,0.002
-1.17040e-02,-0.006
-1.16960e-02,0
-1.16880e-02,-0.002
-1.16800e-02,0
-1.16720e-02,0.004
-1.16640e-02,-0.002
-1.16560e-02,-0.006
-1.16480e-02,0
-1.16400e-02,-0.004
-1.16320e-02,0.002
-1.16240e-02,-0.004
-1.16160e-02,-0.002
-1.16080e-02,0
-1.16000e-02,0
-1.15920e-02,-0.002
-1.15840e-02,0.004
-1.15760e-02,0
-1.15680e-02,0
-1.15600e-02,0
-1.15520e-02,0.002
-1.15440e-02,-0.004
-1.15360e-02,0
-1.15280e-02,-0.004
-1.15200e-02,-0.006
-1.15120e-02,0.002
-1.15040e-02,-0.002
-1.14960e-02,-0.002
-1.14880e-02,0.002
-1.14800e-02,-0.002
-1.14720e-02,0.002
-1.14640e-02,-0.004
-1.14560e-02,-0.002
-1.14480e-02,0.002
-1.14400e-02,-0.004
-1.14320e-02,-0.006
-1.14240e-02,0.004
-1.14160e-02,0
-1.14080e-02,0
-1.14000e-02,0
-1.13920e-02,-0.004
-1.13840e-02,0
-1.13760e-02,0.002
-1.13680e-02,0
-1.13600e-02,-0.004
-1.13520e-02,-0.002
-1.13440e-02,-0.002
-1.13360e-02,-0.002
-1.13280e-02,0.004
-1.13200e-02,-0.004
-1.13120e-02,0
-1.13040e-02,-0.006
-1.12960e-02,0.006
-1.12880e-02,-0.004
-1.12800e-02,0
-1.12720e-02,0
-1.12640e-02,-0.002
-1.12560e-02,0.004
-1.12480e-02,-0.006
-1.12400e-02,-0.004
-1.12320e-02,-0.006
-1.12240e-02,-0.002
-1.12160e-02,0.002
-1.12080e-02,0
-1.12000e-02,0.002
-1.11920e-02,-0.006
-1.11840e-02,-0.006
-1.11760e-02,0
-1.11680e-02,-0.002
-1.11600e-02,-0.002
-1.11520e-02,-0.004
-1.11440e-02,-0.004
-1.11360e-02,0.002
-1.11280e-02,0.002
-1.11200e-02,-0.004
-1.11120e-02,-0.002
-1.11040e-02,0.004
-1.10960e-02,0.002
-1.10880e-02,-0.004
-1.10800e-02,-0.002
-1.10720e-02,0.002
-1.10640e-02,-0.004
-1.10560e-02,-0.002
-1.10480e-02,0.002
-1.10400e-02,-0.008
-1.10320e-02,0
-1.10240e-02,0.002
-1.10160e-02,-0.002
-1.10080e-02,-0.002
-1.10000e-02,-0.002
-1.09920e-02,0
-1.09840e-02,-0.004
-1.09760e-02,0.002
-1.09680e-02,-0.002
-1.09600e-02,0
-1.09520e-02,0.002
-1.09440e-02,0.002
-1.09360e-02,0
-1.09280e-02,-0.002
-1.09200e-02,-0.004
-1.09120e-02,0
-1.09040e-02,0.002
-1.08960e-02,0.002
-1.08880e-02,-0.004
-1.08800e-02,-0.006
-1.08720e-02,0.002
-1.08640e-02,-0.004
-1.08560e-02,0.006
-1.08480e-02,0
-1.08400e-02,-0.002
-1.08320e-02,-0.002
-1.08240e-02,-0.002
-1.08160e-02,-0.002
-1.08080e-02,-0.008
-1.08000e-02,0.002
-1.07920e-02,-0.006
-1.07840e-02,0
-1.07760e-02,-0.004
-1.07680e-02,0.002
-1.07600e-02,-0.004
-1.07520e-02,0
-1.07440e-02,0.004
-1.07360e-02,-0.002
-1.07280e-02,0
-1.07200e-02,-0.002
-1.07120e-02,0.002
-1.07040e-02,-0.002
-1.06960e-02,-0.004
-1.06880e-02,-0.004
-1.06800e-02,-0.002
-1.06720e-02,0
-1.06640e-02,-0.004
-1.06560e-02,-0.004
-1.06480e-02,0
-1.06400e-02,-0.008
-1.06320e-02,0.002
-1.06240e-02,0
-1.06160e-02,0
-1.06080e-02,0
-1.06000e-02,-0.004
-1.05920e-02,0.004
-1.05840e-02,-0.002
-1.05760e-02,0.002
-1.05680e-02,-0.002
-1.05600e-02,-0.002
-1.05520e-02,0.002
-1.05440e-02,0
-1.05360e-02,-0.004
-1.05280e-02,0
-1.05200e-02,-0.006
-1.05120e-02,0.002
-1.05040e-02,0.002
-1.04960e-02,0.002
-1.04880e-02,-0.006
-1.04800e-02,0.002
-1.04720e-02,0
-1.04640e-02,0.002
-1.04560e-02,-0.002
-1.04480e-02,-0.004
-1.04400e-02,0
-1.04320e-02,-0.002
-1.04240e-02,0.002
-1.04160e-02,-0.002
-1.04080e-02,0
-1.04000e-02,0
-1.03920e-02,-0.002
-1.03840e-02,-0.002
-1.03760e-02,-0.002
-1.03680e-02,-0.002
-1.03600e-02,-0.002
-1.03520e-02,0
-1.03440e-02,0.006
-1.03360e-02,-0.006
-1.03280e-02,-0.002
-1.03200e-02,0
-1.03120e-02,-0.004
-1.03040e-02,0.002
-1.02960e-02,-0.002
-1.02880e-02,-0.002
-1.02800e-02,-0.004
-1.02720e-02,0
-1.02640e-02,0
-1.02560e-02,0.002
-1.02480e-02,-0.006
-1.02400e-02,-0.002
-1.02320e-02,0.004
-1.02240e-02,-0.006
-1.02160e-02,-0.004
-1.02080e-02,0.004
-1.02000e-02,-0.006
-1.01920e-02,0
-1.01840e-02,0.002
-1.01760e-02,-0.006
-1.01680e-02,0
-1.01600e-02,-0.002
-1.01520e-02,0
-1.01440e-02,0
-1.01360e-02,-0.006
-1.01280e-02,-0.004
-1.01200e-02,-0.006
-1.01120e-02,-0.002
-1.01040e-02,-0.004
-1.00960e-02,-0.006
-1.00880e-02,-0.002
-1.00800e-02,0
-1.00720e-02,-0.004
-1.00640e-02,-0.002
-1.00560e-02,0
-1.00480e-02,0
-1.00400e-02,0
-1.00320e-02,-0.002
-1.00240e-02,0.004
-1.00160e-02,-0.006
-1.00080e-02,-0.002
-1.00000e-02,0.002
-9.99200e-03,0
-9.98400e-03,0
-9.97600e-03,0.002
-9.96800e-03,0
-9.96000e-03,0.004
-9.95200e-03,-0.004
-9.94400e-03,-0.006
-9.93600e-03,-0.004
-9.92800e-03,0
-9.92000e-03,-0.002
-9.91200e-03,0
-9.90400e-03,-0.002
-9.89600e-03,0.002
-9.88800e-03,-0.002
-9.88000e-03,0
-9.87200e-03,-0.004
-9.86400e-03,-0.006
-9.85600e-03,-0.004
-9.84800e-03,-0.006
-9.84000e-03,0
-9.83200e-03,-0.004
-9.82400e-03,-0.002
-9.81600e-03,-0.002
-9.80800e-03,0.002
-9.80000e-03,-0.002
-9.79200e-03,0.002
-9.78400e-03,-0.002
-9.77600e-03,0
-9.76800e-03,-0.002
-9.76000e-03,0.002
-9.75200e-03,-0.002
-9.74400e-03,0.002
-9.73600e-03,0.004
-9.72800e-03,0.002
-9.72000e-03,0.002
-9.71200e-03,-0.004
-9.70400e-03,-0.004
-9.69600e-03,-0.002
-9.68800e-03,0.002
-9.68000e-03,0.002
-9.67200e-03,-0.004
-9.66400e-03,-0.002
-9.65600e-03,-0.002
-9.64800e-03,-0.006
-9.64000e-03,0
-9.63200e-03,0
-9.62400e-03,0
-9.61600e-03,-0.004
-9.60800e-03,0
-9.60000e-03,0
-9.59200e-03,-0.004
-9.58400e-03,-0.002
-9.57600e-03,0.002
-9.56800e-03,-0.006
-9.56000e-03,0.002
-9.55200e-03,-0.002
-9.54400e-03,-0.002
-9.53600e-03,0
-9.52800e-03,-0.002
-9.52000e-03,0.002
-9.51200e-03,-0.002
-9.50400e-03,-0.002
-9.49600e-03,-0.002
-9.48800e-03,-0.004
-9.48000e-03,0.002
-9.47200e-03,-0.002
-9.46400e-03,0.002
-9.45600e-03,-0.008
-9.44800e-03,0
-9.44000e-03,0.002
-9.43200e-03,-0.002
-9.42400e-03,0
-9.41600e-03,-0.002
-9.40800e-03,0
-9.40000e-03,-0.002
-9.39200e-03,-0.002
-9.38400e-03,-0.004
-9.37600e-03,0.004
-9.36800e-03,-0.004
-9.36000e-03,0
-9.35200e-03,0
-9.34400e-03,-0.002
-9.33600e-03,0.002
-9.32800e-03,-0.006
-9.32000e-03,-0.006
-9.31200e-03,0.002
-9.30400e-03,0.004
-9.29600e-03,-0.002
-9.28800e-03,0.002
-9.28000e-03,-0.002
-9.27200e-03,-0.002
-9.26400e-03,-0.004
-9.25600e-03,-0.004
-9.24800e-03,0
-9.24000e-03,-0.004
-9.23200e-03,0
-9.22400e-03,0.002
-9.21600e-03,0.002
-9.20800e-03,-0.002
-9.20000e-03,-0.004
-9.19200e-03,-0.002
-9.18400e-03,0.004
-9.17600e-03,-0.004
-9.16800e-03,0
-9.16000e-03,-0.004
-9.15200e-03,-0.002
-9.14400e-03,-0.004
-9.13600e-03,0
-9.12800e-03,-0.004
-9.12000e-03,-0.004
-9.11200e-03,-0.002
-9.10400e-03,0
-9.09600e-03,-0.006
-9.08800e-03,-0.002
-9.08000e-03,-0.004
-9.07200e-03,-0.004
-9.06400e-03,0
-9.05600e-03,-0.002
-9.04800e-03,-0.006
-9.04000e-03,0.006
-9.03200e-03,-0.002
-9.02400e-03,0.002
-9.01600e-03,0.004
-9.00800e-03,-0.006
-9.00000e-03,0.002
-8.99200e-03,-0.006
-8.98400e-03,0
-8.97600e-03,-0.002
-8.96800e-03,-0.006
-8.96000e-03,-0.002
-8.95200e-03,0
-8.94400e-03,0
-8.93600e-03,-0.002
-8.92800e-03,-0.004
-8.92000e-03,-0.004
-8.91200e-03,0
-8.90400e-03,0
-8.89600e-03,-0.006
-8.88800e-03,-0.002
-8.88000e-03,0.002
-8.87200e-03,0
-8.86400e-03,-0.002
-8.85600e-03,-0.002
-8.84800e-03,-0.006
-8.84000e-03,0
-8.83200e-03,0
-8.82400e-03,0
-8.81600e-03,-0.004
-8.80800e-03,-0.002
-8.80000e-03,-0.002
-8.79200e-03,-0.002
-8.78400e-03,-0.002
-8.77600e-03,-0.002
-8.76800e-03,-0.002
-8.76000e-03,-0.002
-8.75200e-03,0.002
-8.74400e-03,-0.002
-8.73600e-03,-0.008
-8.72800e-03,-0.006
-8.72000e-03,0
-8.71200e-03,-0.004
-8.70400e-03,0
-8.69600e-03,0
-8.68800e-03,-0.002
-8.68000e-03,0.004
-8.67200e-03,0.004
-8.66400e-03,-0.002
-8.65600e-03,-0.004
-8.64800e-03,0
-8.64000e-03,0
-8.63200e-03,0
-8.62400e-03,-0.004
-8.61600e-03,-0.002
-8.60800e-03,-0.002
-8.60000e-03,-0.006
-8.59200e-03,0
-8.58400e-03,-0.004
-8.57600e-03,-0.008
-8.56800e-03,0
-8.56000e-03,0
-8.55200e-03,0.002
-8.54400e-03,-0.004
-8.53600e-03,-0.002
-8.52800e-03,0.004
-8.52000e-03,0
-8.51200e-03,0
-8.50400e-03,-0.002
-8.49600e-03,0.002
-8.48800e-03,-0.002
-8.48000e-03,-0.002
-8.47200e-03,-0.004
-8.46400e-03,-0.002
-8.45600e-03,-0.004
-8.44800e-03,-0.004
-8.44000e-03,0.004
-8.43200e-03,0.002
-8.42400e-03,0
-8.41600e-03,-0.002
-8.40800e-03,0.002
-8.40000e-03,0
-8.39200e-03,-0.004
-8.38400e-03,-0.002
-8.37600e-03,0.002
-8.36800e-03,0.002
-8.36000e-03,-0.002
-8.35200e-03,0.004
-8.34400e-03,0
-8.33600e-03,-0.004
-8.32800e-03,0.002
-8.32000e-03,-0.002
-8.31200e-03,-0.002
-8.30400e-03,-0.006
-8.29600e-03,-0.006
-8.28800e-03,0
-8.28000e-03,0.002
-8.27200e-03,-0.002
-8.26400e-03,0.002
-8.25600e-03,-0.006
-8.24800e-03,0
-8.24000e-03,0.002
-8.23200e-03,-0.002
-8.22400e-03,-0.004
-8.21600e-03,-0.004
-8.20800e-03,-0.004
-8.20000e-03,-0.006
-8.19200e-03,-0.002
-8.18400e-03,-0.002
-8.17600e-03,0.002
-8.16800e-03,-0.002
-8.16000e-03,-0.004
-8.15200e-03,-0.004
-8.14400e-03,-0.002
-8.13600e-03,-0.002
-8.12800e-03,0
-8.12000e-03,-0.006
-8.11200e-03,0.002
-8.10400e-03,-0.002
-8.09600e-03,-0.002
-8.08800e-03,0.004
-8.08000e-03,-0.002
-8.07200e-03,-0.006
-8.06400e-03,0
-8.05600e-03,0
-8.04800e-03,-0.004
-8.04000e-03,-0.002
-8.03200e-03,-0.004
-8.02400e-03,-0.002
-8.01600e-03,0.004
-8.00800e-03,-0.004
-8.00000e-03,-0.004
-7.99200e-03,-0.004
-7.98400e-03,-0.002
-7.97600e-03,-0.002
-7.96800e-03,0.002
-7.96000e-03,-0.006
-7.95200e-03,-0.002
-7.94400e-03,-0.002
-7.93600e-03,0
-7.92800e-03,0.002
-7.92000e-03,-0.004
-7.91200e-03,-0.004
-7.90400e-03,0.002
-7.89600e-03,-0.002
-7.88800e-03,0
-7.88000e-03,-0.002
-7.87200e-03,0
-7.86400e-03,-0.002
-7.85600e-03,0.002
-7.84800e-03,-0.004
-7.84000e-03,-0.004
-7.83200e-03,-0.006
-7.82400e-03,-0.002
-7.81600e-03,0
-7.80800e-03,-0.004
-7.80000e-03,-0.004
-7.79200e-03,0
-7.78400e-03,-0.006
-7.77600e-03,0.004
-7.76800e-03,-0.002
-7.76000e-03,-0.008
-7.75200e-03,0
-7.74400e-03,-0.002
-7.73600e-03,0.002
-7.72800e-03,0.002
-7.72000e-03,-0.002
-7.71200e-03,-0.002
-7.70400e-03,0.004
-7.69600e-03,-0.002
-7.68800e-03,-0.006
-7.68000e-03,0.002
-7.67200e-03,0.004
-7.66400e-03,-0.006
-7.65600e-03,0.002
-7.64800e-03,0.002
-7.64000e-03,-0.006
-7.63200e-03,-0.002
-7.62400e-03,0.004
-7.61600e-03,-0.002
-7.60800e-03,-0.002
-7.60000e-03,-0.006
-7.59200e-03,-0.004
-7.58400e-03,0
-7.57600e-03,0
-7.56800e-03,0
-7.56000e-03,0.002
-7.55200e-03,0.002
-7.54400e-03,0.002
-7.53600e-03,0.002
-7.52800e-03,0
-7.52000e-03,-0.002
-7.51200e-03,0
-7.50400e-03,-0.002
-7.49600e-03,-0.006
-7.48800e-03,-0.006
-7.48000e-03,0
-7.47200e-03,0.002
-7.46400e-03,0
-7.45600e-03,-0.002
-7.44800e-03,0
-7.44000e-03,-0.002
-7.43200e-03,0
-7.42400e-03,0.002
-7.41600e-03,-0.002
-7.40800e-03,-0.004
-7.40000e-03,-0.004
-7.39200e-03,0.002
-7.38400e-03,0.002
-7.37600e-03,0
-7.36800e-03,-0.004
-7.36000e-03,-0.004
-7.35200e-03,0.002
-7.34400e-03,0
-7.33600e-03,-0.008
-7.32800e-03,-0.006
-7.32000e-03,-0.002
-7.31200e-03,-0.002
-7.30400e-03,-0.006
-7.29600e-03,-0.008
-7.28800e-03,-0.002
-7.28000e-03,0.002
-7.27200e-03,-0.006
-7.26400e-03,-0.004
-7.25600e-03,-0.002
-7.24800e-03,-0.004
-7.24000e-03,0.002
-7.23200e-03,-0.002
-7.22400e-03,-0.002
-7.21600e-03,-0.004
-7.20800e-03,-0.004
-7.20000e-03,0
-7.19200e-03,-0.004
-7.18400e-03,-0.004
-7.17600e-03,-0.002
-7.16800e-03,-0.004
-7.16000e-03,0.002
-7.15200e-03,-0.006
-7.14400e-03,-0.002
-7.13600e-03,-0.006
-7.12800e-03,0
-7.12000e-03,0.002
-7.11200e-03,-0.002
-7.10400e-03,-0.004
-7.09600e-03,-0.002
-7.08800e-03,-0.004
-7.08000e-03,-0.002
-7.07200e-03,0.004
-7.06400e-03,0
-7.05600e-03,0.002
-7.04800e-03,0.002
-7.04000e-03,-0.002
-7.03200e-03,-0.006
-7.02400e-03,-0.004
-7.01600e-03,0
-7.00800e-03,-0.002
-7.00000e-03,-0.006
-6.99200e-03,-0.004
-6.98400e-03,0
-6.97600e-03,0
-6.96800e-03,-0.002
-6.96000e-03,-0.004
-6.95200e-03,0
-6.94400e-03,-0.002
-6.93600e-03,-0.004
-6.92800e-03,0.004
-6.92000e-03,-0.002
-6.91200e-03,-0.004
-6.90400e-03,0
-6.89600e-03,0
-6.88800e-03,0.002
-6.88000e-03,0
-6.87200e-03,-0.008
-6.86400e-03,-0.004
-6.85600e-03,0
-6.84800e-03,0
-6.84000e-03,0
-6.83200e-03,-0.006
-6.82400e-03,-0.002
-6.81600e-03,-0.004
-6.80800e-03,-0.006
-6.80000e-03,0
-6.79200e-03,-0.004
-6.78400e-03,0.002
-6.77600e-03,0.004
-6.76800e-03,-0.004
-6.76000e-03,-0.004
-6.75200e-03,0
-6.74400e-03,0.002
-6.73600e-03,0.002
-6.72800e-03,-0.004
-6.72000e-03,-0.004
-6.71200e-03,-0.006
-6.70400e-03,0.004
-6.69600e-03,-0.002
-6.68800e-03,0
-6.68000e-03,-0.002
-6.67200e-03,-0.002
-6.66400e-03,-0.004
-6.65600e-03,0.004
-6.64800e-03,0
-6.64000e-03,-0.006
-6.63200e-03,-0.002
-6.62400e-03,-0.006
-6.61600e-03,0.002
-6.60800e-03,0
-6.60000e-03,-0.004
-6.59200e-03,0
-6.58400e-03,0.002
-6.57600e-03,0.002
-6.56800e-03,-0.002
-6.56000e-03,-0.004
-6.55200e-03,-0.002
-6.54400e-03,-0.002
-6.53600e-03,-0.004
-6.52800e-03,-0.004
-6.52000e-03,-0.008
-6.51200e-03,-0.006
-6.50400e-03,0.004
-6.49600e-03,0.002
-6.48800e-03,-0.008
-6.48000e-03,-0.004
-6.47200e-03,0.002
-6.46400e-03,-0.004
-6.45600e-03,0
-6.44800e-03,0
-6.44000e-03,-0.004
-6.43200e-03,0
-6.42400e-03,0.002
-6.41600e-03,-0.008
-6.40800e-03,-0.002
-6.40000e-03,-0.004
-6.39200e-03,-0.006
-6.38400e-03,0.002
-6.37600e-03,0
-6.36800e-03,-0.008
-6.36000e-03,-0.004
-6.35200e-03,0
-6.34400e-03,-0.004
-6.33600e-03,-0.002
-6.32800e-03,-0.004
-6.32000e-03,0
-6.31200e-03,-0.004
-6.30400e-03,0.002
-6.29600e-03,-0.004
-6.28800e-03,-0.004
-6.28000e-03,0
-6.27200e-03,-0.002
-6.26400e-03,-0.002
-6.25600e-03,0
-6.24800e-03,-0.002
-6.24000e-03,-0.002
-6.23200e-03,0.002
-6.22400e-03,0
-6.21600e-03,0
-6.20800e-03,0
-6.20000e-03,-0.006
-6.19200e-03,0
-6.18400e-03,0.002
-6.17600e-03,0
-6.16800e-03,-0.004
-6.16000e-03,-0.006
-6.15200e-03,0
-6.14400e-03,-0.002
-6.13600e-03,0
-6.12800e-03,-0.008
-6.12000e-03,0
-6.11200e-03,-0.002
-6.10400e-03,-0.004
-6.09600e-03,-0.002
-6.08800e-03,-0.006
-6.08000e-03,-0.006
-6.07200e-03,-0.004
-6.06400e-03,0.002
-6.05600e-03,0.002
-6.04800e-03,-0.006
-6.04000e-03,-0.002
-6.03200e-03,-0.002
-6.02400e-03,0.004
-6.01600e-03,0.004
-6.00800e-03,0
-6.00000e-03,0
-5.99200e-03,-0.002
-5.98400e-03,-0.006
-5.97600e-03,-0.004
-5.96800e-03,-0.006
-5.96000e-03,-0.002
-5.95200e-03,-0.002
-5.94400e-03,-0.002
-5.93600e-03,-0.002
-5.92800e-03,-0.006
-5.92000e-03,0.004
-5.91200e-03,0
-5.90400e-03,-0.002
-5.89600e-03,-0.006
-5.88800e-03,0
-5.88000e-03,0
-5.87200e-03,0.004
-5.86400e-03,-0.002
-5.85600e-03,-0.008
-5.84800e-03,-0.004
-5.84000e-03,0
-5.83200e-03,-0.006
-5.82400e-03,-0.002
-5.81600e-03,-0.002
-5.80800e-03,0
-5.80000e-03,-0.006
-5.79200e-03,-0.006
-5.78400e-03,0
-5.77600e-03,0.002
-5.76800e-03,-0.008
-5.76000e-03,0.002
-5.75200e-03,0
-5.74400e-03,-0.006
-5.73600e-03,0
-5.72800e-03,-0.004
-5.72000e-03,-0.004
-5.71200e-03,-0.002
-5.70400e-03,0
-5.69600e-03,-0.006
-5.68800e-03,-0.002
-5.68000e-03,-0.002
-5.67200e-03,0
-5.66400e-03,0
-5.65600e-03,-0.008
-5.64800e-03,0
-5.64000e-03,-0.004
-5.63200e-03,-0.006
-5.62400e-03,-0.002
-5.61600e-03,-0.006
-5.60800e-03,-0.002
-5.60000e-03,0
-5.59200e-03,-0.004
-5.58400e-03,-0.008
-5.57600e-03,-0.004
-5.56800e-03,-0.004
-5.56000e-03,-0.002
-5.55200e-03,0.002
-5.54400e-03,-0.006
-5.53600e-03,-0.006
-5.52800e-03,0
-5.52000e-03,0.002
-5.51200e-03,-0.008
-5.50400e-03,0
-5.49600e-03,-0.006
-5.48800e-03,-0.004
-5.48000e-03,0
-5.47200e-03,-0.004
-5.46400e-03,-0.006
-5.45600e-03,-0.004
-5.44800e-03,0
-5.44000e-03,0
-5.43200e-03,-0.004
-5.42400e-03,-0.004
-5.41600e-03,-0.002
-5.40800e-03,-0.006
-5.40000e-03,0.004
-5.39200e-03,-0.004
-5.38400e-03,-0.004
-5.37600e-03,0
-5.36800e-03,-0.002
-5.36000e-03,0.002
-5.35200e-03,-0.004
-5.34400e-03,-0.008
-5.33600e-03,-0.008
-5.32800e-03,0.002
-5.32000e-03,-0.004
-5.31200e-03,-0.006
-5.30400e-03,-0.006
-5.29600e-03,-0.002
-5.28800e-03,0.002
-5.28000e-03,0
-5.27200e-03,-0.006
-5.26400e-03,-0.008
-5.25600e-03,-0.002
-5.24800e-03,0.004
-5.24000e-03,-0.004
-5.23200e-03,-0.004
-5.22400e-03,-0.002
-5.21600e-03,0
-5.20800e-03,-0.002
-5.20000e-03,-0.004
-5.19200e-03,-0.004
-5.18400e-03,-0.002
-5.17600e-03,-0.008
-5.16800e-03,0
-5.16000e-03,-0.008
-5.15200e-03,-0.002
-5.14400e-03,-0.01
-5.13600e-03,-0.002
-5.12800e-03,0.004
-5.12000e-03,-0.002
-5.11200e-03,-0.006
-5.10400e-03,0
-5.09600e-03,0.002
-5.08800e-03,0
-5.08000e-03,0.002
-5.07200e-03,-0.004
-5.06400e-03,0
-5.05600e-03,-0.006
-5.04800e-03,-0.004
-5.04000e-03,-0.006
-5.03200e-03,0.002
-5.02400e-03,-0.004
-5.01600e-03,-0.004
-5.00800e-03,0.002
-5.00000e-03,-0.002
-4.99200e-03,-0.004
-4.98400e-03,-0.006
-4.97600e-03,-0.004
-4.96800e-03,-0.004
-4.96000e-03,0
-4.95200e-03,-0.006
-4.94400e-03,0
-4.93600e-03,0
-4.92800e-03,-0.006
-4.92000e-03,-0.006
-4.91200e-03,-0.002
-4.90400e-03,-0.004
-4.89600e-03,-0.002
-4.88800e-03,-0.004
-4.88000e-03,-0.002
-4.87200e-03,-0.004
-4.86400e-03,-0.002
-4.85600e-03,-0.006
-4.84800e-03,-0.006
-4.84000e-03,-0.002
-4.83200e-03,-0.004
-4.82400e-03,-0.008
-4.81600e-03,-0.002
-4.80800e-03,-0.002
-4.80000e-03,-0.002
-4.79200e-03,-0.004
-4.78400e-03,-0.004
-4.77600e-03,-0.006
-4.76800e-03,-0.002
-4.76000e-03,-0.006
-4.75200e-03,-0.002
-4.74400e-03,0.004
-4.73600e-03,-0.006
-4.72800e-03,-0.008
-4.72000e-03,0.002
-4.71200e-03,-0.002
-4.70400e-03,-0.002
-4.69600e-03,0.002
-4.68800e-03,-0.006
-4.68000e-03,0
-4.67200e-03,-0.002
-4.66400e-03,-0.004
-4.65600e-03,-0.006
-4.64800e-03,0
-4.64000e-03,-0.002
-4.63200e-03,-0.002
-4.62400e-03,0
-4.61600e-03,0
-4.60800e-03,-0.004
-4.60000e-03,-0.006
-4.59200e-03,0
-4.58400e-03,0
-4.57600e-03,-0.002
-4.56800e-03,-0.004
-4.56000e-03,-0.002
-4.55200e-03,-0.004
-4.54400e-03,-0.002
-4.53600e-03,-0.006
-4.52800e-03,-0.006
-4.52000e-03,-0.006
-4.51200e-03,0
-4.50400e-03,0
-4.49600e-03,0
-4.48800e-03,-0.002
-4.48000e-03,-0.002
-4.47200e-03,0
-4.46400e-03,-0.004
-4.45600e-03,0
-4.44800e-03,-0.004
-4.44000e-03,0
-4.43200e-03,-0.002
-4.42400e-03,-0.006
-4.41600e-03,0
-4.40800e-03,-0.008
-4.40000e-03,-0.006
-4.39200e-03,0
-4.38400e-03,0.002
-4.37600e-03,-0.002
-4.36800e-03,-0.002
-4.36000e-03,-0.008
-4.35200e-03,-0.006
-4.34400e-03,0.002
-4.33600e-03,-0.004
-4.32800e-03,0
-4.32000e-03,0.002
-4.31200e-03,-0.002
-4.30400e-03,-0.004
-4.29600e-03,-0.006
-4.28800e-03,-0.004
-4.28000e-03,-0.002
-4.27200e-03,-0.004
-4.26400e-03,-0.004
-4.25600e-03,-0.008
-4.24800e-03,-0.004
-4.24000e-03,0.002
-4.23200e-03,-0.004
-4.22400e-03,-0.004
-4.21600e-03,-0.002
-4.20800e-03,-0.002
-4.20000e-03,-0.004
-4.19200e-03,0
-4.18400e-03,-0.004
-4.17600e-03,-0.002
-4.16800e-03,0.002
-4.16000e-03,0
-4.15200e-03,-0.002
-4.14400e-03,0
-4.13600e-03,-0.002
-4.12800e-03,-0.002
-4.12000e-03,0.002
-4.11200e-03,-0.01
-4.10400e-03,-0.004
-4.09600e-03,0
-4.08800e-03,-0.006
-4.08000e-03,-0.006
-4.07200e-03,0
-4.06400e-03,-0.004
-4.05600e-03,-0.002
-4.04800e-03,-0.002
-4.04000e-03,-0.002
-4.03200e-03,-0.004
-4.02400e-03,-0.008
-4.01600e-03,-0.004
-4.00800e-03,0
-4.00000e-03,-0.004
-3.99200e-03,0
-3.98400e-03,0
-3.97600e-03,-0.002
-3.96800e-03,-0.002
-3.96000e-03,0
-3.95200e-03,-0.004
-3.94400e-03,-0.004
-3.93600e-03,-0.008
-3.92800e-03,0
-3.92000e-03,-0.002
-3.91200e-03,-0.002
-3.90400e-03,-0.004
-3.89600e-03,-0.004
-3.88800e-03,-0.004
-3.88000e-03,0
-3.87200e-03,-0.006
-3.86400e-03,-0.006
-3.85600e-03,-0.004
-3.84800e-03,-0.002
-3.84000e-03,-0.004
-3.83200e-03,-0.004
-3.82400e-03,-0.006
-3.81600e-03,-0.002
-3.80800e-03,-0.002
-3.80000e-03,0
-3.79200e-03,-0.004
-3.78400e-03,-0.006
-3.77600e-03,-0.01
-3.76800e-03,0.002
-3.76000e-03,0
-3.75200e-03,-0.006
-3.74400e-03,0
-3.73600e-03,-0.006
-3.72800e-03,-0.006
-3.72000e-03,0.002
-3.71200e-03,-0.002
-3.70400e-03,-0.004
-3.69600e-03,-0.004
-3.68800e-03,-0.002
-3.68000e-03,-0.006
-3.67200e-03,-0.004
-3.66400e-03,0
-3.65600e-03,-0.002
-3.64800e-03,0.004
-3.64000e-03,-0.004
-3.63200e-03,-0.004
-3.62400e-03,-0.004
-3.61600e-03,-0.002
-3.60800e-03,-0.004
-3.60000e-03,-0.004
-3.59200e-03,0.002
-3.58400e-03,0.004
-3.57600e-03,-0.002
-3.56800e-03,0
-3.56000e-03,-0.006
-3.55200e-03,-0.004
-3.54400e-03,-0.008
-3.53600e-03,-0.006
-3.52800e-03,-0.002
-3.52000e-03,-0.002
-3.51200e-03,-0.002
-3.50400e-03,-0.006
-3.49600e-03,-0.008
-3.48800e-03,0
-3.48000e-03,-0.006
-3.47200e-03,-0.002
-3.46400e-03,0
-3.45600e-03,-0.004
-3.44800e-03,0
-3.44000e-03,0.002
-3.43200e-03,-0.008
-3.42400e-03,-0.004
-3.41600e-03,0
-3.40800e-03,0
-3.40000e-03,-0.006
-3.39200e-03,-0.004
-3.38400e-03,-0.004
-3.37600e-03,0
-3.36800e-03,-0.004
-3.36000e-03,-0.002
-3.35200e-03,0
-3.34400e-03,0
-3.33600e-03,-0.004
-3.32800e-03,0
-3.32000e-03,-0.004
-3.31200e-03,-0.006
-3.30400e-03,-0.008
-3.29600e-03,0.002
-3.28800e-03,0
-3.28000e-03,-0.004
-3.27200e-03,-0.002
-3.26400e-03,-0.006
-3.25600e-03,-0.002
-3.24800e-03,0
-3.24000e-03,-0.01
-3.23200e-03,0.002
-3.22400e-03,0
-3.21600e-03,0.002
-3.20800e-03,-0.004
-3.20000e-03,-0.006
-3.19200e-03,-0.008
-3.18400e-03,0.002
-3.17600e-03,0
-3.16800e-03,-0.002
-3.16000e-03,-0.006
-3.15200e-03,0
-3.14400e-03,0.002
-3.13600e-03,-0.004
-3.12800e-03,0
-3.12000e-03,0.002
-3.11200e-03,-0.002
-3.10400e-03,-0.006
-3.09600e-03,0.002
-3.08800e-03,-0.006
-3.08000e-03,-0.002
-3.07200e-03,-0.002
-3.06400e-03,-0.002
-3.05600e-03,-0.004
-3.04800e-03,0.004
-3.04000e-03,0.012
-3.03200e-03,0.008
-3.02400e-03,0.008
-3.01600e-03,0.014
-3.00800e-03,0.018
-3.00000e-03,0.024
-2.99200e-03,0.024
-2.98400e-03,0.024
-2.97600e-03,0.03
-2.96800e-03,0.022
-2.96000e-03,0.026
-2.95200e-03,0.02
-2.94400e-03,0.016
-2.93600e-03,0.02
-2.92800e-03,0.012
-2.92000e-03,0.016
-2.91200e-03,0.01
-2.90400e-03,0.012
-2.89600e-03,0.01
-2.88800e-03,0.006
-2.88000e-03,0.004
-2.87200e-03,0.008
-2.86400e-03,0.012
-2.85600e-03,0.01
-2.84800e-03,0.008
-2.84000e-03,0.006
-2.83200e-03,0.012
-2.82400e-03,0.004
-2.81600e-03,0.012
-2.80800e-03,0.004
-2.80000e-03,0.008
-2.79200e-03,0.006
-2.78400e-03,0.014
-2.77600e-03,0.01
-2.76800e-03,0.008
-2.76000e-03,0.01
-2.75200e-03,0.006
-2.74400e-03,0.014
-2.73600e-03,0.01
-2.72800e-03,0.006
-2.72000e-03,0.006
-2.71200e-03,0.006
-2.70400e-03,0.006
-2.69600e-03,0.002
-2.68800e-03,-0.002
-2.68000e-03,0.004
-2.67200e-03,0.004
-2.66400e-03,-0.002
-2.65600e-03,0
-2.64800e-03,-0.002
-2.64000e-03,0
-2.63200e-03,0.006
-2.62400e-03,-0.006
-2.61600e-03,0
-2.60800e-03,0.006
-2.60000e-03,0
-2.59200e-03,0.004
-2.58400e-03,0.004
-2.57600e-03,-0.002
-2.56800e-03,-0.002
-2.56000e-03,0.002
-2.55200e-03,0.006
-2.54400e-03,0.002
-2.53600e-03,-0.004
-2.52800e-03,0.002
-2.52000e-03,0
-2.51200e-03,0
-2.50400e-03,0
-2.49600e-03,0
-2.48800e-03,0.002
-2.48000e-03,0.004
-2.47200e-03,0.002
-2.46400e-03,0.002
-2.45600e-03,-0.004
-2.44800e-03,0.016
-2.44000e-03,0.068
-2.43200e-03,0.096
-2.42400e-03,0.088
-2.41600e-03,0.072
-2.40800e-03,0.058
-2.40000e-03,0.052
-2.39200e-03,0.034
-2.38400e-03,0.02
-2.37600e-03,0.02
-2.36800e-03,0.016
-2.36000e-03,0.02
-2.35200e-03,0.01
-2.34400e-03,0.01
-2.33600e-03,0.002
-2.32800e-03,0.008
-2.32000e-03,0.01
-2.31200e-03,0.004
-2.30400e-03,0
-2.29600e-03,0
-2.28800e-03,0.004
-2.28000e-03,0.004
-2.27200e-03,0.006
-2.26400e-03,0
-2.25600e-03,0
-2.24800e-03,0.002
-2.24000e-03,-0.004
-2.23200e-03,0
-2.22400e-03,-0.004
-2.21600e-03,0
-2.20800e-03,-0.004
-2.20000e-03,0
-2.19200e-03,0
-2.18400e-03,-0.002
-2.17600e-03,-0.004
-2.16800e-03,-0.002
-2.16000e-03,0
-2.15200e-03,0
-2.14400e-03,-0.002
-2.13600e-03,-0.002
-2.12800e-03,0
-2.12000e-03,0.004
-2.11200e-03,0.002
-2.10400e-03,-0.008
-2.09600e-03,-0.004
-2.08800e-03,0.002
-2.08000e-03,0.002
-2.07200e-03,0
-2.06400e-03,0
-2.05600e-03,0
-2.04800e-03,0.002
-2.04000e-03,-0.004
-2.03200e-03,-0.006
-2.02400e-03,-0.006
-2.01600e-03,-0.002
-2.00800e-03,0.002
-2.00000e-03,-0.004
-1.99200e-03,0
-1.98400e-03,-0.004
-1.97600e-03,0
-1.96800e-03,0.004
-1.96000e-03,0.004
-1.95200e-03,0.004
-1.94400e-03,-0.002
-1.93600e-03,-0.002
-1.92800e-03,0.002
-1.92000e-03,0.004
-1.91200e-03,-0.002
-1.90400e-03,-0.002
-1.89600e-03,0
-1.88800e-03,-0.002
-1.88000e-03,0.002
-1.87200e-03,-0.002
-1.86400e-03,0.004
-1.85600e-03,0.006
-1.84800e-03,-0.002
-1.84000e-03,0
-1.83200e-03,-0.006
-1.82400e-03,0.002
-1.81600e-03,-0.002
-1.80800e-03,-0.002
-1.80000e-03,-0.002
-1.79200e-03,-0.002
-1.78400e-03,0
-1.77600e-03,0.008
-1.76800e-03,-0.002
-1.76000e-03,-0.004
-1.75200e-03,-0.004
-1.74400e-03,0
-1.73600e-03,0
-1.72800e-03,0
-1.72000e-03,-0.002
-1.71200e-03,0
-1.70400e-03,0.002
-1.69600e-03,0.002
-1.68800e-03,-0.002
-1.68000e-03,-0.004
-1.67200e-03,0.002
-1.66400e-03,0.002
-1.65600e-03,0
-1.64800e-03,0.006
-1.64000e-03,-0.002
-1.63200e-03,0.002
-1.62400e-03,0.004
-1.61600e-03,0
-1.60800e-03,0
-1.60000e-03,-0.002
-1.59200e-03,0
-1.58400e-03,0
-1.57600e-03,0
-1.56800e-03,-0.004
-1.56000e-03,-0.002
-1.55200e-03,0.004
-1.54400e-03,0
-1.53600e-03,-0.002
-1.52800e-03,0.004
-1.52000e-03,0.002
-1.51200e-03,0
-1.50400e-03,-0.004
-1.49600e-03,-0.004
-1.48800e-03,-0.002
-1.48000e-03,0
-1.47200e-03,-0.002
-1.46400e-03,-0.002
-1.45600e-03,0.006
-1.44800e-03,-0.004
-1.44000e-03,0
-1.43200e-03,-0.002
-1.42400e-03,-0.006
-1.41600e-03,0.002
-1.40800e-03,-0.002
-1.40000e-03,0
-1.39200e-03,-0.002
-1.38400e-03,-0.006
-1.37600e-03,0
-1.36800e-03,0
-1.36000e-03,0
-1.35200e-03,0
-1.34400e-03,-0.002
-1.33600e-03,0
-1.32800e-03,-0.004
-1.32000e-03,-0.002
-1.31200e-03,0.002
-1.30400e-03,0
-1.29600e-03,0.004
-1.28800e-03,0
-1.28000e-03,0
-1.27200e-03,-0.004
-1.26400e-03,-0.004
-1.25600e-03,0
-1.24800e-03,-0.002
-1.24000e-03,0.002
-1.23200e-03,-0.002
-1.22400e-03,-0.006
-1.21600e-03,0
-1.20800e-03,0
-1.20000e-03,0.002
-1.19200e-03,-0.004
-1.18400e-03,0.002
-1.17600e-03,0.018
-1.16800e-03,0.016
-1.16000e-03,0.02
-1.15200e-03,0.016
-1.14400e-03,0.02
-1.13600e-03,0.018
-1.12800e-03,0.02
-1.12000e-03,0.022
-1.11200e-03,0.014
-1.10400e-03,0.018
-1.09600e-03,0.016
-1.08800e-03,0.014
-1.08000e-03,0.016
-1.07200e-03,0.014
-1.06400e-03,0.018
-1.05600e-03,0.014
-1.04800e-03,0.016
-1.04000e-03,0.018
-1.03200e-03,0.016
-1.02400e-03,0.014
-1.01600e-03,0.018
-1.00800e-03,0.018
-1.00000e-03,0.012
-9.92000e-04,0.01
-9.84000e-04,0.016
-9.76000e-04,0.014
-9.68000e-04,0.016
-9.60000e-04,0.01
-9.52000e-04,0.016
-9.44000e-04,0.02
-9.36000e-04,0.012
-9.28000e-04,0.012
-9.20000e-04,0.01
-9.12000e-04,0.014
-9.04000e-04,0.01
-8.96000e-04,0.016
-8.88000e-04,0.01
-8.80000e-04,0.008
-8.72000e-04,0.01
-8.64000e-04,0.014
-8.56000e-04,0.014
-8.48000e-04,0.006
-8.40000e-04,0.004
-8.32000e-04,0
-8.24000e-04,0
-8.16000e-04,0.002
-8.08000e-04,0.002
-8.00000e-04,0.004
-7.92000e-04,0
-7.84000e-04,0.004
-7.76000e-04,0.004
-7.68000e-04,0.006
-7.60000e-04,0.002
-7.52000e-04,0.002
-7.44000e-04,0
-7.36000e-04,0
-7.28000e-04,0.004
-7.20000e-04,0
-7.12000e-04,0
-7.04000e-04,0.006
-6.96000e-04,-0.004
-6.88000e-04,0.004
-6.80000e-04,0.004
-6.72000e-04,0
-6.64000e-04,0.002
-6.56000e-04,0.006
-6.48000e-04,0.002
-6.40000e-04,-0.002
-6.32000e-04,0.008
-6.24000e-04,0.006
-6.16000e-04,0.006
-6.08000e-04,0.004
-6.00000e-04,0.006
-5.92000e-04,0.004
-5.84000e-04,0.008
-5.76000e-04,0.006
-5.68000e-04,0
-5.60000e-04,0.002
-5.52000e-04,0.008
-5.44000e-04,0.006
-5.36000e-04,-0.002
-5.28000e-04,0.004
-5.20000e-04,0.006
-5.12000e-04,0.004
-5.04000e-04,0.01
-4.96000e-04,0.004
-4.88000e-04,0.002
-4.80000e-04,0.01
-4.72000e-04,0.008
-4.64000e-04,0.004
-4.56000e-04,0
-4.48000e-04,0.006
-4.40000e-04,0
-4.32000e-04,0.004
-4.24000e-04,0.006
-4.16000e-04,0.002
-4.08000e-04,0.008
-4.00000e-04,-0.002
-3.92000e-04,0.006
-3.84000e-04,0.01
-3.76000e-04,0.004
-3.68000e-04,0.004
-3.60000e-04,0.004
-3.52000e-04,0.004
-3.44000e-04,0.004
-3.36000e-04,0.002
-3.28000e-04,0.004
-3.20000e-04,0.008
-3.12000e-04,0.008
-3.04000e-04,0.006
-2.96000e-04,0.006
-2.88000e-04,0
-2.80000e-04,0.006
-2.72000e-04,0.004
-2.64000e-04,0.008
-2.56000e-04,0.006
-2.48000e-04,0.002
-2.40000e-04,0
-2.32000e-04,0.01
-2.24000e-04,0.002
-2.16000e-04,0.008
-2.08000e-04,0.002
-2.00000e-04,0.004
-1.92000e-04,0.008
-1.84000e-04,0.008
-1.76000e-04,0.01
-1.68000e-04,0.002
-1.60000e-04,0.002
-1.52000e-04,0.008
-1.44000e-04,0.006
-1.36000e-04,0.006
-1.28000e-04,0.002
-1.20000e-04,0.004
-1.12000e-04,0.004
-1.04000e-04,0.008
-9.60000e-05,0.002
-8.80000e-05,0
-8.00000e-05,0.002
-7.20000e-05,0.004
-6.40000e-05,0.004
-5.60000e-05,0.004
-4.80000e-05,0.006
-4.00000e-05,0.038
-3.20000e-05,0.078
-2.40000e-05,0.112
-1.60000e-05,0.14
-8.00000e-06,0.158
1.54101e-15,0.174
8.00000e-06,0.188
1.60000e-05,0.19
2.40000e-05,0.198
3.20000e-05,0.196
4.00000e-05,0.214
4.80000e-05,0.208
5.60000e-05,0.216
6.40000e-05,0.216
7.20000e-05,0.216
8.00000e-05,0.218
8.80000e-05,0.218
9.60000e-05,0.218
1.04000e-04,0.216
1.12000e-04,0.226
1.20000e-04,0.222
1.28000e-04,0.23
1.36000e-04,0.224
1.44000e-04,0.224
1.52000e-04,0.226
1.60000e-04,0.23
1.68000e-04,0.22
1.76000e-04,0.224
1.84000e-04,0.226
1.92000e-04,0.23
2.00000e-04,0.226
2.08000e-04,0.224
2.16000e-04,0.224
2.24000e-04,0.23
2.32000e-04,0.222
2.40000e-04,0.23
2.48000e-04,0.224
2.56000e-04,0.226
2.64000e-04,0.224
2.72000e-04,0.228
2.80000e-04,0.224
2.88000e-04,0.23
2.96000e-04,0.216
3.04000e-04,0.23
3.12000e-04,0.228
3.20000e-04,0.226
3.28000e-04,0.226
3.36000e-04,0.226
3.44000e-04,0.222
3.52000e-04,0.228
3.60000e-04,0.23
3.68000e-04,0.228
3.76000e-04,0.224
3.84000e-04,0.22
3.92000e-04,0.23
4.00000e-04,0.224
4.08000e-04,0.226
4.16000e-04,0.226
4.24000e-04,0.226
4.32000e-04,0.226
4.40000e-04,0.226
4.48000e-04,0.224
4.56000e-04,0.226
4.64000e-04,0.224
4.72000e-04,0.226
4.80000e-04,0.224
4.88000e-04,0.23
4.96000e-04,0.224
5.04000e-04,0.222
5.12000e-04,0.226
5.20000e-04,0.222
5.28000e-04,0.222
5.36000e-04,0.226
5.44000e-04,0.226
5.52000e-04,0.226
5.60000e-04,0.228
5.68000e-04,0.224
5.76000e-04,0.228
5.84000e-04,0.224
5.92000e-04,0.232
6.00000e-04,0.224
6.08000e-04,0.23
6.16000e-04,0.224
6.24000e-04,0.232
6.32000e-04,0.226
6.40000e-04,0.23
6.48000e-04,0.226
6.56000e-04,0.23
6.64000e-04,0.228
6.72000e-04,0.228
6.80000e-04,0.228
6.88000e-04,0.226
6.96000e-04,0.226
7.04000e-04,0.224
7.12000e-04,0.226
7.20000e-04,0.224
7.28000e-04,0.226
7.36000e-04,0.224
7.44000e-04,0.224
7.52000e-04,0.228
7.60000e-04,0.228
7.68000e-04,0.226
7.76000e-04,0.226
7.84000e-04,0.224
7.92000e-04,0.23
8.00000e-04,0.222
8.08000e-04,0.23
8.16000e-04,0.222
8.24000e-04,0.234
8.32000e-04,0.22
8.40000e-04,0.228
8.48000e-04,0.224
8.56000e-04,0.23
8.64000e-04,0.23
8.72000e-04,0.226
8.80000e-04,0.222
8.88000e-04,0.226
8.96000e-04,0.23
9.04000e-04,0.226
9.12000e-04,0.232
9.20000e-04,0.224
9.28000e-04,0.226
9.36000e-04,0.222
9.44000e-04,0.228
9.52000e-04,0.232
9.60000e-04,0.232
9.68000e-04,0.226
9.76000e-04,0.226
9.84000e-04,0.226
9.92000e-04,0.224
1.00000e-03,0.224
1.00800e-03,0.226
1.01600e-03,0.228
1.02400e-03,0.23
1.03200e-03,0.222
1.04000e-03,0.224
1.04800e-03,0.23
1.05600e-03,0.234
1.06400e-03,0.224
1.07200e-03,0.228
1.08000e-03,0.228
1.08800e-03,0.228
1.09600e-03,0.228
1.10400e-03,0.224
1.11200e-03,0.226
1.12000e-03,0.226
1.12800e-03,0.228
1.13600e-03,0.228
1.14400e-03,0.234
1.15200e-03,0.222
1.16000e-03,0.232
1.16800e-03,0.226
1.17600e-03,0.234
1.18400e-03,0.226
1.19200e-03,0.232
1.20000e-03,0.222
1.20800e-03,0.234
1.21600e-03,0.226
1.22400e-03,0.232
1.23200e-03,0.224
1.24000e-03,0.228
1.24800e-03,0.224
1.25600e-03,0.23
1.26400e-03,0.23
1.27200e-03,0.226
1.28000e-03,0.226
1.28800e-03,0.222
1.29600e-03,0.228
1.30400e-03,0.228
1.31200e-03,0.226
1.32000e-03,0.228
1.32800e-03,0.228
1.33600e-03,0.234
1.34400e-03,0.23
1.35200e-03,0.228
1.36000e-03,0.226
1.36800e-03,0.224
1.37600e-03,0.228
1.38400e-03,0.226
1.39200e-03,0.23
1.40000e-03,0.226
1.40800e-03,0.226
1.41600e-03,0.224
1.42400e-03,0.23
1.43200e-03,0.226
1.44000e-03,0.224
1.44800e-03,0.226
1.45600e-03,0.23
1.46400e-03,0.224
1.47200e-03,0.23
1.48000e-03,0.226
1.48800e-03,0.228
1.49600e-03,0.232
1.50400e-03,0.224
1.51200e-03,0.228
1.52000e-03,0.226
1.52800e-03,0.228
1.53600e-03,0.226
1.54400e-03,0.23
1.55200e-03,0.224
1.56000e-03,0.23
1.56800e-03,0.226
1.57600e-03,0.23
1.58400e-03,0.228
1.59200e-03,0.232
1.60000e-03,0.226
1.60800e-03,0.236
1.61600e-03,0.228
1.62400e-03,0.228
1.63200e-03,0.224
1.64000e-03,0.224
1.64800e-03,0.228
1.65600e-03,0.222
1.66400e-03,0.228
1.67200e-03,0.23
1.68000e-03,0.234
1.68800e-03,0.23
1.69600e-03,0.232
1.70400e-03,0.222
1.71200e-03,0.232
1.72000e-03,0.226
1.72800e-03,0.228
1.73600e-03,0.22
1.74400e-03,0.228
1.75200e-03,0.224
1.76000e-03,0.228
1.76800e-03,0.232
1.77600e-03,0.228
1.78400e-03,0.226
1.79200e-03,0.224
1.80000e-03,0.226
1.80800e-03,0.228
1.81600e-03,0.224
1.82400e-03,0.228
1.83200e-03,0.222
1.84000e-03,0.23
1.84800e-03,0.222
1.85600e-03,0.23
1.86400e-03,0.224
1.87200e-03,0.228
1.88000e-03,0.23
1.88800e-03,0.228
1.89600e-03,0.222
1.90400e-03,0.23
1.91200e-03,0.228
1.92000e-03,0.226
1.92800e-03,0.23
1.93600e-03,0.224
1.94400e-03,0.228
1.95200e-03,0.226
1.96000e-03,0.228
1.96800e-03,0.224
1.97600e-03,0.226
1.98400e-03,0.226
1.99200e-03,0.23
2.00000e-03,0.222
2.00800e-03,0.234
2.01600e-03,0.22
2.02400e-03,0.228
2.03200e-03,0.23
2.04000e-03,0.228
2.04800e-03,0.224
2.05600e-03,0.228
2.06400e-03,0.226
2.07200e-03,0.23
2.08000e-03,0.23
2.08800e-03,0.228
2.09600e-03,0.228
2.10400e-03,0.226
2.11200e-03,0.228
2.12000e-03,0.222
2.12800e-03,0.23
2.13600e-03,0.222
2.14400e-03,0.232
2.15200e-03,0.226
2.16000e-03,0.232
2.16800e-03,0.224
2.17600e-03,0.228
2.18400e-03,0.226
2.19200e-03,0.228
2.20000e-03,0.226
2.20800e-03,0.224
2.21600e-03,0.228
2.22400e-03,0.226
2.23200e-03,0.226
2.24000e-03,0.228
2.24800e-03,0.23
2.25600e-03,0.228
2.26400e-03,0.228
2.27200e-03,0.224
2.28000e-03,0.226
2.28800e-03,0.228
2.29600e-03,0.226
2.30400e-03,0.228
2.31200e-03,0.226
2.32000e-03,0.228
2.32800e-03,0.226
2.33600e-03,0.228
2.34400e-03,0.228
2.35200e-03,0.226
2.36000e-03,0.228
2.36800e-03,0.22
2.37600e-03,0.228
2.38400e-03,0.226
2.39200e-03,0.228
2.40000e-03,0.226
2.40800e-03,0.234
2.41600e-03,0.226
2.42400e-03,0.228
2.43200e-03,0.226
2.44000e-03,0.224
2.44800e-03,0.224
2.45600e-03,0.228
2.46400e-03,0.226
2.47200e-03,0.224
2.48000e-03,0.228
2.48800e-03,0.23
2.49600e-03,0.228
2.50400e-03,0.224
2.51200e-03,0.23
2.52000e-03,0.222
2.52800e-03,0.228
2.53600e-03,0.224
2.54400e-03,0.23
2.55200e-03,0.228
2.56000e-03,0.228
2.56800e-03,0.23
2.57600e-03,0.228
2.58400e-03,0.226
2.59200e-03,0.23
2.60000e-03,0.228
2.60800e-03,0.23
2.61600e-03,0.23
2.62400e-03,0.224
2.63200e-03,0.226
2.64000e-03,0.226
2.64800e-03,0.228
2.65600e-03,0.228
2.66400e-03,0.226
2.67200e-03,0.228
2.68000e-03,0.228
2.68800e-03,0.23
2.69600e-03,0.232
2.70400e-03,0.226
2.71200e-03,0.228
2.72000e-03,0.224
2.72800e-03,0.234
2.73600e-03,0.224
2.74400e-03,0.23
2.75200e-03,0.222
2.76000e-03,0.23
2.76800e-03,0.224
2.77600e-03,0.228
2.78400e-03,0.224
2.79200e-03,0.228
2.80000e-03,0.228
2.80800e-03,0.236
2.81600e-03,0.23
2.82400e-03,0.23
2.83200e-03,0.224
2.84000e-03,0.228
2.84800e-03,0.226
2.85600e-03,0.222
2.86400e-03,0.226
2.87200e-03,0.224
2.88000e-03,0.228
2.88800e-03,0.226
2.89600e-03,0.228
2.90400e-03,0.222
2.91200e-03,0.228
2.92000e-03,0.226
2.92800e-03,0.226
2.93600e-03,0.226
2.94400e-03,0.232
2.95200e-03,0.22
2.96000e-03,0.23
2.96800e-03,0.232
2.97600e-03,0.226
2.98400e-03,0.226
2.99200e-03,0.222
3.00000e-03,0.23
3.00800e-03,0.23
3.01600e-03,0.228
3.02400e-03,0.228
3.03200e-03,0.226
3.04000e-03,0.226
3.04800e-03,0.228
3.05600e-03,0.228
3.06400e-03,0.222
3.07200e-03,0.226
3.08000e-03,0.23
3.08800e-03,0.224
3.09600e-03,0.232
3.10400e-03,0.224
3.11200e-03,0.232
3.12000e-03,0.228
3.12800e-03,0.228
3.13600e-03,0.218
3.14400e-03,0.228
3.15200e-03,0.226
3.16000e-03,0.232
3.16800e-03,0.224
3.17600e-03,0.23
3.18400e-03,0.224
3.19200e-03,0.23
3.20000e-03,0.23
3.20800e-03,0.228
3.21600e-03,0.224
3.22400e-03,0.226
3.23200e-03,0.226
3.24000e-03,0.226
3.24800e-03,0.228
3.25600e-03,0.226
3.26400e-03,0.23
3.27200e-03,0.228
3.28000e-03,0.232
3.28800e-03,0.228
3.29600e-03,0.23
3.30400e-03,0.228
3.31200e-03,0.232
3.32000e-03,0.226
3.32800e-03,0.228
3.33600e-03,0.224
3.34400e-03,0.226
3.35200e-03,0.226
3.36000e-03,0.228
3.36800e-03,0.226
3.37600e-03,0.224
3.38400e-03,0.224
3.39200e-03,0.23
3.40000e-03,0.228
3.40800e-03,0.224
3.41600e-03,0.226
3.42400e-03,0.232
3.43200e-03,0.228
3.44000e-03,0.226
3.44800e-03,0.224
3.45600e-03,0.224
3.46400e-03,0.228
3.47200e-03,0.224
3.48000e-03,0.228
3.48800e-03,0.222
3.49600e-03,0.234
3.50400e-03,0.22
3.51200e-03,0.234
3.52000e-03,0.22
3.52800e-03,0.23
3.53600e-03,0.228
3.54400e-03,0.23
3.55200e-03,0.224
3.56000e-03,0.228
3.56800e-03,0.224
3.57600e-03,0.23
3.58400e-03,0.226
3.59200e-03,0.228
3.60000e-03,0.23
3.60800e-03,0.222
3.61600e-03,0.226
3.62400e-03,0.23
3.63200e-03,0.228
3.64000e-03,0.224
3.64800e-03,0.228
3.65600e-03,0.23
3.66400e-03,0.226
3.67200e-03,0.228
3.68000e-03,0.226
3.68800e-03,0.222
3.69600e-03,0.226
3.70400e-03,0.224
3.71200e-03,0.23
3.72000e-03,0.226
3.72800e-03,0.228
3.73600e-03,0.23
3.74400e-03,0.23
3.75200e-03,0.226
3.76000e-03,0.23
3.76800e-03,0.22
3.77600e-03,0.23
3.78400e-03,0.228
3.79200e-03,0.23
3.80000e-03,0.224
3.80800e-03,0.226
3.81600e-03,0.23
3.82400e-03,0.226
3.83200e-03,0.228
3.84000e-03,0.226
3.84800e-03,0.234
3.85600e-03,0.234
3.86400e-03,0.23
3.87200e-03,0.224
3.88000e-03,0.23
3.88800e-03,0.228
3.89600e-03,0.232
3.90400e-03,0.226
3.91200e-03,0.226
3.92000e-03,0.224
3.92800e-03,0.226
3.93600e-03,0.226
3.94400e-03,0.224
3.95200e-03,0.222
3.96000e-03,0.226
3.96800e-03,0.224
3.97600e-03,0.226
3.98400e-03,0.226
3.99200e-03,0.234
4.00000e-03,0.23
4.00800e-03,0.234
4.01600e-03,0.234
4.02400e-03,0.228
4.03200e-03,0.226
4.04000e-03,0.224
4.04800e-03,0.23
4.05600e-03,0.228
4.06400e-03,0.234
4.07200e-03,0.224
4.08000e-03,0.228
4.08800e-03,0.228
4.09600e-03,0.234
4.10400e-03,0.224
4.11200e-03,0.23
4.12000e-03,0.224
4.12800e-03,0.234
4.13600e-03,0.23
4.14400e-03,0.23
4.15200e-03,0.224
4.16000e-03,0.234
4.16800e-03,0.22
4.17600e-03,0.208
4.18400e-03,0.21
4.19200e-03,0.208
4.20000e-03,0.202
4.20800e-03,0.202
4.21600e-03,0.204
4.22400e-03,0.192
4.23200e-03,0.204
4.24000e-03,0.192
4.24800e-03,0.206
4.25600e-03,0.206
4.26400e-03,0.21
4.27200e-03,0.216
4.28000e-03,0.216
4.28800e-03,0.22
4.29600e-03,0.22
4.30400e-03,0.22
4.31200e-03,0.218
4.32000e-03,0.222
4.32800e-03,0.226
4.33600e-03,0.222
4.34400e-03,0.224
4.35200e-03,0.222
4.36000e-03,0.226
4.36800e-03,0.22
4.37600e-03,0.224
4.38400e-03,0.224
4.39200e-03,0.228
4.40000e-03,0.23
4.40800e-03,0.226
4.41600e-03,0.226
4.42400e-03,0.222
4.43200e-03,0.228
4.44000e-03,0.228
4.44800e-03,0.228
4.45600e-03,0.222
4.46400e-03,0.232
4.47200e-03,0.226
4.48000e-03,0.234
4.48800e-03,0.226
4.49600e-03,0.228
4.50400e-03,0.224
4.51200e-03,0.23
4.52000e-03,0.226
4.52800e-03,0.226
4.53600e-03,0.228
4.54400e-03,0.23
4.55200e-03,0.226
4.56000e-03,0.226
4.56800e-03,0.226
4.57600e-03,0.228
4.58400e-03,0.224
4.59200e-03,0.23
4.60000e-03,0.228
4.60800e-03,0.226
4.61600e-03,0.228
4.62400e-03,0.224
4.63200e-03,0.228
4.64000e-03,0.224
4.64800e-03,0.236
4.65600e-03,0.22
4.66400e-03,0.23
4.67200e-03,0.226
4.68000e-03,0.228
4.68800e-03,0.224
4.69600e-03,0.23
4.70400e-03,0.228
4.71200e-03,0.23
4.72000e-03,0.226
4.72800e-03,0.228
4.73600e-03,0.23
4.74400e-03,0.228
4.75200e-03,0.228
4.76000e-03,0.226
4.76800e-03,0.232
4.77600e-03,0.226
4.78400e-03,0.234
4.79200e-03,0.226
4.80000e-03,0.228
4.80800e-03,0.228
4.81600e-03,0.23
4.82400e-03,0.228
4.83200e-03,0.224
4.84000e-03,0.224
4.84800e-03,0.228
4.85600e-03,0.228
4.86400e-03,0.23
4.87200e-03,0.226
4.88000e-03,0.226
4.88800e-03,0.226
4.89600e-03,0.228
4.90400e-03,0.226
4.91200e-03,0.23
4.92000e-03,0.226
4.92800e-03,0.234
4.93600e-03,0.226
4.94400e-03,0.23
4.95200e-03,0.228
4.96000e-03,0.226
4.96800e-03,0.228
4.97600e-03,0.23
4.98400e-03,0.232
4.99200e-03,0.222
5.00000e-03,0.226
5.00800e-03,0.224
5.01600e-03,0.23
5.02400e-03,0.224
5.03200e-03,0.228
5.04000e-03,0.226
5.04800e-03,0.228
5.05600e-03,0.228
5.06400e-03,0.228
5.07200e-03,0.224
5.08000e-03,0.228
5.08800e-03,0.228
5.09600e-03,0.23
5.10400e-03,0.226
5.11200e-03,0.232
5.12000e-03,0.222
5.12800e-03,0.23
5.13600e-03,0.228
5.14400e-03,0.228
5.15200e-03,0.232
5.16000e-03,0.224
5.16800e-03,0.232
5.17600e-03,0.228
5.18400e-03,0.232
5.19200e-03,0.226
5.20000e-03,0.228
5.20800e-03,0.224
5.21600e-03,0.23
5.22400e-03,0.228
5.23200e-03,0.23
5.24000e-03,0.222
5.24800e-03,0.23
5.25600e-03,0.23
5.26400e-03,0.23
5.27200e-03,0.224
5.28000e-03,0.228
5.28800e-03,0.224
5.29600e-03,0.232
5.30400e-03,0.222
5.31200e-03,0.226
5.32000e-03,0.228
5.32800e-03,0.232
5.33600e-03,0.232
5.34400e-03,0.224
5.35200e-03,0.226
5.36000e-03,0.23
5.36800e-03,0.228
5.37600e-03,0.234
5.38400e-03,0.228
5.39200e-03,0.22
5.40000e-03,0.224
5.40800e-03,0.228
5.41600e-03,0.232
5.42400e-03,0.226
5.43200e-03,0.228
5.44000e-03,0.226
5.44800e-03,0.23
5.45600e-03,0.222
5.46400e-03,0.232
5.47200e-03,0.226
5.48000e-03,0.232
5.48800e-03,0.226
5.49600e-03,0.232
5.50400e-03,0.224
5.51200e-03,0.23
5.52000e-03,0.232
5.52800e-03,0.228
5.53600e-03,0.232
5.54400e-03,0.224
5.55200e-03,0.228
5.56000e-03,0.226
5.56800e-03,0.232
5.57600e-03,0.224
5.58400e-03,0.226
5.59200e-03,0.222
5.60000e-03,0.228
5.60800e-03,0.228
5.61600e-03,0.228
5.62400e-03,0.226
5.63200e-03,0.234
5.64000e-03,0.22
5.64800e-03,0.186
5.65600e-03,0.156
5.66400e-03,0.136
5.67200e-03,0.112
5.68000e-03,0.094
5.68800e-03,0.078
5.69600e-03,0.064
5.70400e-03,0.05
5.71200e-03,0.044
5.72000e-03,0.036
5.72800e-03,0.03
5.73600e-03,0.022
5.74400e-03,0.018
5.75200e-03,0.018
5.76000e-03,0.012
5.76800e-03,0.016
5.77600e-03,0.01
5.78400e-03,0.012
5.79200e-03,0.012
5.80000e-03,0.01
5.80800e-03,0.008
5.81600e-03,0.008
5.82400e-03,0.006
5.83200e-03,0.012
5.84000e-03,0.008
5.84800e-03,0.01
5.85600e-03,0.01
5.86400e-03,0.01
5.87200e-03,0.002
5.88000e-03,0.006
5.88800e-03,0.004
5.89600e-03,0.002
5.90400e-03,0.012
5.91200e-03,0.004
5.92000e-03,0.01
5.92800e-03,0.002
5.93600e-03,0.004
5.94400e-03,0.008
5.95200e-03,0.004
5.96000e-03,0.01
5.96800e-03,0.004
5.97600e-03,0.008
5.98400e-03,0.012
5.99200e-03,0.008
6.00000e-03,0.01
6.00800e-03,0.008
6.01600e-03,0.008
6.02400e-03,0.008
6.03200e-03,0.006
6.04000e-03,0.006
6.04800e-03,0.008
6.05600e-03,0.01
6.06400e-03,0.002
6.07200e-03,0.046
6.08000e-03,0.084
6.08800e-03,0.112
6.09600e-03,0.102
6.10400e-03,0.09
6.11200e-03,0.074
6.12000e-03,0.054
6.12800e-03,0.044
6.13600e-03,0.03
6.14400e-03,0.036
6.15200e-03,0.028
6.16000e-03,0.024
6.16800e-03,0.022
6.17600e-03,0.02
6.18400e-03,0.012
6.19200e-03,0.012
6.20000e-03,0.014
6.20800e-03,0.012
6.21600e-03,0.012
6.22400e-03,0.01
6.23200e-03,0.006
6.24000e-03,0.008
6.24800e-03,0.01
6.25600e-03,0.01
6.26400e-03,0.008
6.27200e-03,0.008
6.28000e-03,0.006
6.28800e-03,0.012
6.29600e-03,0.01
6.30400e-03,0.008
6.31200e-03,0.004
6.32000e-03,0.008
6.32800e-03,0.004
6.33600e-03,0.01
6.34400e-03,0.008
6.35200e-03,0.004
6.36000e-03,0.004
6.36800e-03,0.006
6.37600e-03,0.01
6.38400e-03,0.012
6.39200e-03,0.004
6.40000e-03,0.008
6.40800e-03,0.008
6.41600e-03,0.006
6.42400e-03,0.012
6.43200e-03,0.006
6.44000e-03,0.008
6.44800e-03,0.01
6.45600e-03,0.006
6.46400e-03,0.008
6.47200e-03,0.004
6.48000e-03,0.01
6.48800e-03,0.002
6.49600e-03,0.006
6.50400e-03,0.016
6.51200e-03,0.004
6.52000e-03,0.008
6.52800e-03,0.004
6.53600e-03,0.01
6.54400e-03,0.01
6.55200e-03,0.008
6.56000e-03,0.008
6.56800e-03,0.01
6.57600e-03,0.008
6.58400e-03,0.008
6.59200e-03,0.004
6.60000e-03,0.006
6.60800e-03,0.004
6.61600e-03,0.006
6.62400e-03,0.006
6.63200e-03,0.002
6.64000e-03,0.006
6.64800e-03,0.004
6.65600e-03,0.01
6.66400e-03,0.008
6.67200e-03,0.008
6.68000e-03,0.006
6.68800e-03,0.004
6.69600e-03,0.01
6.70400e-03,0.008
6.71200e-03,0.01
6.72000e-03,0.002
6.72800e-03,0.01
6.73600e-03,0.01
6.74400e-03,0.006
6.75200e-03,0.006
6.76000e-03,0.01
6.76800e-03,0.008
6.77600e-03,0.008
6.78400e-03,0.008
6.79200e-03,0.008
6.80000e-03,0.004
6.80800e-03,0.006
6.81600e-03,0.016
6.82400e-03,0.01
6.83200e-03,0.008
6.84000e-03,0.004
6.84800e-03,0.008
6.85600e-03,0.01
6.86400e-03,0.01
6.87200e-03,0.006
6.88000e-03,0.006
6.88800e-03,0.008
6.89600e-03,0.006
6.90400e-03,0.01
6.91200e-03,0.008
6.92000e-03,0.002
6.92800e-03,0.006
6.93600e-03,0.014
6.94400e-03,0.008
6.95200e-03,0.004
6.96000e-03,0.006
6.96800e-03,0.006
6.97600e-03,0.01
6.98400e-03,0.004
6.99200e-03,0.002
7.00000e-03,0.004
7.00800e-03,0.008
7.01600e-03,0.008
7.02400e-03,0.006
7.03200e-03,0.01
7.04000e-03,0.012
7.04800e-03,0.008
7.05600e-03,0.008
7.06400e-03,0.006
7.07200e-03,0.008
7.08000e-03,0.008
7.08800e-03,0.008
7.09600e-03,0.006
7.10400e-03,0.008
7.11200e-03,0.006
7.12000e-03,0
7.12800e-03,0.008
7.13600e-03,0.008
7.14400e-03,0.008
7.15200e-03,0.006
7.16000e-03,0.004
7.16800e-03,0.014
7.17600e-03,0.002
7.18400e-03,0.01
7.19200e-03,0.004
7.20000e-03,0.008
7.20800e-03,0.012
7.21600e-03,0.008
7.22400e-03,0.002
7.23200e-03,0.01
7.24000e-03,0.004
7.24800e-03,0.01
7.25600e-03,0.004
7.26400e-03,0.012
7.27200e-03,0.004
7.28000e-03,0.006
7.28800e-03,0.01
7.29600e-03,0.01
7.30400e-03,0.002
7.31200e-03,0.006
7.32000e-03,0.006
7.32800e-03,0.01
7.33600e-03,0.006
7.34400e-03,0.008
7.35200e-03,0.002
7.36000e-03,0.008
7.36800e-03,0.012
7.37600e-03,0.006
7.38400e-03,0.008
7.39200e-03,0.004
7.40000e-03,0.006
7.40800e-03,0.012
7.41600e-03,0.002
7.42400e-03,0.002
7.43200e-03,0.006
7.44000e-03,0.006
7.44800e-03,0.01
7.45600e-03,0.004
7.46400e-03,0.004
7.47200e-03,0.008
7.48000e-03,0.01
7.48800e-03,0.006
7.49600e-03,0.004
7.50400e-03,0.006
7.51200e-03,0.008
7.52000e-03,0.012
7.52800e-03,0.006
7.53600e-03,0.006
7.54400e-03,0.008
7.55200e-03,0.002
7.56000e-03,0.004
7.56800e-03,0.01
7.57600e-03,0.004
7.58400e-03,0.006
7.59200e-03,0.01
7.60000e-03,0.004
7.60800e-03,0.014
7.61600e-03,0.01
7.62400e-03,0
7.63200e-03,0.006
7.64000e-03,0.006
7.64800e-03,0.008
7.65600e-03,0.004
7.66400e-03,0.006
7.67200e-03,0.01
7.68000e-03,0.006
7.68800e-03,0.008
7.69600e-03,0.008
7.70400e-03,0.004
7.71200e-03,0.008
7.72000e-03,0.004
7.72800e-03,0.01
7.73600e-03,0.004
7.74400e-03,0.006
7.75200e-03,0.006
7.76000e-03,0.01
7.76800e-03,0.01
7.77600e-03,0.006
7.78400e-03,0.008
7.79200e-03,0.008
7.80000e-03,0.006
7.80800e-03,0.006
7.81600e-03,0.01
7.82400e-03,0.004
7.83200e-03,0.012
7.84000e-03,0.006
7.84800e-03,0.002
7.85600e-03,0.01
7.86400e-03,0.006
7.87200e-03,0.012
7.88000e-03,0.006
7.88800e-03,0.004
7.89600e-03,0.01
7.90400e-03,0.002
7.91200e-03,0.006
7.92000e-03,0.01
7.92800e-03,0.004
7.93600e-03,0.014
7.94400e-03,0.004
7.95200e-03,0.004
7.96000e-03,0.01
7.96800e-03,0.002
7.97600e-03,0.01
7.98400e-03,0.008
7.99200e-03,0.004
8.00000e-03,0.006
8.00800e-03,0.006
8.01600e-03,0.004
8.02400e-03,0.008
8.03200e-03,0.006
8.04000e-03,0.008
8.04800e-03,0.004
8.05600e-03,0.008
8.06400e-03,0.008
8.07200e-03,0.006
8.08000e-03,0.012
8.08800e-03,0.002
8.09600e-03,0.008
8.10400e-03,0.006
8.11200e-03,0.004
8.12000e-03,0.012
8.12800e-03,0.008
8.13600e-03,0.008
8.14400e-03,0.008
8.15200e-03,0.01
8.16000e-03,0.008
8.16800e-03,0.006
8.17600e-03,0.002
8.18400e-03,0.004
8.19200e-03,0.002
8.20000e-03,0.006
8.20800e-03,0.004
8.21600e-03,0
8.22400e-03,0.006
8.23200e-03,0.004
8.24000e-03,0.004
8.24800e-03,-0.002
8.25600e-03,0.002
8.26400e-03,0.006
8.27200e-03,0
8.28000e-03,0.004
8.28800e-03,0.004
8.29600e-03,0.002
8.30400e-03,0.004
8.31200e-03,0.002
8.32000e-03,0.004
8.32800e-03,0.006
8.33600e-03,0
8.34400e-03,0
8.35200e-03,0.004
8.36000e-03,0.002
8.36800e-03,0
8.37600e-03,0.002
8.38400e-03,-0.002
8.39200e-03,0.002
8.40000e-03,0.002
8.40800e-03,0
8.41600e-03,-0.008
8.42400e-03,-0.004
8.43200e-03,-0.002
8.44000e-03,0.002
8.44800e-03,0.002
8.45600e-03,0.006
8.46400e-03,0.002
8.47200e-03,0
8.48000e-03,0.004
8.48800e-03,0
8.49600e-03,0.002
8.50400e-03,0
8.51200e-03,0.004
8.52000e-03,-0.002
8.52800e-03,-0.004
8.53600e-03,0.004
8.54400e-03,0.004
8.55200e-03,0.004
8.56000e-03,0.002
8.56800e-03,0
8.57600e-03,0.006
8.58400e-03,0.004
8.59200e-03,0.008
8.60000e-03,0
8.60800e-03,-0.004
8.61600e-03,0
8.62400e-03,-0.002
8.63200e-03,-0.004
8.64000e-03,0.002
8.64800e-03,0.004
8.65600e-03,0.004
8.66400e-03,0.002
8.67200e-03,0.002
8.68000e-03,-0.002
8.68800e-03,-0.002
8.69600e-03,0
8.70400e-03,0
8.71200e-03,0
8.72000e-03,0.004
8.72800e-03,-0.002
8.73600e-03,0.002
8.74400e-03,-0.002
8.75200e-03,-0.004
8.76000e-03,0
8.76800e-03,-0.004
8.77600e-03,0
8.78400e-03,0.002
8.79200e-03,0.002
8.80000e-03,0.002
8.80800e-03,0
8.81600e-03,0
8.82400e-03,0.002
8.83200e-03,-0.002
8.84000e-03,0.004
8.84800e-03,0
8.85600e-03,0.002
8.86400e-03,0.004
8.87200e-03,0.002
8.88000e-03,0.004
8.88800e-03,0.004
8.89600e-03,0.002
8.90400e-03,0.002
8.91200e-03,0
8.92000e-03,0.004
8.92800e-03,0
8.93600e-03,0
8.94400e-03,0.004
8.95200e-03,0.002
8.96000e-03,-0.002
8.96800e-03,0.002
8.97600e-03,-0.004
8.98400e-03,0.004
8.99200e-03,0.006
9.00000e-03,-0.002
9.00800e-03,-0.002
9.01600e-03,0.002
9.02400e-03,0.002
9.03200e-03,-0.002
9.04000e-03,-0.004
9.04800e-03,0.002
9.05600e-03,-0.002
9.06400e-03,-0.002
9.07200e-03,-0.002
9.08000e-03,-0.006
9.08800e-03,0
9.09600e-03,0.004
9.10400e-03,0
9.11200e-03,0
9.12000e-03,0
9.12800e-03,0.002
9.13600e-03,0
9.14400e-03,0.002
9.15200e-03,0
9.16000e-03,-0.002
9.16800e-03,0.002
9.17600e-03,0.002
9.18400e-03,0
9.19200e-03,0.002
9.20000e-03,0.002
9.20800e-03,0.002
9.21600e-03,0.002
9.22400e-03,-0.004
9.23200e-03,0
9.24000e-03,-0.004
9.24800e-03,-0.002
9.25600e-03,0.004
9.26400e-03,0
9.27200e-03,0.002
9.28000e-03,-0.004
9.28800e-03,0.002
9.29600e-03,0.004
9.30400e-03,0.004
9.31200e-03,-0.004
9.32000e-03,0.004
9.32800e-03,-0.002
9.33600e-03,0.006
9.34400e-03,0
9.35200e-03,-0.002
9.36000e-03,0
9.36800e-03,0
9.37600e-03,0.006
9.38400e-03,-0.006
9.39200e-03,-0.002
9.40000e-03,0.002
9.40800e-03,0
9.41600e-03,0.004
9.42400e-03,-0.002
9.43200e-03,0
9.44000e-03,0.004
9.44800e-03,-0.004
9.45600e-03,0.004
9.46400e-03,0
9.47200e-03,-0.004
9.48000e-03,-0.002
9.48800e-03,0.006
9.49600e-03,0
9.50400e-03,0.004
9.51200e-03,-0.002
9.52000e-03,0.002
9.52800e-03,-0.002
9.53600e-03,-0.002
9.54400e-03,0.002
9.55200e-03,-0.004
9.56000e-03,0
9.56800e-03,0.002
9.57600e-03,-0.004
9.58400e-03,-0.002
9.59200e-03,0.002
9.60000e-03,-0.004
9.60800e-03,0.004
9.61600e-03,0
9.62400e-03,0.002
9.63200e-03,-0.002
9.64000e-03,0
9.64800e-03,0.002
9.65600e-03,-0.004
9.66400e-03,0.002
9.67200e-03,0.002
9.68000e-03,-0.002
9.68800e-03,0.004
9.69600e-03,0.004
9.70400e-03,0
9.71200e-03,-0.004
9.72000e-03,0.004
9.72800e-03,0
9.73600e-03,-0.004
9.74400e-03,-0.004
9.75200e-03,0.008
9.76000e-03,-0.002
9.76800e-03,0
9.77600e-03,-0.002
9.78400e-03,-0.002
9.79200e-03,0.002
9.80000e-03,0.002
9.80800e-03,-0.006
9.81600e-03,0.002
9.82400e-03,0
9.83200e-03,0.004
9.84000e-03,0
9.84800e-03,-0.002
9.85600e-03,0
9.86400e-03,-0.006
9.87200e-03,0
9.88000e-03,0.002
9.88800e-03,-0.004
9.89600e-03,0
9.90400e-03,0.002
9.91200e-03,0
9.92000e-03,0.006
9.92800e-03,-0.004
9.93600e-03,0
9.94400e-03,0.002
9.95200e-03,0.004
9.96000e-03,0.002
9.96800e-03,-0.004
9.97600e-03,-0.002
9.98400e-03,0.006
9.99200e-03,0.004
1.00000e-02,0
1.00080e-02,0
1.00160e-02,-0.002
1.00240e-02,0
1.00320e-02,-0.002
1.00400e-02,0
1.00480e-02,-0.002
1.00560e-02,0.002
1.00640e-02,0.004
1.00720e-02,0.004
1.00800e-02,-0.006
1.00880e-02,-0.004
1.00960e-02,0
1.01040e-02,0.006
1.01120e-02,-0.002
1.01200e-02,0.002
1.01280e-02,-0.004
1.01360e-02,-0.002
1.01440e-02,-0.004
1.01520e-02,0.002
1.01600e-02,-0.006
1.01680e-02,-0.004
1.01760e-02,-0.002
1.01840e-02,0.002
1.01920e-02,0.006
1.02000e-02,-0.004
1.02080e-02,0
1.02160e-02,0.01
1.02240e-02,0.004
1.02320e-02,-0.002
1.02400e-02,0.002
1.02480e-02,-0.004
1.02560e-02,0.004
1.02640e-02,0.004
1.02720e-02,-0.002
1.02800e-02,0
1.02880e-02,0.002
1.02960e-02,0.002
1.03040e-02,0
1.03120e-02,-0.002
1.03200e-02,0.002
1.03280e-02,-0.004
1.03360e-02,-0.004
1.03440e-02,-0.002
1.03520e-02,0
1.03600e-02,-0.002
1.03680e-02,0.002
1.03760e-02,0.004
1.03840e-02,0.002
1.03920e-02,-0.01
1.04000e-02,-0.002
1.04080e-02,0.006
1.04160e-02,0.002
1.04240e-02,0.004
1.04320e-02,0
1.04400e-02,0.002
1.04480e-02,0.002
1.04560e-02,0
1.04640e-02,0
1.04720e-02,-0.002
1.04800e-02,-0.002
1.04880e-02,-0.002
1.04960e-02,0.004
1.05040e-02,0
1.05120e-02,0.002
1.05200e-02,-0.002
1.05280e-02,0.002
1.05360e-02,-0.002
1.05440e-02,-0.002
1.05520e-02,0
1.05600e-02,0
1.05680e-02,0.004
1.05760e-02,-0.002
1.05840e-02,0
1.05920e-02,-0.002
1.06000e-02,-0.004
1.06080e-02,0.006
1.06160e-02,0.002
1.06240e-02,-0.002
1.06320e-02,-0.004
1.06400e-02,-0.002
1.06480e-02,0
1.06560e-02,0
1.06640e-02,-0.002
1.06720e-02,-0.004
1.06800e-02,0.004
1.06880e-02,0.002
1.06960e-02,0
1.07040e-02,-0.004
1.07120e-02,0
1.07200e-02,0.002
1.07280e-02,-0.002
1.07360e-02,-0.002
1.07440e-02,-0.006
1.07520e-02,0
1.07600e-02,-0.004
1.07680e-02,0.002
1.07760e-02,-0.002
1.07840e-02,-0.002
1.07920e-02,-0.004
1.08000e-02,-0.002
1.08080e-02,0.004
1.08160e-02,0
1.08240e-02,-0.002
1.08320e-02,0.002
1.08400e-02,0
1.08480e-02,0
1.08560e-02,0.004
1.08640e-02,0.002
1.08720e-02,0
1.08800e-02,0.004
1.08880e-02,-0.004
1.08960e-02,-0.002
1.09040e-02,-0.002
1.09120e-02,-0.004
1.09200e-02,0
1.09280e-02,0.002
1.09360e-02,-0.004
1.09440e-02,0.002
1.09520e-02,0.002
1.09600e-02,0
1.09680e-02,-0.002
1.09760e-02,0
1.09840e-02,-0.008
1.09920e-02,0.002
1.10000e-02,0.004
1.10080e-02,0.006
1.10160e-02,-0.002
1.10240e-02,0
1.10320e-02,0
1.10400e-02,-0.002
1.10480e-02,-0.002
1.10560e-02,0
1.10640e-02,-0.004
1.10720e-02,0.006
1.10800e-02,0
1.10880e-02,-0.002
1.10960e-02,0
1.11040e-02,-0.004
1.11120e-02,0
1.11200e-02,0.002
1.11280e-02,-0.004
1.11360e-02,0
1.11440e-02,0
1.11520e-02,-0.002
1.11600e-02,0
1.11680e-02,0
1.11760e-02,0
1.11840e-02,0
1.11920e-02,0.002
1.12000e-02,0.004
1.12080e-02,-0.002
1.12160e-02,-0.004
1.12240e-02,-0.002
1.12320e-02,0.006
1.12400e-02,0
1.12480e-02,-0.006
1.12560e-02,0
1.12640e-02,0.002
1.12720e-02,-0.002
1.12800e-02,-0.002
1.12880e-02,0.002
1.12960e-02,-0.004
1.13040e-02,-0.002
1.13120e-02,0.006
1.13200e-02,0.002
1.13280e-02,0
1.13360e-02,0.002
1.13440e-02,0.002
1.13520e-02,0.004
1.13600e-02,0.002
1.13680e-02,-0.002
1.13760e-02,-0.002
1.13840e-02,0.002
1.13920e-02,0.002
1.14000e-02,-0.002
1.14080e-02,-0.002
1.14160e-02,0.002
1.14240e-02,-0.002
1.14320e-02,0
1.14400e-02,0
1.14480e-02,-0.004
1.14560e-02,-0.002
1.14640e-02,-0.006
1.14720e-02,0.004
1.14800e-02,0
1.14880e-02,0.002
1.14960e-02,0.002
1.15040e-02,-0.006
1.15120e-02,0
1.15200e-02,0
1.15280e-02,-0.002
1.15360e-02,-0.002
1.15440e-02,0.002
1.15520e-02,0
1.15600e-02,0.004
1.15680e-02,-0.004
1.15760e-02,0
1.15840e-02,0.002
1.15920e-02,0.002
1.16000e-02,0.002
1.16080e-02,0
1.16160e-02,0
1.16240e-02,-0.002
1.16320e-02,0
1.16400e-02,0
1.16480e-02,0.006
1.16560e-02,-0.002
1.16640e-02,-0.002
1.16720e-02,-0.002
1.16800e-02,0.002
1.16880e-02,0.004
1.16960e-02,0
1.17040e-02,-0.002
1.17120e-02,0.002
1.17200e-02,0
1.17280e-02,-0.002
1.17360e-02,0.002
1.17440e-02,0.004
1.17520e-02,0.004
1.17600e-02,0
1.17680e-02,0.006
1.17760e-02,0
1.17840e-02,0.002
1.17920e-02,0.006
1.18000e-02,-0.006
1.18080e-02,0.002
1.18160e-02,0.004
1.18240e-02,-0.002
1.18320e-02,0
1.18400e-02,0
1.18480e-02,-0.004
1.18560e-02,0.002
1.18640e-02,0
1.18720e-02,-0.002
1.18800e-02,0
1.18880e-02,-0.002
1.18960e-02,0.004
1.19040e-02,0
1.19120e-02,0
1.19200e-02,0
1.19280e-02,0
1.19360e-02,-0.002
1.19440e-02,0.002
1.19520e-02,0
1.19600e-02,0.004
1.19680e-02,-0.002
1.19760e-02,-0.002
1.19840e-02,-0.002
1.19920e-02,0
1.20000e-02,-0.002
1.20080e-02,0
1.20160e-02,-0.004
1.20240e-02,0
1.20320e-02,-0.002
1.20400e-02,0
1.20480e-02,0
1.20560e-02,0.002
1.20640e-02,0
1.20720e-02,-0.002
1.20800e-02,-0.002
1.20880e-02,0
1.20960e-02,0
1.21040e-02,0
1.21120e-02,0.002
1.21200e-02,0
1.21280e-02,0.002
1.21360e-02,-0.008
1.21440e-02,0.006
1.21520e-02,-0.002
1.21600e-02,-0.002
1.21680e-02,-0.002
1.21760e-02,0
1.21840e-02,-0.002
1.21920e-02,0
1.22000e-02,0
1.22080e-02,-0.002
1.22160e-02,0.004
1.22240e-02,-0.004
1.22320e-02,0.004
1.22400e-02,-0.006
1.22480e-02,0.002
1.22560e-02,0.002
1.22640e-02,0
1.22720e-02,0
1.22800e-02,0.004
1.22880e-02,-0.006
1.22960e-02,0.002
1.23040e-02,-0.002
1.23120e-02,-0.002
1.23200e-02,-0.002
1.23280e-02,-0.006
1.23360e-02,0.002
1.23440e-02,0.004
1.23520e-02,0
1.23600e-02,-0.002
1.23680e-02,0.002
1.23760e-02,0.002
1.23840e-02,-0.002
1.23920e-02,-0.002
1.24000e-02,-0.002
1.24080e-02,-0.004
1.24160e-02,0.002
1.24240e-02,-0.004
1.24320e-02,-0.002
1.24400e-02,0.004
1.24480e-02,-0.004
1.24560e-02,0
1.24640e-02,0
1.24720e-02,-0.002
1.24800e-02,0.002
1.24880e-02,0
1.24960e-02,0
1.25040e-02,0
1.25120e-02,-0.002
1.25200e-02,0.002
1.25280e-02,0.006
1.25360e-02,-0.002
1.25440e-02,-0.002
1.25520e-02,0
1.25600e-02,-0.002
1.25680e-02,0.002
1.25760e-02,0
1.25840e-02,-0.004
1.25920e-02,0
1.26000e-02,-0.002
1.26080e-02,-0.002
1.26160e-02,0.002
1.26240e-02,-0.002
1.26320e-02,0
1.26400e-02,-0.002
1.26480e-02,-0.002
1.26560e-02,-0.002
1.26640e-02,0.002
1.26720e-02,-0.004
1.26800e-02,0.002
1.26880e-02,0
1.26960e-02,-0.004
1.27040e-02,0.002
1.27120e-02,0.002
1.27200e-02,-0.004
1.27280e-02,0.002
1.27360e-02,-0.004
1.27440e-02,-0.004
1.27520e-02,0.002
1.27600e-02,-0.002
1.27680e-02,0.002
1.27760e-02,0.002
1.27840e-02,-0.006
1.27920e-02,-0.002
1.28000e-02,0.002
1.28080e-02,-0.002
1.28160e-02,0.002
1.28240e-02,-0.004
1.28320e-02,0
1.28400e-02,0.002
1.28480e-02,0
1.28560e-02,0
1.28640e-02,-0.004
1.28720e-02,-0.006
1.28800e-02,0.002
1.28880e-02,-0.002
1.28960e-02,0
1.29040e-02,-0.002
1.29120e-02,-0.002
1.29200e-02,0
1.29280e-02,-0.002
1.29360e-02,-0.004
1.29440e-02,0
1.29520e-02,-0.002
1.29600e-02,-0.002
1.29680e-02,0
1.29760e-02,-0.008
1.29840e-02,-0.002
1.29920e-02,0.002
1.30000e-02,0.002
1.30080e-02,0.002
1.30160e-02,0
1.30240e-02,-0.004
1.30320e-02,-0.004
1.30400e-02,-0.002
1.30480e-02,-0.002
1.30560e-02,-0.002
1.30640e-02,-0.004
1.30720e-02,0.002
1.30800e-02,0.002
1.30880e-02,0.002
1.30960e-02,-0.004
1.31040e-02,-0.008
1.31120e-02,-0.004
1.31200e-02,0
1.31280e-02,0.002
1.31360e-02,-0.002
1.31440e-02,-0.002
1.31520e-02,-0.002
1.31600e-02,0.004
1.31680e-02,0.004
1.31760e-02,-0.004
1.31840e-02,-0.004
1.31920e-02,-0.004
1.32000e-02,0.004
1.32080e-02,0
1.32160e-02,0.002
1.32240e-02,-0.004
1.32320e-02,-0.002
1.32400e-02,-0.004
1.32480e-02,0.006
1.32560e-02,0.002
1.32640e-02,-0.002
1.32720e-02,-0.002
1.32800e-02,0.002
1.32880e-02,0.004
1.32960e-02,-0.002
1.33040e-02,-0.004
1.33120e-02,-0.002
1.33200e-02,0
1.33280e-02,0.002
1.33360e-02,0.004
1.33440e-02,0
1.33520e-02,0
1.33600e-02,0.002
1.33680e-02,0.002
1.33760e-02,-0.004
1.33840e-02,0
1.33920e-02,-0.002
1.34000e-02,0.002
1.34080e-02,-0.006
1.34160e-02,0.002
1.34240e-02,-0.004
1.34320e-02,-0.002
1.34400e-02,-0.002
1.34480e-02,-0.004
1.34560e-02,0
1.34640e-02,-0.004
1.34720e-02,0
1.34800e-02,-0.002
1.34880e-02,0
1.34960e-02,-0.002
1.35040e-02,0
1.35120e-02,0
1.35200e-02,-0.002
1.35280e-02,-0.002
1.35360e-02,-0.004
1.35440e-02,0
1.35520e-02,-0.004
1.35600e-02,-0.004
1.35680e-02,-0.006
1.35760e-02,-0.002
1.35840e-02,0
1.35920e-02,0
1.36000e-02,-0.002
1.36080e-02,0
1.36160e-02,-0.006
1.36240e-02,-0.002
1.36320e-02,0.002
1.36400e-02,0
1.36480e-02,-0.002
1.36560e-02,-0.008
1.36640e-02,0
1.36720e-02,0.004
1.36800e-02,-0.002
1.36880e-02,0
1.36960e-02,0
1.37040e-02,0.002
1.37120e-02,-0.002
1.37200e-02,-0.002
1.37280e-02,-0.002
1.37360e-02,-0.004
1.37440e-02,0.002
1.37520e-02,-0.004
1.37600e-02,0.004
1.37680e-02,-0.008
1.37760e-02,0.002
1.37840e-02,-0.002
1.37920e-02,-0.002
1.38000e-02,-0.002
1.38080e-02,-0.002
1.38160e-02,-0.008
1.38240e-02,-0.002
1.38320e-02,-0.002
1.38400e-02,-0.002
1.38480e-02,-0.004
1.38560e-02,-0.004
1.38640e-02,-0.004
1.38720e-02,0.002
1.38800e-02,0
1.38880e-02,0
1.38960e-02,-0.002
1.39040e-02,0
1.39120e-02,0
1.39200e-02,-0.002
1.39280e-02,-0.006
1.39360e-02,-0.002
1.39440e-02,0
1.39520e-02,0
1.39600e-02,-0.002
1.39680e-02,-0.008
1.39760e-02,-0.002
1.39840e-02,-0.004
1.39920e-02,-0.002
1.40000e-02,-0.002
1.40080e-02,-0.006
1.40160e-02,-0.004
1.40240e-02,0.002
1.40320e-02,-0.002
1.40400e-02,-0.004
1.40480e-02,-0.004
1.40560e-02,0.002
1.40640e-02,0.002
1.40720e-02,0.002
1.40800e-02,-0.004
1.40880e-02,-0.004
1.40960e-02,0
1.41040e-02,0.002
1.41120e-02,-0.002
1.41200e-02,-0.004
1.41280e-02,0
1.41360e-02,0.002
1.41440e-02,0.002
1.41520e-02,0
1.41600e-02,0.002
1.41680e-02,0.002
1.41760e-02,-0.004
1.41840e-02,0.002
1.41920e-02,-0.002
1.42000e-02,-0.006
1.42080e-02,0
1.42160e-02,-0.004
1.42240e-02,-0.004
1.42320e-02,-0.002
1.42400e-02,-0.004
1.42480e-02,-0.006
1.42560e-02,-0.004
1.42640e-02,0
1.42720e-02,-0.002
1.42800e-02,-0.004
1.42880e-02,0
1.42960e-02,0
1.43040e-02,-0.004
1.43120e-02,0.002
1.43200e-02,-0.004
1.43280e-02,0
1.43360e-02,0
1.43440e-02,0
1.43520e-02,0
1.43600e-02,-0.004
1.43680e-02,-0.002
1.43760e-02,0
1.43840e-02,-0.002
1.43920e-02,-0.002
1.44000e-02,-0.002
1.44080e-02,-0.01
1.44160e-02,0.002
1.44240e-02,0.002
1.44320e-02,-0.002
1.44400e-02,-0.002
1.44480e-02,-0.004
1.44560e-02,0.004
1.44640e-02,0.002
1.44720e-02,-0.002
1.44800e-02,0
1.44880e-02,-0.002
1.44960e-02,-0.004
1.45040e-02,-0.006
1.45120e-02,-0.004
1.45200e-02,0
1.45280e-02,-0.004
1.45360e-02,0.002
1.45440e-02,0
1.45520e-02,-0.002
1.45600e-02,-0.004
1.45680e-02,0
1.45760e-02,0.002
1.45840e-02,0.004
1.45920e-02,-0.002
1.46000e-02,-0.006
1.46080e-02,-0.006
1.46160e-02,0.002
1.46240e-02,-0.002
1.46320e-02,-0.004
1.46400e-02,-0.004
1.46480e-02,0
1.46560e-02,0.004
1.46640e-02,-0.004
1.46720e-02,-0.002
1.46800e-02,0
1.46880e-02,0
1.46960e-02,-0.002
1.47040e-02,-0.004
1.47120e-02,-0.004
1.47200e-02,0
1.47280e-02,-0.004
1.47360e-02,0
1.47440e-02,-0.004
1.47520e-02,-0.002
1.47600e-02,-0.002
1.47680e-02,0
1.47760e-02,-0.002
1.47840e-02,-0.002
1.47920e-02,-0.006
1.48000e-02,-0.004
1.48080e-02,0.002
1.48160e-02,-0.002
1.48240e-02,0
1.48320e-02,-0.006
1.48400e-02,0.002
1.48480e-02,-0.002
1.48560e-02,-0.006
1.48640e-02,-0.002
1.48720e-02,-0.002
1.48800e-02,0.004
1.48880e-02,-0.002
1.48960e-02,-0.004
1.49040e-02,-0.002
1.49120e-02,0
1.49200e-02,0.002
1.49280e-02,-0.002
1.49360e-02,0.002
1.49440e-02,-0.006
1.49520e-02,-0.006
1.49600e-02,-0.002
1.49680e-02,0.002
1.49760e-02,-0.004
1.49840e-02,-0.006
1.49920e-02,-0.002
1.50000e-02,0
1.50080e-02,-0.002
1.50160e-02,0.002
1.50240e-02,-0.004
1.50320e-02,0.002
1.50400e-02,0
1.50480e-02,-0.006
1.50560e-02,-0.004
1.50640e-02,0
1.50720e-02,-0.006
1.50800e-02,-0.002
1.50880e-02,-0.002
1.50960e-02,-0.004
1.51040e-02,-0.002
1.51120e-02,-0.002
1.51200e-02,0
1.51280e-02,-0.002
1.51360e-02,0
1.51440e-02,-0.008
1.51520e-02,0.004
1.51600e-02,0.002
1.51680e-02,-0.01
1.51760e-02,-0.002
1.51840e-02,-0.006
1.51920e-02,0.002
1.52000e-02,0.002
1.52080e-02,-0.008
1.52160e-02,-0.002
1.52240e-02,-0.002
1.52320e-02,0.002
1.52400e-02,0.002
1.52480e-02,0.002
1.52560e-02,-0.004
1.52640e-02,-0.002
1.52720e-02,-0.002
1.52800e-02,0.006
1.52880e-02,0
1.52960e-02,-0.004
1.53040e-02,-0.004
1.53120e-02,0.002
1.53200e-02,-0.002
1.53280e-02,-0.004
1.53360e-02,-0.002
1.53440e-02,0
1.53520e-02,0.002
1.53600e-02,0
1.53680e-02,-0.006
1.53760e-02,-0.008
1.53840e-02,0
1.53920e-02,0
1.54000e-02,0
1.54080e-02,-0.002
1.54160e-02,-0.004
1.54240e-02,0.006
1.54320e-02,-0.002
1.54400e-02,0.002
1.54480e-02,-0.002
1.54560e-02,0
1.54640e-02,0
1.54720e-02,0
1.54800e-02,-0.002
1.54880e-02,-0.006
1.54960e-02,0
1.55040e-02,-0.002
1.55120e-02,0.002
1.55200e-02,-0.002
1.55280e-02,-0.002
1.55360e-02,-0.002
1.55440e-02,-0.004
1.55520e-02,-0.004
1.55600e-02,-0.008
1.55680e-02,0.002
1.55760e-02,0
1.55840e-02,0
1.55920e-02,0.002
1.56000e-02,-0.002
1.56080e-02,-0.002
1.56160e-02,0
1.56240e-02,-0.002
1.56320e-02,0.002
1.56400e-02,-0.004
1.56480e-02,-0.002
1.56560e-02,0
1.56640e-02,0
1.56720e-02,0.002
1.56800e-02,0.002
1.56880e-02,0.004
1.56960e-02,0.002
1.57040e-02,0.004
1.57120e-02,0
1.57200e-02,-0.002
1.57280e-02,-0.002
1.57360e-02,0
1.57440e-02,-0.004
1.57520e-02,-0.002
1.57600e-02,-0.006
1.57680e-02,0
1.57760e-02,0.002
1.57840e-02,-0.004
1.57920e-02,-0.002
1.58000e-02,0.002
1.58080e-02,-0.006
1.58160e-02,0
1.58240e-02,-0.004
1.58320e-02,0
1.58400e-02,-0.006
1.58480e-02,0.002
1.58560e-02,0.004
1.58640e-02,-0.002
1.58720e-02,-0.002
1.58800e-02,-0.002
1.58880e-02,0.002
1.58960e-02,-0.004
1.59040e-02,-0.004
1.59120e-02,-0.002
1.59200e-02,0.004
1.59280e-02,-0.004
1.59360e-02,0
1.59440e-02,-0.004
1.59520e-02,-0.006
1.59600e-02,0
1.59680e-02,-0.002
1.59760e-02,0.002
1.59840e-02,-0.002
1.59920e-02,-0.002
1.60000e-02,-0.002
1.60080e-02,-0.004
1.60160e-02,-0.002
1.60240e-02,0
1.60320e-02,0
1.60400e-02,0.002
1.60480e-02,0
1.60560e-02,-0.004
1.60640e-02,-0.004
1.60720e-02,-0.008
1.60800e-02,0
1.60880e-02,0
1.60960e-02,0
1.61040e-02,-0.002
1.61120e-02,-0.002
1.61200e-02,0
1.61280e-02,-0.002
1.61360e-02,0
1.61440e-02,-0.004
1.61520e-02,-0.006
1.61600e-02,0
1.61680e-02,-0.004
1.61760e-02,0
1.61840e-02,0
1.61920e-02,0
1.62000e-02,0.002
1.62080e-02,0
1.62160e-02,-0.006
1.62240e-02,-0.002
1.62320e-02,-0.004
1.62400e-02,-0.004
1.62480e-02,-0.004
1.62560e-02,-0.004
1.62640e-02,0.002
1.62720e-02,0.002
1.62800e-02,-0.002
1.62880e-02,-0.004
1.62960e-02,-0.002
1.63040e-02,0.004
1.63120e-02,0.004
1.63200e-02,0.002
1.63280e-02,-0.002
1.63360e-02,-0.004
1.63440e-02,0
1.63520e-02,0
1.63600e-02,-0.008
1.63680e-02,0.002
1.63760e-02,-0.004
1.63840e-02,0
1.63920e-02,0.002
1.64000e-02,-0.002
1.64080e-02,0
1.64160e-02,-0.002
1.64240e-02,-0.004
1.64320e-02,0.002
1.64400e-02,0
1.64480e-02,0
1.64560e-02,-0.004
1.64640e-02,-0.004
1.64720e-02,-0.002
1.64800e-02,-0.002
1.64880e-02,0
1.64960e-02,-0.002
1.65040e-02,-0.004
1.65120e-02,-0.002
1.65200e-02,-0.006
1.65280e-02,-0.002
1.65360e-02,0.004
1.65440e-02,-0.004
1.65520e-02,-0.002
1.65600e-02,-0.002
1.65680e-02,-0.002
1.65760e-02,0.004
1.65840e-02,-0.002
1.65920e-02,-0.004
1.66000e-02,-0.002
1.66080e-02,0
1.66160e-02,-0.004
1.66240e-02,-0.004
1.66320e-02,-0.004
1.66400e-02,0
1.66480e-02,-0.002
1.66560e-02,0.002
1.66640e-02,-0.004
1.66720e-02,-0.002
1.66800e-02,0
1.66880e-02,0
1.66960e-02,0
1.67040e-02,-0.002
1.67120e-02,0
1.67200e-02,0
1.67280e-02,-0.006
1.67360e-02,0
1.67440e-02,-0.002
1.67520e-02,-0.006
1.67600e-02,0
1.67680e-02,-0.002
1.67760e-02,0.002
1.67840e-02,-0.006
1.67920e-02,-0.004
1.68000e-02,-0.002
1.68080e-02,0
1.68160e-02,-0.004
1.68240e-02,-0.004
1.68320e-02,-0.004
1.68400e-02,-0.002
1.68480e-02,0.002
1.68560e-02,-0.004
1.68640e-02,0.002
1.68720e-02,-0.006
1.68800e-02,0
1.68880e-02,-0.002
1.68960e-02,-0.004
1.69040e-02,-0.002
1.69120e-02,-0.002
1.69200e-02,-0.002
1.69280e-02,0.004
1.69360e-02,-0.008
1.69440e-02,0
1.69520e-02,0.002
1.69600e-02,-0.002
1.69680e-02,0.004
1.69760e-02,-0.002
1.69840e-02,-0.002
1.69920e-02,-0.002
1.70000e-02,-0.002
1.70080e-02,-0.004
1.70160e-02,-0.004
1.70240e-02,0
1.70320e-02,0.002
1.70400e-02,-0.004
1.70480e-02,-0.002
1.70560e-02,-0.006
1.70640e-02,-0.008
1.70720e-02,0
1.70800e-02,0
1.70880e-02,-0.002
1.70960e-02,-0.004
1.71040e-02,0.002
1.71120e-02,0.004
1.71200e-02,-0.002
1.71280e-02,-0.004
1.71360e-02,-0.002
1.71440e-02,0.002
1.71520e-02,0
1.71600e-02,-0.006
1.71680e-02,-0.006
1.71760e-02,0.002
1.71840e-02,-0.004
1.71920e-02,0
1.72000e-02,-0.002
1.72080e-02,-0.004
1.72160e-02,-0.002
1.72240e-02,-0.004
1.72320e-02,0
1.72400e-02,0
1.72480e-02,-0.004
1.72560e-02,0
1.72640e-02,-0.002
1.72720e-02,-0.002
1.72800e-02,0.006
1.72880e-02,-0.006
1.72960e-02,-0.002
1.73040e-02,-0.002
1.73120e-02,-0.004
1.73200e-02,0.002
1.73280e-02,0
1.73360e-02,-0.004
1.73440e-02,0
1.73520e-02,0
1.73600e-02,-0.002
1.73680e-02,-0.002
1.73760e-02,-0.002
1.73840e-02,0.002
1.73920e-02,0
1.74000e-02,-0.002
1.74080e-02,-0.006
1.74160e-02,-0.004
1.74240e-02,0.002
1.74320e-02,0
1.74400e-02,-0.002
1.74480e-02,-0.002
1.74560e-02,-0.002
1.74640e-02,-0.002
1.74720e-02,-0.004
1.74800e-02,-0.002
1.74880e-02,-0.002
1.74960e-02,-0.004
1.75040e-02,0.006
1.75120e-02,0
1.75200e-02,-0.008
1.75280e-02,-0.004
1.75360e-02,-0.002
1.75440e-02,0.002
1.75520e-02,0.002
1.75600e-02,-0.002
1.75680e-02,-0.006
1.75760e-02,-0.002
1.75840e-02,-0.002
1.75920e-02,0
1.76000e-02,0
1.76080e-02,-0.004
1.76160e-02,-0.002
1.76240e-02,0
1.76320e-02,0.004
1.76400e-02,-0.002
1.76480e-02,-0.002
1.76560e-02,-0.002
1.76640e-02,0
1.76720e-02,-0.002
1.76800e-02,-0.006
1.76880e-02,-0.002
1.76960e-02,0
1.77040e-02,-0.002
1.77120e-02,-0.002
1.77200e-02,-0.006
1.77280e-02,-0.006
1.77360e-02,0.002
1.77440e-02,-0.002
1.77520e-02,0.002
1.77600e-02,-0.002
1.77680e-02,0
1.77760e-02,0.002
1.77840e-02,0
1.77920e-02,0.002
1.78000e-02,0
1.78080e-02,-0.008
1.78160e-02,0
1.78240e-02,0
1.78320e-02,-0.004
1.78400e-02,-0.002
1.78480e-02,-0.006
1.78560e-02,-0.002
1.78640e-02,0.002
1.78720e-02,-0.004
1.78800e-02,-0.006
1.78880e-02,-0.002
1.78960e-02,0
1.79040e-02,-0.002
1.79120e-02,-0.004
1.79200e-02,0.004
1.79280e-02,-0.004
1.79360e-02,0.004
1.79440e-02,0
1.79520e-02,-0.002
1.79600e-02,0.002
1.79680e-02,-0.002
1.79760e-02,0
1.79840e-02,-0.002
1.79920e-02,-0.002
1.80000e-02,-0.004
1.80080e-02,0
1.80160e-02,-0.002
1.80240e-02,-0.002
1.80320e-02,-0.002
1.80400e-02,0
1.80480e-02,-0.004
1.80560e-02,0
1.80640e-02,-0.002
1.80720e-02,-0.004
1.80800e-02,0
1.80880e-02,0.002
1.80960e-02,-0.002
1.81040e-02,-0.002
1.81120e-02,-0.006
1.81200e-02,-0.006
1.81280e-02,0.004
1.81360e-02,-0.004
1.81440e-02,0
1.81520e-02,-0.002
1.81600e-02,-0.006
1.81680e-02,0
1.81760e-02,0
1.81840e-02,0
1.81920e-02,-0.004
1.82000e-02,0
1.82080e-02,0
1.82160e-02,0.002
1.82240e-02,0.002
1.82320e-02,0
1.82400e-02,-0.006
1.82480e-02,0
1.82560e-02,0
1.82640e-02,-0.008
1.82720e-02,0
1.82800e-02,-0.002
1.82880e-02,0
1.82960e-02,-0.002
1.83040e-02,-0.006
1.83120e-02,-0.006
1.83200e-02,-0.004
1.83280e-02,0
1.83360e-02,-0.002
1.83440e-02,-0.004
1.83520e-02,0.004
1.83600e-02,0
1.83680e-02,0
1.83760e-02,-0.004
1.83840e-02,-0.004
1.83920e-02,-0.002
1.84000e-02,-0.002
1.84080e-02,0
1.84160e-02,-0.01
1.84240e-02,0
1.84320e-02,0.002
1.84400e-02,-0.002
1.84480e-02,0.002
1.84560e-02,-0.004
1.84640e-02,-0.004
1.84720e-02,-0.004
1.84800e-02,-0.002
1.84880e-02,0
1.84960e-02,0
1.85040e-02,-0.002
1.85120e-02,-0.002
1.85200e-02,0
1.85280e-02,-0.006
1.85360e-02,-0.002
1.85440e-02,-0.002
1.85520e-02,-0.004
1.85600e-02,-0.002
1.85680e-02,0
1.85760e-02,-0.002
1.85840e-02,0.002
1.85920e-02,-0.004
1.86000e-02,-0.002
1.86080e-02,0
1.86160e-02,-0.006
1.86240e-02,-0.002
1.86320e-02,-0.004
1.86400e-02,-0.002
1.86480e-02,0.002
1.86560e-02,-0.006
1.86640e-02,-0.006
1.86720e-02,-0.002
1.86800e-02,0.002
1.86880e-02,0
1.86960e-02,-0.002
1.87040e-02,-0.004
1.87120e-02,0
1.87200e-02,0
1.87280e-02,-0.002
1.87360e-02,-0.004
1.87440e-02,0
1.87520e-02,0
1.87600e-02,-0.002
1.87680e-02,0
1.87760e-02,-0.004
1.87840e-02,0
1.87920e-02,0.006
1.88000e-02,0.002
1.88080e-02,-0.002
1.88160e-02,-0.002
1.88240e-02,0.002
1.88320e-02,-0.006
1.88400e-02,0
1.88480e-02,-0.006
1.88560e-02,-0.002
1.88640e-02,0.006
1.88720e-02,-0.002
1.88800e-02,-0.006
1.88880e-02,0.002
1.88960e-02,0.002
1.89040e-02,0
1.89120e-02,0
1.89200e-02,-0.002
1.89280e-02,0.004
1.89360e-02,-0.002
1.89440e-02,-0.002
1.89520e-02,0.002
1.89600e-02,-0.004
1.89680e-02,-0.004
1.89760e-02,-0.006
1.89840e-02,-0.002
1.89920e-02,0.002
1.90000e-02,0
1.90080e-02,0
1.90160e-02,-0.004
1.90240e-02,0.002
1.90320e-02,-0.002
1.90400e-02,-0.002
1.90480e-02,0.002
1.90560e-02,-0.004
1.90640e-02,0.004
1.90720e-02,-0.004
1.90800e-02,-0.002
1.90880e-02,0
1.90960e-02,0.002
1.91040e-02,-0.004
1.91120e-02,-0.002
1.91200e-02,-0.006
1.91280e-02,0.002
1.91360e-02,0
1.91440e-02,-0.002
1.91520e-02,0
1.91600e-02,-0.006
1.91680e-02,0.002
1.91760e-02,-0.004
1.91840e-02,0
1.91920e-02,-0.006
1.92000e-02,0.002
1.92080e-02,0
1.92160e-02,-0.006
1.92240e-02,-0.002
1.92320e-02,0
1.92400e-02,0
1.92480e-02,0.002
1.92560e-02,-0.004
1.92640e-02,0
1.92720e-02,-0.008
1.92800e-02,-0.006
1.92880e-02,0.004
1.92960e-02,0
1.93040e-02,-0.004
1.93120e-02,-0.002
1.93200e-02,0
1.93280e-02,-0.004
1.93360e-02,-0.002
1.93440e-02,0
1.93520e-02,-0.002
1.93600e-02,0
1.93680e-02,-0.006
1.93760e-02,-0.004
1.93840e-02,0.002
1.93920e-02,-0.004
1.94000e-02,0.002
1.94080e-02,-0.006
1.94160e-02,-0.002
1.94240e-02,0
1.94320e-02,-0.008
1.94400e-02,0.002
1.94480e-02,-0.004
1.94560e-02,-0.002
1.94640e-02,0.002
1.94720e-02,-0.004
1.94800e-02,0.004
1.94880e-02,-0.004
1.94960e-02,-0.002
1.95040e-02,-0.004
1.95120e-02,-0.002
1.95200e-02,0
1.95280e-02,-0.006
1.95360e-02,-0.004
1.95440e-02,0
1.95520e-02,0.002
1.95600e-02,0.002
1.95680e-02,-0.002
1.95760e-02,-0.006
1.95840e-02,0.002
1.95920e-02,-0.004
1.96000e-02,0.002
1.96080e-02,-0.004
1.96160e-02,-0.006
1.96240e-02,0.002
1.96320e-02,-0.004
1.96400e-02,-0.002
1.96480e-02,0
1.96560e-02,-0.004
1.96640e-02,0
1.96720e-02,-0.004
1.96800e-02,0
1.96880e-02,0
1.96960e-02,0.004
1.97040e-02,-0.002
1.97120e-02,0.004
1.97200e-02,0
1.97280e-02,-0.002
1.97360e-02,0.002
1.97440e-02,0
1.97520e-02,-0.006
1.97600e-02,0.002
1.97680e-02,-0.008
1.97760e-02,-0.002
1.97840e-02,0
1.97920e-02,-0.006
1.98000e-02,-0.002
1.98080e-02,-0.002
1.98160e-02,0.002
1.98240e-02,0
1.98320e-02,0
1.98400e-02,0.002
1.98480e-02,-0.002
1.98560e-02,-0.004
1.98640e-02,-0.002
1.98720e-02,0
1.98800e-02,-0.004
1.98880e-02,0.002
1.98960e-02,0
1.99040e-02,0
1.99120e-02,-0.002
1.99200e-02,-0.004
1.99280e-02,0
1.99360e-02,0
1.99440e-02,-0.004
1.99520e-02,0
1.99600e-02,-0.002
1.99680e-02,-0.002
1.99760e-02,0.002
1.99840e-02,0.002
1.99920e-02,-0.006
2.00000e-02,-0.002
2.00080e-02,0.002
2.00160e-02,-0.002
2.00240e-02,-0.002
2.00320e-02,-0.004
2.00400e-02,0
2.00480e-02,0.002
2.00560e-02,0
2.00640e-02,0.002
2.00720e-02,-0.004
2.00800e-02,-0.002
2.00880e-02,-0.002
2.00960e-02,-0.002
2.01040e-02,-0.002
2.01120e-02,-0.002
2.01200e-02,-0.004
2.01280e-02,0.002
2.01360e-02,0
2.01440e-02,-0.002
2.01520e-02,-0.004
2.01600e-02,0.004
2.01680e-02,-0.002
2.01760e-02,0
2.01840e-02,0
2.01920e-02,0
2.02000e-02,0.002
2.02080e-02,0
2.02160e-02,0.002
2.02240e-02,0
2.02320e-02,0
2.02400e-02,-0.004
2.02480e-02,0.002
2.02560e-02,0.002
2.02640e-02,0
2.02720e-02,-0.002
2.02800e-02,-0.004
2.02880e-02,0.004
2.02960e-02,-0.002
2.03040e-02,-0.006
2.03120e-02,-0.006
2.03200e-02,0
2.03280e-02,0
2.03360e-02,0.002
2.03440e-02,-0.004
2.03520e-02,0
2.03600e-02,0
2.03680e-02,-0.006
2.03760e-02,-0.002
2.03840e-02,-0.002
2.03920e-02,-0.002
2.04000e-02,-0.002
2.04080e-02,0
2.04160e-02,0
2.04240e-02,-0.004
2.04320e-02,-0.004
2.04400e-02,0.002
2.04480e-02,0.002
2.04560e-02,-0.002
2.04640e-02,0
2.04720e-02,-0.004
2.04800e-02,0
2.04880e-02,-0.002
2.04960e-02,-0.004
2.05040e-02,-0.004
2.05120e-02,0
2.05200e-02,0.002
2.05280e-02,-0.006
2.05360e-02,0.002
2.05440e-02,0
2.05520e-02,0.002
2.05600e-02,0.004
2.05680e-02,0.002
2.05760e-02,-0.002
2.05840e-02,0.002
2.05920e-02,0
2.06000e-02,0
2.06080e-02,-0.002
2.06160e-02,-0.002
2.06240e-02,-0.002
2.06320e-02,0
2.06400e-02,-0.002
2.06480e-02,-0.004
2.06560e-02,0
2.06640e-02,-0.002
2.06720e-02,-0.002
2.06800e-02,-0.006
2.06880e-02,-0.006
2.06960e-02,0.002
2.07040e-02,0
2.07120e-02,0.002
2.07200e-02,0
2.07280e-02,0
2.07360e-02,-0.002
2.07440e-02,-0.004
2.07520e-02,0
2.07600e-02,-0.004
2.07680e-02,-0.004
2.07760e-02,-0.006
2.07840e-02,0.004
2.07920e-02,0.002
2.08000e-02,0
2.08080e-02,-0.006
2.08160e-02,0.002
2.08240e-02,-0.002
2.08320e-02,0
2.08400e-02,-0.006
2.08480e-02,0.006
2.08560e-02,0.004
2.08640e-02,-0.004
2.08720e-02,0.004
2.08800e-02,-0.004
2.08880e-02,0
2.08960e-02,0.002
2.09040e-02,-0.002
2.09120e-02,0.002
2.09200e-02,-0.002
2.09280e-02,-0.004
2.09360e-02,-0.004
2.09440e-02,-0.002
2.09520e-02,0
2.09600e-02,-0.002
2.09680e-02,-0.004
2.09760e-02,0
2.09840e-02,-0.002
2.09920e-02,0
2.10000e-02,-0.006
2.10080e-02,0.002
2.10160e-02,-0.004
2.10240e-02,0
2.10320e-02,0
2.10400e-02,0
2.10480e-02,0
2.10560e-02,0.002
2.10640e-02,-0.006
2.10720e-02,0
2.10800e-02,-0.002
2.10880e-02,-0.002
2.10960e-02,0
2.11040e-02,-0.004
2.11120e-02,0.002
2.11200e-02,-0.002
2.11280e-02,-0.006
2.11360e-02,0.002
2.11440e-02,-0.002
2.11520e-02,0.002
2.11600e-02,-0.002
2.11680e-02,-0.002
2.11760e-02,0.002
2.11840e-02,-0.002
2.11920e-02,0.002
2.12000e-02,-0.004
2.12080e-02,0
2.12160e-02,0.002
2.12240e-02,-0.004
2.12320e-02,0
2.12400e-02,0
2.12480e-02,0.002
2.12560e-02,0.004
2.12640e-02,-0.002
2.12720e-02,0.004
2.12800e-02,0
2.12880e-02,-0.002
2.12960e-02,0
2.13040e-02,-0.006
2.13120e-02,-0.002
2.13200e-02,-0.006
2.13280e-02,-0.004
2.13360e-02,0
2.13440e-02,-0.002
2.13520e-02,0.002
2.13600e-02,-0.002
2.13680e-02,-0.004
2.13760e-02,0.004
2.13840e-02,0
2.13920e-02,0.004
2.14000e-02,-0.006
2.14080e-02,-0.002
2.14160e-02,0
2.14240e-02,0
2.14320e-02,-0.002
2.14400e-02,-0.002
2.14480e-02,0
2.14560e-02,-0.002
2.14640e-02,-0.004
2.14720e-02,-0.004
2.14800e-02,0.002
2.14880e-02,-0.002
2.14960e-02,0
2.15040e-02,0
2.15120e-02,-0.004
2.15200e-02,0
2.15280e-02,0
2.15360e-02,-0.006
2.15440e-02,0
2.15520e-02,-0.004
2.15600e-02,-0.006
2.15680e-02,0
2.15760e-02,-0.002
2.15840e-02,-0.004
2.15920e-02,-0.002
2.16000e-02,0
2.16080e-02,0
2.16160e-02,0.002
2.16240e-02,-0.002
2.16320e-02,0.002
2.16400e-02,0
2.16480e-02,-0.006
2.16560e-02,0.002
2.16640e-02,-0.006
2.16720e-02,-0.002
2.16800e-02,0
2.16880e-02,-0.002
2.16960e-02,0
2.17040e-02,-0.006
2.17120e-02,0
2.17200e-02,-0.002
2.17280e-02,-0.002
2.17360e-02,0
2.17440e-02,-0.002
2.17520e-02,-0.004
2.17600e-02,0.002
2.17680e-02,-0.004
2.17760e-02,-0.004
2.17840e-02,0
2.17920e-02,-0.002
2.18000e-02,0.002
2.18080e-02,0
2.18160e-02,-0.004
2.18240e-02,-0.004
2.18320e-02,-0.004
2.18400e-02,0
2.18480e-02,0
2.18560e-02,0.002
2.18640e-02,0
2.18720e-02,-0.004
2.18800e-02,0
2.18880e-02,0.002
2.18960e-02,-0.004
2.19040e-02,-0.006
2.19120e-02,0.004
2.19200e-02,0
2.19280e-02,-0.002
2.19360e-02,-0.004
2.19440e-02,-0.002
2.19520e-02,0.002
2.19600e-02,-0.002
2.19680e-02,0
2.19760e-02,0
2.19840e-02,0
2.19920e-02,0.002
2.20000e-02,0
2.20080e-02,-0.004
2.20160e-02,0
2.20240e-02,-0.002
2.20320e-02,0.002
2.20400e-02,-0.002
2.20480e-02,-0.002
2.20560e-02,-0.004
2.20640e-02,-0.002
2.20720e-02,0
2.20800e-02,0.002
2.20880e-02,0.002
2.20960e-02,0
2.21040e-02,0
2.21120e-02,0.004
2.21200e-02,-0.004
2.21280e-02,-0.002
2.21360e-02,0.004
2.21440e-02,0
2.21520e-02,-0.004
2.21600e-02,-0.006
2.21680e-02,0
2.21760e-02,-0.002
2.21840e-02,0.006
2.21920e-02,-0.002
2.22000e-02,0
2.22080e-02,-0.002
2.22160e-02,0.002
2.22240e-02,-0.006
2.22320e-02,0.004
2.22400e-02,-0.002
2.22480e-02,0
2.22560e-02,0.002
2.22640e-02,-0.004
2.22720e-02,0
2.22800e-02,-0.004
2.22880e-02,-0.002
2.22960e-02,0.002
2.23040e-02,0.002
2.23120e-02,-0.002
2.23200e-02,-0.004
2.23280e-02,0
2.23360e-02,-0.004
2.23440e-02,0
2.23520e-02,0
2.23600e-02,-0.004
2.23680e-02,-0.002
2.23760e-02,-0.002
2.23840e-02,-0.004
2.23920e-02,0.002
2.24000e-02,-0.008
2.24080e-02,0.006
2.24160e-02,-0.002
2.24240e-02,0.002
2.24320e-02,0.002
2.24400e-02,-0.002
2.24480e-02,0
2.24560e-02,-0.002
2.24640e-02,0
2.24720e-02,-0.002
2.24800e-02,0
2.24880e-02,-0.002
2.24960e-02,0
2.25040e-02,-0.004
2.25120e-02,0.002
2.25200e-02,0.004
2.25280e-02,0
2.25360e-02,-0.004
2.25440e-02,-0.008
2.25520e-02,0.002
2.25600e-02,0
2.25680e-02,-0.002
2.25760e-02,-0.002
2.25840e-02,-0.004
2.25920e-02,0
2.26000e-02,0.002
2.26080e-02,-0.002
2.26160e-02,-0.008
2.26240e-02,-0.002
2.26320e-02,-0.006
2.26400e-02,0.002
2.26480e-02,0.004
2.26560e-02,-0.002
2.26640e-02,-0.004
2.26720e-02,0
2.26800e-02,-0.002
2.26880e-02,0.002
2.26960e-02,-0.006
2.27040e-02,-0.002
2.27120e-02,0.002
2.27200e-02,-0.006
2.27280e-02,-0.002
2.27360e-02,-0.002
2.27440e-02,0
2.27520e-02,0.004
2.27600e-02,-0.004
2.27680e-02,0.004
2.27760e-02,-0.002
2.27840e-02,0.006
2.27920e-02,0.004
2.28000e-02,-0.004
2.28080e-02,0.002
2.28160e-02,0
2.28240e-02,0.002
2.28320e-02,0
2.28400e-02,-0.006
2.28480e-02,0.002
2.28560e-02,0
2.28640e-02,-0.002
2.28720e-02,0
2.28800e-02,-0.006
2.28880e-02,0.002
2.28960e-02,-0.002
2.29040e-02,0.002
2.29120e-02,-0.002
2.29200e-02,-0.004
2.29280e-02,-0.002
2.29360e-02,0
2.29440e-02,0.004
2.29520e-02,0.002
2.29600e-02,-0.002
2.29680e-02,0
2.29760e-02,0
2.29840e-02,0
2.29920e-02,-0.002
2.30000e-02,-0.004
2.30080e-02,-0.002
2.30160e-02,0.002
2.30240e-02,0.006
2.30320e-02,-0.002
2.30400e-02,0
2.30480e-02,0
2.30560e-02,0
2.30640e-02,0
2.30720e-02,-0.002
2.30800e-02,-0.004
2.30880e-02,-0.002
2.30960e-02,0.002
2.31040e-02,0
2.31120e-02,0
2.31200e-02,0
2.31280e-02,-0.002
2.31360e-02,0
2.31440e-02,0.006
2.31520e-02,0
2.31600e-02,-0.006
2.31680e-02,-0.006
2.31760e-02,0
2.31840e-02,-0.004
2.31920e-02,0.002
2.32000e-02,-0.004
2.32080e-02,-0.002
2.32160e-02,0.006
2.32240e-02,-0.002
2.32320e-02,0.002
2.32400e-02,0
2.32480e-02,-0.002
2.32560e-02,0.004
2.32640e-02,0
2.32720e-02,-0.004
2.32800e-02,-0.006
2.32880e-02,0
2.32960e-02,0.004
2.33040e-02,0
2.33120e-02,0.002
2.33200e-02,-0.006
2.33280e-02,0.002
2.33360e-02,0.002
2.33440e-02,0
2.33520e-02,-0.002
2.33600e-02,0.002
2.33680e-02,0
2.33760e-02,0.004
2.33840e-02,0.004
2.33920e-02,-0.004
2.34000e-02,0.002
2.34080e-02,-0.002
2.34160e-02,0.006
2.34240e-02,0
2.34320e-02,-0.002
2.34400e-02,-0.008
2.34480e-02,-0.006
2.34560e-02,0.002
2.34640e-02,0
2.34720e-02,-0.006
2.34800e-02,0
2.34880e-02,0.002
2.34960e-02,0.004
2.35040e-02,-0.002
2.35120e-02,-0.002
2.35200e-02,-0.002
2.35280e-02,-0.004
2.35360e-02,-0.004
2.35440e-02,0
2.35520e-02,-0.004
2.35600e-02,0.004
2.35680e-02,0
2.35760e-02,0.002
2.35840e-02,0
2.35920e-02,-0.004
2.36000e-02,0.004
2.36080e-02,-0.002
2.36160e-02,0.004
2.36240e-02,0
2.36320e-02,-0.002
2.36400e-02,-0.004
2.36480e-02,-0.002
2.36560e-02,0
2.36640e-02,0
2.36720e-02,-0.004
2.36800e-02,0
2.36880e-02,0.006
2.36960e-02,-0.002
2.37040e-02,0
2.37120e-02,-0.006
2.37200e-02,-0.002
2.37280e-02,0
2.37360e-02,0
2.37440e-02,-0.002
2.37520e-02,0
2.37600e-02,0.004
2.37680e-02,0.002
2.37760e-02,-0.002
2.37840e-02,0
2.37920e-02,-0.004
2.38000e-02,-0.002
2.38080e-02,0.004
2.38160e-02,0
2.38240e-02,0
2.38320e-02,-0.002
2.38400e-02,0.002
2.38480e-02,0.002
2.38560e-02,0.002
2.38640e-02,0
2.38720e-02,0.002
2.38800e-02,-0.002
2.38880e-02,0.002
2.38960e-02,0
2.39040e-02,-0.004
2.39120e-02,0
2.39200e-02,-0.004
2.39280e-02,-0.002
2.39360e-02,0.002
2.39440e-02,0
2.39520e-02,0
2.39600e-02,0.002
2.39680e-02,0
2.39760e-02,0.002
2.39840e-02,0
2.39920e-02,0.002
2.40000e-02,0.004
2.40080e-02,0.002
2.40160e-02,0.002
2.40240e-02,0.002
2.40320e-02,0.004
2.40400e-02,0
2.40480e-02,0.004
2.40560e-02,0.002
2.40640e-02,0.002
2.40720e-02,0
2.40800e-02,0
2.40880e-02,-0.002
2.40960e-02,0.002
2.41040e-02,-0.002
2.41120e-02,0
2.41200e-02,0.002
2.41280e-02,0.002
2.41360e-02,0.006
2.41440e-02,0.002
2.41520e-02,0
2.41600e-02,0
2.41680e-02,0.002
2.41760e-02,0.006
2.41840e-02,0
2.41920e-02,0
2.42000e-02,0.004
2.42080e-02,0
2.42160e-02,-0.002
2.42240e-02,0
2.42320e-02,-0.002
2.42400e-02,0.002
2.42480e-02,-0.002
2.42560e-02,-0.002
2.42640e-02,-0.004
2.42720e-02,-0.006
2.42800e-02,0.008
2.42880e-02,0
2.42960e-02,0.004
2.43040e-02,-0.004
2.43120e-02,-0.008
2.43200e-02,0.002
2.43280e-02,0.002
2.43360e-02,-0.002
2.43440e-02,0.002
2.43520e-02,0
2.43600e-02,-0.002
2.43680e-02,-0.002
2.43760e-02,0.002
2.43840e-02,0.002
2.43920e-02,0
2.44000e-02,0.002
2.44080e-02,0
2.44160e-02,0.002
2.44240e-02,-0.004
2.44320e-02,-0.004
2.44400e-02,0
2.44480e-02,0
2.44560e-02,0.006
2.44640e-02,0.002
2.44720e-02,-0.004
2.44800e-02,0
2.44880e-02,-0.002
2.44960e-02,0.002
2.45040e-02,0
2.45120e-02,0
2.45200e-02,-0.002
2.45280e-02,-0.002
2.45360e-02,0
2.45440e-02,0.002
2.45520e-02,-0.002
2.45600e-02,-0.002
2.45680e-02,0
2.45760e-02,0.008
2.45840e-02,0.002
2.45920e-02,-0.002
2.46000e-02,0
2.46080e-02,0
2.46160e-02,0
2.46240e-02,-0.002
2.46320e-02,-0.004
2.46400e-02,-0.004
2.46480e-02,0
2.46560e-02,-0.002
2.46640e-02,0
2.46720e-02,-0.006
2.46800e-02,-0.002
2.46880e-02,0
2.46960e-02,0
2.47040e-02,-0.002
2.47120e-02,0
2.47200e-02,-0.006
2.47280e-02,0.002
2.47360e-02,0
2.47440e-02,-0.006
2.47520e-02,0
2.47600e-02,-0.006
2.47680e-02,0.002
2.47760e-02,-0.002
2.47840e-02,0
2.47920e-02,-0.004
2.48000e-02,0
2.48080e-02,0.002
2.48160e-02,0
2.48240e-02,0.002
2.48320e-02,-0.004
2.48400e-02,0.004
2.48480e-02,0.002
2.48560e-02,0.002
2.48640e-02,0
2.48720e-02,0.002
2.48800e-02,-0.002
2.48880e-02,0.004
2.48960e-02,0.002
2.49040e-02,-0.006
2.49120e-02,0.004
2.49200e-02,-0.004
2.49280e-02,0.002
2.49360e-02,-0.002
2.49440e-02,-0.002
2.49520e-02,0.002
2.49600e-02,-0.004
2.49680e-02,0.002
2.49760e-02,0.002
2.49840e-02,-0.006
2.49920e-02,0
2.50000e-02,-0.002
2.50080e-02,0.004
2.50160e-02,0.004
2.50240e-02,-0.002
2.50320e-02,0.002
2.50400e-02,-0.002
2.50480e-02,0
2.50560e-02,-0.002
2.50640e-02,-0.002
2.50720e-02,-0.002
2.50800e-02,0.002
2.50880e-02,-0.002
2.50960e-02,0
2.51040e-02,0.004
2.51120e-02,0
2.51200e-02,0.006
2.51280e-02,-0.002
2.51360e-02,0.002
2.51440e-02,-0.004
2.51520e-02,0
2.51600e-02,-0.002
2.51680e-02,-0.002
2.51760e-02,0
2.51840e-02,0
2.51920e-02,0
2.52000e-02,0.004
2.52080e-02,0
2.52160e-02,0
2.52240e-02,-0.002
2.52320e-02,0
2.52400e-02,0
2.52480e-02,0.004
2.52560e-02,0
2.52640e-02,0
2.52720e-02,-0.002
2.52800e-02,0
2.52880e-02,0.002
2.52960e-02,0
2.53040e-02,-0.002
2.53120e-02,0.004
2.53200e-02,0
2.53280e-02,0.002
2.53360e-02,-0.004
2.53440e-02,0.002
2.53520e-02,-0.006
2.53600e-02,0.006
2.53680e-02,-0.002
2.53760e-02,-0.004
2.53840e-02,-0.002
2.53920e-02,0.004
2.54000e-02,0
2.54080e-02,0
2.54160e-02,-0.002
2.54240e-02,-0.004
2.54320e-02,0
2.54400e-02,0.002
2.54480e-02,0.002
2.54560e-02,-0.006
2.54640e-02,0.002
2.54720e-02,-0.002
2.54800e-02,-0.002
2.54880e-02,0.004
2.54960e-02,-0.002
2.55040e-02,0.002
2.55120e-02,0.004
2.55200e-02,0
2.55280e-02,-0.002
2.55360e-02,-0.002
2.55440e-02,0.002
2.55520e-02,0.004
2.55600e-02,0.002
2.55680e-02,0.002
2.55760e-02,-0.002
2.55840e-02,0.004
2.55920e-02,0.006
2.56000e-02,0.004
2.56080e-02,-0.004
2.56160e-02,0
2.56240e-02,0
2.56320e-02,0
2.56400e-02,0
2.56480e-02,0
2.56560e-02,0
2.56640e-02,0
2.56720e-02,0.004
2.56800e-02,-0.002
2.56880e-02,0
2.56960e-02,-0.002
2.57040e-02,-0.004
2.57120e-02,0.002
2.57200e-02,0.002
2.57280e-02,-0.002
2.57360e-02,0.004
2.57440e-02,0.002
2.57520e-02,-0.002
2.57600e-02,0.002
2.57680e-02,0
2.57760e-02,0.004
2.57840e-02,0
2.57920e-02,-0.004
2.58000e-02,0
2.58080e-02,-0.004
2.58160e-02,-0.002
2.58240e-02,0.002
2.58320e-02,0
2.58400e-02,0
2.58480e-02,0
2.58560e-02,0
2.58640e-02,-0.002
2.58720e-02,-0.002
2.58800e-02,0
2.58880e-02,-0.002
2.58960e-02,0
2.59040e-02,-0.002
2.59120e-02,0
2.59200e-02,-0.002
2.59280e-02,-0.002
2.59360e-02,0.002
2.59440e-02,-0.002
2.59520e-02,0
2.59600e-02,0
2.59680e-02,0
2.59760e-02,0.004
2.59840e-02,-0.002
2.59920e-02,0
2.60000e-02,-0.004
2.60080e-02,0.002
2.60160e-02,0
2.60240e-02,0.004
2.60320e-02,-0.002
2.60400e-02,0.002
2.60480e-02,-0.002
2.60560e-02,0
2.60640e-02,0
2.60720e-02,-0.002
2.60800e-02,0.002
2.60880e-02,0.004
2.60960e-02,0.004
2.61040e-02,0
2.61120e-02,-0.004
2.61200e-02,0.004
2.61280e-02,-0.002
2.61360e-02,0.002
2.61440e-02,0
2.61520e-02,0
2.61600e-02,0
2.61680e-02,0.004
2.61760e-02,0
2.61840e-02,0.002
2.61920e-02,0
2.62000e-02,-0.002
2.62080e-02,-0.002
2.62160e-02,-0.002
2.62240e-02,0.002
2.62320e-02,0
2.62400e-02,-0.002
2.62480e-02,0.002
2.62560e-02,0.002
2.62640e-02,0
2.62720e-02,0
2.62800e-02,-0.004
2.62880e-02,0.002
2.62960e-02,0
2.63040e-02,-0.004
2.63120e-02,0.006
2.63200e-02,-0.002
2.63280e-02,0
2.63360e-02,0.006
2.63440e-02,-0.002
2.63520e-02,0
2.63600e-02,0.002
2.63680e-02,0.004
2.63760e-02,-0.002
2.63840e-02,0
2.63920e-02,0
2.64000e-02,-0.002
2.64080e-02,-0.002
2.64160e-02,-0.006
2.64240e-02,0.002
2.64320e-02,-0.002
2.64400e-02,-0.002
2.64480e-02,0
2.64560e-02,0.002
2.64640e-02,-0.002
2.64720e-02,-0.002
2.64800e-02,0
2.64880e-02,0.002
2.64960e-02,0
2.65040e-02,-0.002
2.65120e-02,-0.004
2.65200e-02,0
2.65280e-02,0.004
2.65360e-02,-0.002
2.65440e-02,-0.006
2.65520e-02,-0.004
2.65600e-02,0.004
2.65680e-02,0.004
2.65760e-02,-0.002
2.65840e-02,-0.004
2.65920e-02,0
2.66000e-02,0
2.66080e-02,0.002
2.66160e-02,0.002
2.66240e-02,-0.002
2.66320e-02,0
2.66400e-02,-0.002
2.66480e-02,0
2.66560e-02,0.002
2.66640e-02,-0.002
2.66720e-02,0.004
2.66800e-02,0.002
2.66880e-02,-0.004
2.66960e-02,-0.002
2.67040e-02,0.002
2.67120e-02,0.004
2.67200e-02,0
2.67280e-02,-0.002
2.67360e-02,-0.004
2.67440e-02,0.002
2.67520e-02,-0.002
2.67600e-02,0
2.67680e-02,0
2.67760e-02,0
2.67840e-02,-0.002
2.67920e-02,0.002
2.68000e-02,0.006
2.68080e-02,0.002
2.68160e-02,-0.008
2.68240e-02,0.002
2.68320e-02,-0.002
2.68400e-02,0.004
2.68480e-02,0.002
2.68560e-02,-0.004
2.68640e-02,0.002
2.68720e-02,-0.002
2.68800e-02,0.002
2.68880e-02,0.002
2.68960e-02,-0.002
2.69040e-02,-0.002
2.69120e-02,0.002
2.69200e-02,0
2.69280e-02,0.004
2.69360e-02,-0.004
2.69440e-02,0
2.69520e-02,0.006
2.69600e-02,0.004
2.69680e-02,0
2.69760e-02,0
2.69840e-02,-0.006
2.69920e-02,0.002
2.70000e-02,0.006
2.70080e-02,-0.002
2.70160e-02,0
2.70240e-02,-0.002
2.70320e-02,0
2.70400e-02,0.004
2.70480e-02,0.002
2.70560e-02,0.002
2.70640e-02,-0.002
2.70720e-02,0
2.70800e-02,0
2.70880e-02,0
2.70960e-02,-0.002
2.71040e-02,0.002
2.71120e-02,-0.002
2.71200e-02,0.006
2.71280e-02,0.002
2.71360e-02,-0.002
2.71440e-02,0
2.71520e-02,0
2.71600e-02,0.004
2.71680e-02,0
2.71760e-02,0
2.71840e-02,0.002
2.71920e-02,-0.004
2.72000e-02,-0.002
2.72080e-02,0
2.72160e-02,0
2.72240e-02,-0.004
2.72320e-02,0
2.72400e-02,-0.004
2.72480e-02,0
2.72560e-02,0.004
2.72640e-02,-0.002
2.72720e-02,0.002
2.72800e-02,0.002
2.72880e-02,0.006
2.72960e-02,0
2.73040e-02,-0.004
2.73120e-02,0.004
2.73200e-02,0.004
2.73280e-02,-0.004
2.73360e-02,0
2.73440e-02,0
2.73520e-02,0.004
2.73600e-02,0.002
2.73680e-02,0.002
2.73760e-02,0
2.73840e-02,-0.004
2.73920e-02,-0.002
2.74000e-02,-0.002
2.74080e-02,0.002
2.74160e-02,-0.004
2.74240e-02,0
2.74320e-02,-0.004
2.74400e-02,0.002
2.74480e-02,0.002
2.74560e-02,0
2.74640e-02,-0.004
2.74720e-02,0
2.74800e-02,-0.002
2.74880e-02,0
2.74960e-02,0.002
2.75040e-02,-0.004
2.75120e-02,0
2.75200e-02,0
2.75280e-02,0.002
2.75360e-02,0
2.75440e-02,-0.002
2.75520e-02,-0.002
2.75600e-02,0
2.75680e-02,-0.002
2.75760e-02,0.002
2.75840e-02,0
2.75920e-02,0
2.76000e-02,0.002
2.76080e-02,0.002
2.76160e-02,0
2.76240e-02,0
2.76320e-02,0
2.76400e-02,-0.002
2.76480e-02,-0.002
2.76560e-02,0
2.76640e-02,-0.002
2.76720e-02,0.002
2.76800e-02,0
2.76880e-02,-0.002
2.76960e-02,-0.004
2.77040e-02,-0.004
2.77120e-02,-0.002
2.77200e-02,0.004
2.77280e-02,-0.002
2.77360e-02,0
2.77440e-02,-0.004
2.77520e-02,0
2.77600e-02,0
2.77680e-02,0.002
2.77760e-02,0
2.77840e-02,-0.002
2.77920e-02,0.002
2.78000e-02,-0.002
2.78080e-02,0.002
2.78160e-02,0
2.78240e-02,-0.006
2.78320e-02,0
2.78400e-02,0
2.78480e-02,0.004
2.78560e-02,0
2.78640e-02,-0.006
2.78720e-02,0
2.78800e-02,0
2.78880e-02,0.004
2.78960e-02,0.002
2.79040e-02,-0.004
2.79120e-02,-0.002
2.79200e-02,0.002
2.79280e-02,0.002
2.79360e-02,0.004
2.79440e-02,0
2.79520e-02,0
2.79600e-02,0.002
2.79680e-02,0
2.79760e-02,0.002
2.79840e-02,0.002
2.79920e-02,0.002
2.80000e-02,0
2.80080e-02,0
2.80160e-02,0
2.80240e-02,0.002
2.80320e-02,0.002
2.80400e-02,0.002
2.80480e-02,-0.002
2.80560e-02,0
2.80640e-02,-0.004
2.80720e-02,-0.002
2.80800e-02,0.006
2.80880e-02,0.002
2.80960e-02,-0.002
2.81040e-02,0.002
2.81120e-02,0.002
2.81200e-02,0.002
2.81280e-02,0.002
2.81360e-02,0.004
2.81440e-02,0.002
2.81520e-02,0.002
2.81600e-02,0.006
2.81680e-02,0.004
2.81760e-02,-0.004
2.81840e-02,0
2.81920e-02,0
2.82000e-02,0
2.82080e-02,0.002
2.82160e-02,0.002
2.82240e-02,0.002
2.82320e-02,0.002
2.82400e-02,0.002
2.82480e-02,0
2.82560e-02,-0.002
2.82640e-02,0.004
2.82720e-02,0.004
2.82800e-02,0.002
2.82880e-02,0.004
2.82960e-02,-0.002
2.83040e-02,-0.002
2.83120e-02,0.004
2.83200e-02,0.002
2.83280e-02,-0.004
2.83360e-02,0
2.83440e-02,0
2.83520e-02,-0.002
2.83600e-02,0
2.83680e-02,-0.004
2.83760e-02,0.002
2.83840e-02,-0.002
2.83920e-02,0.006
2.84000e-02,0
2.84080e-02,-0.006
2.84160e-02,0.004
2.84240e-02,-0.002
2.84320e-02,0.002
2.84400e-02,-0.006
2.84480e-02,-0.002
2.84560e-02,-0.002
2.84640e-02,-0.002
2.84720e-02,0
2.84800e-02,0
2.84880e-02,-0.004
2.84960e-02,0.006
2.85040e-02,0
2.85120e-02,-0.002
2.85200e-02,-0.002
2.85280e-02,0.002
2.85360e-02,0.002
2.85440e-02,0.006
2.85520e-02,-0.004
2.85600e-02,0.004
2.85680e-02,0
2.85760e-02,-0.002
2.85840e-02,0.004
2.85920e-02,-0.008
2.86000e-02,-0.002
2.86080e-02,0
2.86160e-02,-0.002
2.86240e-02,0
2.86320e-02,0
2.86400e-02,0.004
2.86480e-02,0.002
2.86560e-02,0
2.86640e-02,0.004
2.86720e-02,-0.002
2.86800e-02,-0.004
2.86880e-02,0
2.86960e-02,0.002
2.87040e-02,0
2.87120e-02,0
2.87200e-02,-0.002
2.87280e-02,0
2.87360e-02,-0.002
2.87440e-02,-0.004
2.87520e-02,-0.002
2.87600e-02,0.002
2.87680e-02,0.006
2.87760e-02,0.004
2.87840e-02,-0.004
2.87920e-02,0.002
2.88000e-02,0.002
2.88080e-02,-0.002
2.88160e-02,0.004
2.88240e-02,0.002
2.88320e-02,0
2.88400e-02,0.004
2.88480e-02,-0.002
2.88560e-02,0.004
2.88640e-02,0
2.88720e-02,0.002
2.88800e-02,0.008
2.88880e-02,0
2.88960e-02,0
2.89040e-02,0
2.89120e-02,0
2.89200e-02,0
2.89280e-02,-0.002
2.89360e-02,0.002
2.89440e-02,0
2.89520e-02,-0.004
2.89600e-02,0
2.89680e-02,0
2.89760e-02,0.002
2.89840e-02,-0.002
2.89920e-02,0
2.90000e-02,-0.002
2.90080e-02,0
2.90160e-02,0
2.90240e-02,0.002
2.90320e-02,-0.002
2.90400e-02,0
2.90480e-02,-0.002
2.90560e-02,-0.002
2.90640e-02,0
2.90720e-02,-0.002
2.90800e-02,0
2.90880e-02,0
2.90960e-02,-0.002
2.91040e-02,0.002
2.91120e-02,0.002
2.91200e-02,0.002
2.91280e-02,-0.006
2.91360e-02,0.002
2.91440e-02,-0.002
2.91520e-02,-0.002
2.91600e-02,-0.002
2.91680e-02,0
2.91760e-02,0
2.91840e-02,-0.002
2.91920e-02,0.006
2.92000e-02,0
2.92080e-02,0
2.92160e-02,0.004
2.92240e-02,-0.004
2.92320e-02,0
2.92400e-02,0
2.92480e-02,-0.002
2.92560e-02,0.004
2.92640e-02,0.002
2.92720e-02,0
2.92800e-02,0
2.92880e-02,0
2.92960e-02,0.002
2.93040e-02,-0.002
2.93120e-02,-0.002
2.93200e-02,0.002
2.93280e-02,0.002
2.93360e-02,0
2.93440e-02,0.002
2.93520e-02,-0.002
2.93600e-02,-0.002
2.93680e-02,-0.004
2.93760e-02,-0.002
2.93840e-02,0.002
2.93920e-02,0
2.94000e-02,-0.002
2.94080e-02,0.002
2.94160e-02,-0.004
2.94240e-02,0.002
2.94320e-02,0.004
2.94400e-02,-0.004
2.94480e-02,-0.004
2.94560e-02,0
2.94640e-02,0
2.94720e-02,0.002
2.94800e-02,0
2.94880e-02,-0.002
2.94960e-02,0.004
2.95040e-02,0
2.95120e-02,0.006
2.95200e-02,0
2.95280e-02,-0.004
2.95360e-02,-0.004
2.95440e-02,0.004
2.95520e-02,0.002
2.95600e-02,0.002
2.95680e-02,-0.004
2.95760e-02,0
2.95840e-02,0.006
2.95920e-02,0.002
2.96000e-02,-0.002
2.96080e-02,-0.002
2.96160e-02,0
2.96240e-02,0.002
2.96320e-02,-0.002
2.96400e-02,-0.002
2.96480e-02,0.004
2.96560e-02,0.006
2.96640e-02,-0.004
2.96720e-02,0
2.96800e-02,-0.002
2.96880e-02,-0.002
2.96960e-02,0.002
2.97040e-02,-0.002
2.97120e-02,0.002
2.97200e-02,-0.004
2.97280e-02,0
2.97360e-02,0.002
2.97440e-02,0
2.97520e-02,0.002
2.97600e-02,0
2.97680e-02,-0.002
2.97760e-02,0.002
2.97840e-02,0.002
2.97920e-02,-0.002
2.98000e-02,0.002
2.98080e-02,-0.006
2.98160e-02,0.002
2.98240e-02,0.002
2.98320e-02,0
2.98400e-02,0.002
2.98480e-02,0.002
2.98560e-02,0.002
2.98640e-02,0
2.98720e-02,-0.002
2.98800e-02,-0.006
2.98880e-02,0
2.98960e-02,0
2.99040e-02,0.008
2.99120e-02,-0.004
2.99200e-02,0
2.99280e-02,-0.002
2.99360e-02,0
2.99440e-02,0.002
2.99520e-02,0.002
2.99600e-02,-0.006
2.99680e-02,-0.004
2.99760e-02,0.002
2.99840e-02,-0.002
2.99920e-02,0.002
3.00000e-02,0.004
3.00080e-02,0
3.00160e-02,0
3.00240e-02,0.004
3.00320e-02,0
3.00400e-02,-0.002
3.00480e-02,0.002
3.00560e-02,0.002
3.00640e-02,0.004
3.00720e-02,-0.004
3.00800e-02,0.002
3.00880e-02,0
3.00960e-02,0.002
3.01040e-02,-0.002
3.01120e-02,0.002
3.01200e-02,0
3.01280e-02,0.002
3.01360e-02,-0.002
3.01440e-02,0.002
3.01520e-02,-0.004
3.01600e-02,0.002
3.01680e-02,0.002
3.01760e-02,0
3.01840e-02,0.002
3.01920e-02,-0.002
3.02000e-02,-0.004
3.02080e-02,-0.002
3.02160e-02,0.002
3.02240e-02,0.002
3.02320e-02,0
3.02400e-02,-0.002
3.02480e-02,-0.002
3.02560e-02,0.004
3.02640e-02,0.002
3.02720e-02,0.002
3.02800e-02,-0.004
3.02880e-02,-0.002
3.02960e-02,0.002
3.03040e-02,-0.004
3.03120e-02,0
3.03200e-02,-0.002
3.03280e-02,-0.006
3.03360e-02,0.004
3.03440e-02,0.002
3.03520e-02,-0.004
3.03600e-02,-0.002
3.03680e-02,0
3.03760e-02,0.002
3.03840e-02,0.004
3.03920e-02,-0.002
3.04000e-02,-0.002
3.04080e-02,0.002
3.04160e-02,0
3.04240e-02,0
3.04320e-02,0.002
3.04400e-02,-0.002
3.04480e-02,0.004
3.04560e-02,0.002
3.04640e-02,0.002
3.04720e-02,-0.002
3.04800e-02,0
3.04880e-02,0.002
3.04960e-02,0
3.05040e-02,-0.002
3.05120e-02,-0.004
3.05200e-02,0.002
3.05280e-02,-0.002
3.05360e-02,0.002
3.05440e-02,-0.004
3.05520e-02,-0.002
3.05600e-02,0
3.05680e-02,0.002
3.05760e-02,0.004
3.05840e-02,0
3.05920e-02,0.002
3.06000e-02,-0.002
3.06080e-02,0
3.06160e-02,0.002
3.06240e-02,-0.002
3.06320e-02,0
3.06400e-02,0.002
3.06480e-02,0
3.06560e-02,-0.002
3.06640e-02,-0.002
3.06720e-02,-0.004
3.06800e-02,0
3.06880e-02,0.002
3.06960e-02,0.002
3.07040e-02,0.002
3.07120e-02,-0.006
3.07200e-02,0.002
3.07280e-02,0.002
3.07360e-02,0
3.07440e-02,-0.004
3.07520e-02,0.008
3.07600e-02,-0.002
3.07680e-02,0
3.07760e-02,0
3.07840e-02,0.002
3.07920e-02,0.002
3.08000e-02,-0.004
3.08080e-02,0.002
3.08160e-02,0.004
3.08240e-02,0.002
3.08320e-02,0
3.08400e-02,-0.004
3.08480e-02,0.002
3.08560e-02,0.002
3.08640e-02,-0.002
3.08720e-02,0
3.08800e-02,0
3.08880e-02,0.002
3.08960e-02,0
3.09040e-02,0.004
3.09120e-02,-0.002
3.09200e-02,0.002
3.09280e-02,0
3.09360e-02,-0.002
3.09440e-02,0
3.09520e-02,-0.002
3.09600e-02,0
3.09680e-02,0.004
3.09760e-02,0.004
3.09840e-02,0.002
3.09920e-02,-0.002
3.10000e-02,-0.006
3.10080e-02,0.002
3.10160e-02,0.002
3.10240e-02,0.004
3.10320e-02,-0.002
3.10400e-02,-0.002
3.10480e-02,0.006
3.10560e-02,0
3.10640e-02,-0.004
3.10720e-02,-0.004
3.10800e-02,-0.004
3.10880e-02,0.002
3.10960e-02,0.006
3.11040e-02,0.004
3.11120e-02,0.002
3.11200e-02,0
3.11280e-02,0.002
3.11360e-02,0
3.11440e-02,-0.006
3.11520e-02,0
3.11600e-02,0
3.11680e-02,0.004
3.11760e-02,0.01
3.11840e-02,0
3.11920e-02,0
3.12000e-02,0
3.12080e-02,0.002
3.12160e-02,0.006
3.12240e-02,0
3.12320e-02,-0.004
3.12400e-02,0.002
3.12480e-02,0.004
3.12560e-02,-0.004
3.12640e-02,-0.002
3.12720e-02,-0.004
3.12800e-02,-0.002
3.12880e-02,0.004
3.12960e-02,0.002
3.13040e-02,0
3.13120e-02,-0.002
3.13200e-02,0.002
3.13280e-02,0.006
3.13360e-02,0
3.13440e-02,-0.002
3.13520e-02,-0.004
3.13600e-02,-0.002
3.13680e-02,0.004
3.13760e-02,-0.004
3.13840e-02,-0.002
3.13920e-02,0.004
3.14000e-02,-0.002
3.14080e-02,0
3.14160e-02,0
3.14240e-02,0.002
3.14320e-02,0.006
3.14400e-02,0.004
3.14480e-02,0.002
3.14560e-02,-0.002
3.14640e-02,0
3.14720e-02,0
3.14800e-02,0.002
3.14880e-02,0
3.14960e-02,0
3.15040e-02,-0.004
3.15120e-02,0
3.15200e-02,0.006
3.15280e-02,0.002
3.15360e-02,-0.002
3.15440e-02,-0.002
3.15520e-02,-0.002
3.15600e-02,0.004
3.15680e-02,0.002
3.15760e-02,-0.002
3.15840e-02,0.002
3.15920e-02,0
3.16000e-02,0
3.16080e-02,0
3.16160e-02,-0.004
3.16240e-02,0
3.16320e-02,0.002
3.16400e-02,0.002
3.16480e-02,0.002
3.16560e-02,0.004
3.16640e-02,-0.002
3.16720e-02,0
3.16800e-02,0
3.16880e-02,-0.004
3.16960e-02,0
3.17040e-02,-0.004
3.17120e-02,0
3.17200e-02,0.002
3.17280e-02,-0.01
3.17360e-02,-0.002
3.17440e-02,0.006
3.17520e-02,-0.004
3.17600e-02,0.006
3.17680e-02,-0.004
3.17760e-02,-0.002
3.17840e-02,0.008
3.17920e-02,-0.004
3.18000e-02,0
3.18080e-02,-0.002
3.18160e-02,-0.002
3.18240e-02,0.004
3.18320e-02,0.006
3.18400e-02,0
3.18480e-02,0
3.18560e-02,0.002
3.18640e-02,0
3.18720e-02,0.006
3.18800e-02,0
3.18880e-02,0
3.18960e-02,-0.006
3.19040e-02,-0.006
3.19120e-02,0.002
3.19200e-02,0
3.19280e-02,0
3.19360e-02,0
3.19440e-02,0
3.19520e-02,0.01
3.19600e-02,0
3.19680e-02,-0.002
3.19760e-02,0
3.19840e-02,-0.002
3.19920e-02,0.004
3.20000e-02,0
3.20080e-02,-0.002
3.20160e-02,-0.002
3.20240e-02,0
3.20320e-02,0
3.20400e-02,-0.002
3.20480e-02,-0.004
3.20560e-02,-0.002
3.20640e-02,0.002
3.20720e-02,-0.002
3.20800e-02,-0.006
3.20880e-02,0
3.20960e-02,0
3.21040e-02,0.002
3.21120e-02,0.004
3.21200e-02,-0.002
3.21280e-02,-0.002
3.21360e-02,-0.002
3.21440e-02,-0.002
3.21520e-02,0.002
3.21600e-02,-0.004
3.21680e-02,0.004
3.21760e-02,0
3.21840e-02,-0.002
3.21920e-02,0.002
3.22000e-02,-0.004
3.22080e-02,-0.004
3.22160e-02,0.002
3.22240e-02,0.002
3.22320e-02,0
3.22400e-02,-0.004
3.22480e-02,0
3.22560e-02,0.006
3.22640e-02,0
3.22720e-02,-0.004
3.22800e-02,0
3.22880e-02,-0.002
3.22960e-02,0
3.23040e-02,0.002
3.23120e-02,-0.006
3.23200e-02,-0.002
3.23280e-02,0.006
3.23360e-02,0
3.23440e-02,0.002
3.23520e-02,0
3.23600e-02,-0.002
3.23680e-02,0
3.23760e-02,-0.006
3.23840e-02,0.004
3.23920e-02,0
3.24000e-02,0
3.24080e-02,0
3.24160e-02,0
3.24240e-02,-0.002
3.24320e-02,-0.002
3.24400e-02,0.002
3.24480e-02,0.004
3.24560e-02,0.002
3.24640e-02,-0.004
3.24720e-02,0
3.24800e-02,0.002
3.24880e-02,-0.002
3.24960e-02,0
3.25040e-02,0
3.25120e-02,-0.002
3.25200e-02,0.002
3.25280e-02,0
3.25360e-02,-0.002
3.25440e-02,0
3.25520e-02,-0.002
3.25600e-02,0.002
3.25680e-02,0.004
3.25760e-02,0
3.25840e-02,-0.004
3.25920e-02,-0.006
3.26000e-02,-0.002
3.26080e-02,0
3.26160e-02,-0.004
3.26240e-02,0
3.26320e-02,0.002
3.26400e-02,0
3.26480e-02,-0.002
3.26560e-02,0
3.26640e-02,0
3.26720e-02,0
3.26800e-02,-0.004
3.26880e-02,0
3.26960e-02,-0.006
3.27040e-02,-0.004
3.27120e-02,0.002
3.27200e-02,0.002
3.27280e-02,0
3.27360e-02,-0.004
3.27440e-02,-0.004
3.27520e-02,0
3.27600e-02,0.004
3.27680e-02,0
3.27760e-02,0
3.27840e-02,-0.004
3.27920e-02,0.002
3.28000e-02,-0.002
3.28080e-02,-0.004
3.28160e-02,-0.002
3.28240e-02,-0.004
3.28320e-02,0
3.28400e-02,0.002
3.28480e-02,0
3.28560e-02,-0.004
3.28640e-02,-0.004
3.28720e-02,0
3.28800e-02,0
3.28880e-02,-0.006
3.28960e-02,-0.004
3.29040e-02,0.002
3.29120e-02,0
3.29200e-02,-0.002
3.29280e-02,0
3.29360e-02,-0.006
3.29440e-02,0.004
3.29520e-02,0.002
3.29600e-02,-0.004
3.29680e-02,-0.004
3.29760e-02,0
3.29840e-02,0.004
3.29920e-02,0
3.30000e-02,-0.006
3.30080e-02,0.002
3.30160e-02,0.004
3.30240e-02,-0.004
3.30320e-02,0
3.30400e-02,0
3.30480e-02,-0.004
3.30560e-02,0.002
3.30640e-02,0
3.30720e-02,-0.002
3.30800e-02,-0.002
3.30880e-02,0.002
3.30960e-02,-0.002
3.31040e-02,-0.002
3.31120e-02,-0.002
3.31200e-02,0.004
3.31280e-02,-0.004
3.31360e-02,-0.002
3.31440e-02,0
3.31520e-02,0.002
3.31600e-02,-0.002
3.31680e-02,-0.002
3.31760e-02,0
3.31840e-02,0
3.31920e-02,0
3.32000e-02,0
3.32080e-02,-0.004
3.32160e-02,0.002
3.32240e-02,0
3.32320e-02,0
3.32400e-02,-0.002
3.32480e-02,0
3.32560e-02,0.002
3.32640e-02,0
3.32720e-02,0
3.32800e-02,-0.004
3.32880e-02,-0.002
3.32960e-02,0
3.33040e-02,0.004
3.33120e-02,-0.004
3.33200e-02,0
3.33280e-02,-0.002
3.33360e-02,-0.002
3.33440e-02,0
3.33520e-02,-0.004
3.33600e-02,0
3.33680e-02,-0.002
3.33760e-02,-0.006
3.33840e-02,-0.002
3.33920e-02,0
3.34000e-02,-0.004
3.34080e-02,0
3.34160e-02,0.002
3.34240e-02,-0.002
3.34320e-02,0
3.34400e-02,0.002
3.34480e-02,0
3.34560e-02,-0.002
3.34640e-02,0
3.34720e-02,-0.002
3.34800e-02,-0.002
3.34880e-02,-0.004
3.34960e-02,-0.002
3.35040e-02,-0.004
3.35120e-02,0
3.35200e-02,-0.006
3.35280e-02,0
3.35360e-02,-0.002
3.35440e-02,-0.002
3.35520e-02,0
3.35600e-02,0
3.35680e-02,0
3.35760e-02,0.006
3.35840e-02,-0.004
3.35920e-02,-0.004
3.36000e-02,-0.002
3.36080e-02,-0.002
3.36160e-02,0
3.36240e-02,-0.004
3.36320e-02,-0.004
3.36400e-02,0
3.36480e-02,0.002
3.36560e-02,0.002
3.36640e-02,-0.004
3.36720e-02,0
3.36800e-02,0.002
3.36880e-02,-0.006
3.36960e-02,0.002
3.37040e-02,0.002
3.37120e-02,-0.004
3.37200e-02,0
3.37280e-02,-0.004
3.37360e-02,0.004
3.37440e-02,-0.002
3.37520e-02,0
3.37600e-02,0
3.37680e-02,-0.004
3.37760e-02,0
3.37840e-02,-0.004
3.37920e-02,-0.002
3.38000e-02,0
3.38080e-02,0
3.38160e-02,0.004
3.38240e-02,0
3.38320e-02,-0.004
3.38400e-02,-0.002
3.38480e-02,0
3.38560e-02,-0.002
3.38640e-02,0
3.38720e-02,-0.006
3.38800e-02,-0.002
3.38880e-02,0.002
3.38960e-02,0.002
3.39040e-02,0
3.39120e-02,-0.006
3.39200e-02,-0.002
3.39280e-02,0.002
3.39360e-02,-0.004
3.39440e-02,0.002
3.39520e-02,-0.006
3.39600e-02,-0.004
3.39680e-02,0
3.39760e-02,-0.006
3.39840e-02,-0.002
3.39920e-02,-0.006
3.40000e-02,-0.006
3.40080e-02,0
3.40160e-02,0
3.40240e-02,0
3.40320e-02,-0.002
3.40400e-02,-0.004
3.40480e-02,0.002
3.40560e-02,-0.002
3.40640e-02,-0.004
3.40720e-02,0
3.40800e-02,0.002
3.40880e-02,0.002
3.40960e-02,-0.006
3.41040e-02,-0.002
3.41120e-02,0.002
3.41200e-02,-0.002
3.41280e-02,-0.002
3.41360e-02,0
3.41440e-02,0.002
3.41520e-02,0.002
3.41600e-02,0.002
3.41680e-02,0.002
3.41760e-02,0.002
3.41840e-02,-0.002
3.41920e-02,0
3.42000e-02,-0.002
3.42080e-02,0
3.42160e-02,0
3.42240e-02,-0.004
3.42320e-02,-0.002
3.42400e-02,-0.002
3.42480e-02,-0.004
3.42560e-02,0
3.42640e-02,-0.002
3.42720e-02,0.002
3.42800e-02,0
3.42880e-02,-0.002
3.42960e-02,-0.004
3.43040e-02,-0.004
3.43120e-02,0
3.43200e-02,0.002
3.43280e-02,0
3.43360e-02,0.002
3.43440e-02,-0.004
3.43520e-02,0
3.43600e-02,-0.002
3.43680e-02,-0.004
3.43760e-02,-0.002
3.43840e-02,-0.004
3.43920e-02,0.002
3.44000e-02,0
3.44080e-02,-0.006
3.44160e-02,0
3.44240e-02,-0.002
3.44320e-02,-0.002
3.44400e-02,0
3.44480e-02,-0.002
3.44560e-02,-0.004
3.44640e-02,-0.004
3.44720e-02,0
3.44800e-02,-0.002
3.44880e-02,-0.006
3.44960e-02,0.002
3.45040e-02,0.002
3.45120e-02,-0.002
3.45200e-02,-0.004
3.45280e-02,-0.006
3.45360e-02,-0.002
3.45440e-02,0.002
3.45520e-02,0
3.45600e-02,-0.004
3.45680e-02,-0.006
3.45760e-02,0
3.45840e-02,0.002
3.45920e-02,-0.002
3.46000e-02,-0.002
3.46080e-02,-0.004
3.46160e-02,-0.006
3.46240e-02,0
3.46320e-02,-0.008
3.46400e-02,0
3.46480e-02,-0.004
3.46560e-02,0.002
3.46640e-02,-0.006
3.46720e-02,-0.002
3.46800e-02,-0.002
3.46880e-02,0
3.46960e-02,0
3.47040e-02,-0.004
3.47120e-02,-0.004
3.47200e-02,-0.006
3.47280e-02,0.004
3.47360e-02,-0.002
3.47440e-02,0.004
3.47520e-02,0.006
3.47600e-02,-0.006
3.47680e-02,-0.002
3.47760e-02,0
3.47840e-02,-0.002
3.47920e-02,0.002
3.48000e-02,0
3.48080e-02,-0.006
3.48160e-02,-0.002
3.48240e-02,0
3.48320e-02,-0.002
3.48400e-02,0
3.48480e-02,0.002
3.48560e-02,-0.002
3.48640e-02,-0.002
3.48720e-02,-0.004
3.48800e-02,-0.004
3.48880e-02,0.002
3.48960e-02,-0.004
3.49040e-02,-0.002
3.49120e-02,-0.002
3.49200e-02,-0.002
3.49280e-02,0.008
3.49360e-02,-0.002
3.49440e-02,-0.004
3.49520e-02,-0.002
3.49600e-02,-0.002
3.49680e-02,0.002
3.49760e-02,-0.002
3.49840e-02,-0.006
3.49920e-02,-0.002
3.50000e-02,-0.002
3.50080e-02,0.002
3.50160e-02,0
3.50240e-02,-0.002
3.50320e-02,-0.004
3.50400e-02,-0.002
3.50480e-02,0
3.50560e-02,-0.004
3.50640e-02,-0.004
3.50720e-02,0
3.50800e-02,0
3.50880e-02,0
3.50960e-02,-0.004
3.51040e-02,-0.002
3.51120e-02,0
3.51200e-02,0
3.51280e-02,0
3.51360e-02,-0.004
3.51440e-02,-0.002
3.51520e-02,0.002
3.51600e-02,0
3.51680e-02,0
3.51760e-02,0.002
3.51840e-02,-0.002
3.51920e-02,-0.002
3.52000e-02,0
3.52080e-02,-0.004
3.52160e-02,0
3.52240e-02,-0.002
3.52320e-02,-0.002
3.52400e-02,-0.002
3.52480e-02,-0.006
3.52560e-02,0.002
3.52640e-02,-0.002
3.52720e-02,-0.004
3.52800e-02,0.002
3.52880e-02,-0.004
3.52960e-02,0
3.53040e-02,-0.002
3.53120e-02,0
3.53200e-02,0.002
3.53280e-02,0
3.53360e-02,-0.004
3.53440e-02,0.004
3.53520e-02,0
3.53600e-02,0
3.53680e-02,0
3.53760e-02,-0.004
3.53840e-02,-0.002
3.53920e-02,-0.002
3.54000e-02,0
3.54080e-02,-0.002
3.54160e-02,-0.006
3.54240e-02,0.004
3.54320e-02,0
3.54400e-02,-0.002
3.54480e-02,-0.002
3.54560e-02,-0.006
3.54640e-02,-0.002
3.54720e-02,0
3.54800e-02,-0.006
3.54880e-02,0.004
3.54960e-02,-0.002
3.55040e-02,-0.002
3.55120e-02,0.002
3.55200e-02,0
3.55280e-02,-0.004
3.55360e-02,-0.002
3.55440e-02,0
3.55520e-02,-0.002
3.55600e-02,-0.008
3.55680e-02,0
3.55760e-02,0
3.55840e-02,-0.004
3.55920e-02,0.002
3.56000e-02,0
3.56080e-02,-0.002
3.56160e-02,-0.004
3.56240e-02,0.004
3.56320e-02,0
3.56400e-02,-0.004
3.56480e-02,-0.008
3.56560e-02,-0.004
3.56640e-02,0.002
3.56720e-02,0.004
3.56800e-02,-0.004
3.56880e-02,-0.002
3.56960e-02,-0.006
3.57040e-02,-0.002
3.57120e-02,0.006
3.57200e-02,-0.006
3.57280e-02,-0.006
3.57360e-02,-0.006
3.57440e-02,0.002
3.57520e-02,-0.002
3.57600e-02,-0.006
3.57680e-02,-0.004
3.57760e-02,0.002
3.57840e-02,-0.006
3.57920e-02,-0.002
3.58000e-02,-0.01
3.58080e-02,-0.004
3.58160e-02,0
3.58240e-02,-0.002
3.58320e-02,-0.002
3.58400e-02,-0.004
3.58480e-02,-0.004
3.58560e-02,0
3.58640e-02,-0.002
3.58720e-02,-0.002
3.58800e-02,-0.008
3.58880e-02,0
3.58960e-02,-0.004
3.59040e-02,0
3.59120e-02,-0.004
3.59200e-02,-0.004
3.59280e-02,-0.004
3.59360e-02,-0.002
3.59440e-02,-0.002
3.59520e-02,-0.002
3.59600e-02,-0.002
3.59680e-02,-0.006
3.59760e-02,-0.006
3.59840e-02,-0.002
3.59920e-02,0
3.60000e-02,-0.006
3.60080e-02,-0.008
3.60160e-02,-0.002
3.60240e-02,0
3.60320e-02,-0.006
3.60400e-02,-0.004
3.60480e-02,0
3.60560e-02,-0.006
3.60640e-02,-0.004
3.60720e-02,-0.004
3.60800e-02,-0.004
3.60880e-02,-0.004
3.60960e-02,-0.004
3.61040e-02,-0.004
3.61120e-02,-0.006
3.61200e-02,-0.002
3.61280e-02,-0.004
3.61360e-02,0.002
3.61440e-02,0
3.61520e-02,-0.004
3.61600e-02,-0.002
3.61680e-02,-0.004
3.61760e-02,0.002
3.61840e-02,0.004
3.61920e-02,-0.004
3.62000e-02,-0.002
3.62080e-02,0
3.62160e-02,0
3.62240e-02,-0.002
3.62320e-02,-0.008
3.62400e-02,-0.006
3.62480e-02,0
3.62560e-02,-0.004
3.62640e-02,-0.004
3.62720e-02,-0.004
3.62800e-02,-0.008
3.62880e-02,0
3.62960e-02,0.004
3.63040e-02,-0.004
3.63120e-02,0
3.63200e-02,0.002
3.63280e-02,-0.002
3.63360e-02,-0.004
3.63440e-02,-0.006
3.63520e-02,-0.006
3.63600e-02,-0.002
3.63680e-02,-0.006
3.63760e-02,-0.006
3.63840e-02,-0.004
3.63920e-02,-0.008
3.64000e-02,-0.004
3.64080e-02,-0.002
3.64160e-02,0
3.64240e-02,-0.002
3.64320e-02,-0.002
3.64400e-02,-0.004
3.64480e-02,0
3.64560e-02,-0.006
3.64640e-02,-0.006
3.64720e-02,-0.006
3.64800e-02,0
3.64880e-02,-0.002
3.64960e-02,-0.006
3.65040e-02,-0.004
3.65120e-02,-0.004
3.65200e-02,0
3.65280e-02,-0.002
3.65360e-02,-0.006
3.65440e-02,-0.004
3.65520e-02,-0.006
3.65600e-02,0
3.65680e-02,-0.004
3.65760e-02,-0.006
3.65840e-02,-0.008
3.65920e-02,-0.002
3.66000e-02,-0.006
3.66080e-02,-0.004
3.66160e-02,0
3.66240e-02,0
3.66320e-02,-0.006
3.66400e-02,-0.002
3.66480e-02,0
3.66560e-02,-0.004
3.66640e-02,-0.006
3.66720e-02,-0.006
3.66800e-02,0.002
3.66880e-02,-0.002
3.66960e-02,-0.004
3.67040e-02,0
3.67120e-02,-0.004
3.67200e-02,0
3.67280e-02,-0.004
3.67360e-02,-0.006
3.67440e-02,-0.004
3.67520e-02,-0.006
3.67600e-02,-0.008
3.67680e-02,-0.002
3.67760e-02,-0.002
3.67840e-02,0
3.67920e-02,-0.006
3.68000e-02,-0.002
3.68080e-02,-0.002
3.68160e-02,-0.006
3.68240e-02,-0.004
3.68320e-02,-0.008
3.68400e-02,0.004
3.68480e-02,-0.004
3.68560e-02,-0.004
3.68640e-02,-0.008
3.68720e-02,-0.006
3.68800e-02,0
3.68880e-02,-0.008
3.68960e-02,-0.002
3.69040e-02,-0.002
3.69120e-02,-0.002
3.69200e-02,-0.002
3.69280e-02,-0.004
3.69360e-02,-0.004
3.69440e-02,0
3.69520e-02,-0.004
3.69600e-02,0
3.69680e-02,-0.002
3.69760e-02,-0.002
3.69840e-02,-0.004
3.69920e-02,-0.002
3.70000e-02,0
3.70080e-02,-0.004
3.70160e-02,-0.004
3.70240e-02,-0.002
3.70320e-02,-0.004
3.70400e-02,-0.002
3.70480e-02,-0.006
3.70560e-02,-0.004
3.70640e-02,-0.002
3.70720e-02,-0.006
3.70800e-02,0
3.70880e-02,-0.004
3.70960e-02,-0.004
3.71040e-02,-0.004
3.71120e-02,-0.006
3.71200e-02,0
3.71280e-02,-0.004
3.71360e-02,-0.004
3.71440e-02,-0.006
3.71520e-02,-0.006
3.71600e-02,-0.002
3.71680e-02,-0.002
3.71760e-02,-0.004
3.71840e-02,-0.004
3.71920e-02,-0.004
3.72000e-02,-0.002
3.72080e-02,-0.006
3.72160e-02,-0.008
3.72240e-02,-0.008
3.72320e-02,-0.004
3.72400e-02,-0.002
3.72480e-02,-0.002
3.72560e-02,-0.01
3.72640e-02,-0.006
3.72720e-02,-0.004
3.72800e-02,0
3.72880e-02,-0.004
3.72960e-02,-0.004
3.73040e-02,0
3.73120e-02,0.002
3.73200e-02,-0.004
3.73280e-02,-0.006
3.73360e-02,-0.002
3.73440e-02,-0.004
3.73520e-02,-0.002
3.73600e-02,-0.002
3.73680e-02,-0.006
3.73760e-02,-0.004
3.73840e-02,-0.004
3.73920e-02,-0.004
3.74000e-02,-0.002
3.74080e-02,0.004
3.74160e-02,-0.01
3.74240e-02,-0.004
3.74320e-02,-0.006
3.74400e-02,-0.004
3.74480e-02,0
3.74560e-02,-0.002
3.74640e-02,0.002
3.74720e-02,-0.004
3.74800e-02,-0.002
3.74880e-02,-0.002
3.74960e-02,-0.006
3.75040e-02,0.002
3.75120e-02,-0.002
3.75200e-02,0
3.75280e-02,0.002
3.75360e-02,-0.002
3.75440e-02,-0.006
3.75520e-02,0.002
3.75600e-02,-0.004
3.75680e-02,-0.002
3.75760e-02,0.002
3.75840e-02,0.002
3.75920e-02,-0.004
3.76000e-02,-0.002
3.76080e-02,0.002
3.76160e-02,-0.004
3.76240e-02,0.002
3.76320e-02,-0.004
3.76400e-02,-0.004
3.76480e-02,-0.004
3.76560e-02,-0.004
3.76640e-02,0.004
3.76720e-02,-0.006
3.76800e-02,-0.002
3.76880e-02,-0.006
3.76960e-02,0.002
3.77040e-02,-0.002
3.77120e-02,-0.004
3.77200e-02,-0.008
3.77280e-02,-0.004
3.77360e-02,-0.002
3.77440e-02,-0.004
3.77520e-02,-0.004
3.77600e-02,-0.006
3.77680e-02,-0.002
3.77760e-02,0.002
3.77840e-02,-0.002
3.77920e-02,0
3.78000e-02,-0.002
3.78080e-02,-0.002
3.78160e-02,-0.004
3.78240e-02,-0.002
3.78320e-02,-0.004
3.78400e-02,-0.002
3.78480e-02,0
3.78560e-02,0
3.78640e-02,0
3.78720e-02,0
3.78800e-02,-0.006
3.78880e-02,0.002
3.78960e-02,-0.004
3.79040e-02,-0.004
3.79120e-02,0
3.79200e-02,-0.004
3.79280e-02,-0.002
3.79360e-02,-0.002
3.79440e-02,-0.002
3.79520e-02,-0.002
3.79600e-02,-0.006
3.79680e-02,0.002
3.79760e-02,-0.002
3.79840e-02,-0.006
3.79920e-02,0
3.80000e-02,-0.004
3.80080e-02,0.004
3.80160e-02,-0.008
3.80240e-02,-0.002
3.80320e-02,-0.008
3.80400e-02,0
3.80480e-02,-0.004
3.80560e-02,-0.002
3.80640e-02,0
3.80720e-02,-0.008
3.80800e-02,-0.002
3.80880e-02,-0.004
3.80960e-02,-0.004
3.81040e-02,-0.002
3.81120e-02,-0.002
3.81200e-02,0.002
3.81280e-02,0.002
3.81360e-02,0
3.81440e-02,-0.004
3.81520e-02,-0.004
3.81600e-02,-0.004
3.81680e-02,-0.002
3.81760e-02,0
3.81840e-02,-0.004
3.81920e-02,-0.002
3.82000e-02,0.002
3.82080e-02,-0.004
3.82160e-02,-0.006
3.82240e-02,-0.004
3.82320e-02,-0.002
3.82400e-02,0.004
3.82480e-02,-0.006
3.82560e-02,0
3.82640e-02,-0.002
3.82720e-02,0
3.82800e-02,-0.002
3.82880e-02,-0.006
3.82960e-02,-0.002
3.83040e-02,-0.006
3.83120e-02,0.002
3.83200e-02,-0.002
3.83280e-02,-0.004
3.83360e-02,0
3.83440e-02,-0.004
3.83520e-02,0.002
3.83600e-02,-0.006
3.83680e-02,-0.004
3.83760e-02,-0.002
3.83840e-02,-0.002
3.83920e-02,-0.002
3.84000e-02,-0.004
3.84080e-02,-0.006
3.84160e-02,-0.004
3.84240e-02,0
3.84320e-02,-0.002
3.84400e-02,-0.004
3.84480e-02,-0.002
3.84560e-02,0
3.84640e-02,-0.002
3.84720e-02,0
3.84800e-02,0
3.84880e-02,-0.006
3.84960e-02,-0.002
3.85040e-02,0.002
3.85120e-02,-0.004
3.85200e-02,-0.006
3.85280e-02,-0.006
3.85360e-02,-0.002
3.85440e-02,0.002
3.85520e-02,-0.006
3.85600e-02,0
3.85680e-02,-0.008
3.85760e-02,0
3.85840e-02,0
3.85920e-02,-0.008
3.86000e-02,-0.004
3.86080e-02,-0.002
3.86160e-02,0
3.86240e-02,-0.004
3.86320e-02,-0.002
3.86400e-02,-0.004
3.86480e-02,-0.002
3.86560e-02,-0.002
3.86640e-02,-0.004
3.86720e-02,-0.004
3.86800e-02,0
3.86880e-02,0
3.86960e-02,-0.004
3.87040e-02,-0.002
3.87120e-02,-0.002
3.87200e-02,-0.002
3.87280e-02,0.002
3.87360e-02,-0.004
3.87440e-02,-0.004
3.87520e-02,0.004
3.87600e-02,-0.008
3.87680e-02,-0.008
3.87760e-02,-0.002
3.87840e-02,-0.004
3.87920e-02,-0.002
3.88000e-02,0
3.88080e-02,-0.002
3.88160e-02,-0.004
3.88240e-02,-0.004
3.88320e-02,-0.002
3.88400e-02,0
3.88480e-02,-0.004
3.88560e-02,-0.006
3.88640e-02,-0.004
3.88720e-02,-0.004
3.88800e-02,0.006
3.88880e-02,-0.004
3.88960e-02,-0.004
3.89040e-02,-0.002
3.89120e-02,-0.008
3.89200e-02,0
3.89280e-02,-0.004
3.89360e-02,-0.002
3.89440e-02,-0.008
3.89520e-02,0
3.89600e-02,0
3.89680e-02,0.002
3.89760e-02,0.004
3.89840e-02,-0.004
3.89920e-02,-0.008
3.90000e-02,-0.002
3.90080e-02,-0.006
3.90160e-02,-0.004
3.90240e-02,-0.008
3.90320e-02,-0.002
3.90400e-02,-0.004
3.90480e-02,0
3.90560e-02,0
3.90640e-02,0.006
3.90720e-02,0
3.90800e-02,-0.002
3.90880e-02,0
3.90960e-02,-0.004
3.91040e-02,-0.002
3.91120e-02,-0.002
3.91200e-02,-0.006
3.91280e-02,0.004
3.91360e-02,-0.004
3.91440e-02,-0.002
3.91520e-02,-0.002
3.91600e-02,-0.002
3.91680e-02,0
3.91760e-02,-0.006
3.91840e-02,0.002
3.91920e-02,-0.006
3.92000e-02,0
3.92080e-02,-0.004
3.92160e-02,-0.006
3.92240e-02,0
3.92320e-02,-0.002
3.92400e-02,0
3.92480e-02,-0.006
3.92560e-02,0
3.92640e-02,-0.004
3.92720e-02,-0.004
3.92800e-02,-0.002
3.92880e-02,-0.002
3.92960e-02,0
3.93040e-02,-0.006
3.93120e-02,0
3.93200e-02,0
3.93280e-02,-0.008
3.93360e-02,-0.008
3.93440e-02,-0.004
3.93520e-02,-0.004
3.93600e-02,-0.004
3.93680e-02,-0.008
3.93760e-02,-0.006
3.93840e-02,-0.004
3.93920e-02,-0.002
3.94000e-02,-0.006
3.94080e-02,-0.004
3.94160e-02,-0.008
3.94240e-02,-0.002
3.94320e-02,0.002
3.94400e-02,-0.008
3.94480e-02,-0.004
3.94560e-02,-0.006
3.94640e-02,-0.004
3.94720e-02,-0.002
3.94800e-02,-0.006
3.94880e-02,0
3.94960e-02,-0.006
3.95040e-02,-0.004
3.95120e-02,-0.002
3.95200e-02,0.002
3.95280e-02,-0.004
3.95360e-02,-0.002
3.95440e-02,-0.002
3.95520e-02,-0.006
3.95600e-02,-0.008
3.95680e-02,-0.002
3.95760e-02,-0.002
3.95840e-02,-0.002
3.95920e-02,-0.004
3.96000e-02,0
3.96080e-02,-0.012
3.96160e-02,-0.004
3.96240e-02,-0.002
3.96320e-02,-0.004
3.96400e-02,-0.002
3.96480e-02,-0.002
3.96560e-02,-0.002
3.96640e-02,-0.004
3.96720e-02,-0.006
3.96800e-02,-0.004
3.96880e-02,0
3.96960e-02,0
3.97040e-02,-0.002
3.97120e-02,-0.002
3.97200e-02,-0.002
3.97280e-02,0
3.97360e-02,-0.004
3.97440e-02,-0.006
3.97520e-02,-0.002
3.97600e-02,-0.006
3.97680e-02,-0.004
3.97760e-02,-0.006
3.97840e-02,-0.002
3.97920e-02,0
3.98000e-02,-0.004
3.98080e-02,0
3.98160e-02,0
3.98240e-02,0.002
3.98320e-02,-0.008
3.98400e-02,-0.002
3.98480e-02,-0.002
3.98560e-02,-0.004
3.98640e-02,0.002
3.98720e-02,-0.006
3.98800e-02,0
3.98880e-02,-0.002
3.98960e-02,-0.002
3.99040e-02,-0.006
3.99120e-02,-0.002
3.99200e-02,-0.006
3.99280e-02,-0.002
3.99360e-02,-0.002
3.99440e-02,-0.006
3.99520e-02,-0.006
3.99600e-02,-0.002
3.99680e-02,-0.008
3.99760e-02,0.004
3.99840e-02,-0.006
3.99920e-02,0
4.00000e-02,0
4.00080e-02,-0.002
4.00160e-02,0.002
4.00240e-02,-0.008
4.00320e-02,-0.006
4.00400e-02,-0.004
4.00480e-02,0.002
4.00560e-02,0
4.00640e-02,-0.002
4.00720e-02,-0.006
4.00800e-02,-0.006
4.00880e-02,-0.002
4.00960e-02,-0.006
4.01040e-02,-0.004
4.01120e-02,-0.002
4.01200e-02,0
4.01280e-02,0
4.01360e-02,-0.004
4.01440e-02,-0.002
4.01520e-02,-0.004
4.01600e-02,-0.004
4.01680e-02,-0.002
4.01760e-02,0
4.01840e-02,-0.002
4.01920e-02,-0.004
4.02000e-02,-0.002
4.02080e-02,0
4.02160e-02,0
4.02240e-02,0
4.02320e-02,-0.004
4.02400e-02,-0.002
4.02480e-02,0
4.02560e-02,0
4.02640e-02,-0.002
4.02720e-02,-0.004
4.02800e-02,-0.002
4.02880e-02,-0.002
4.02960e-02,-0.006
4.03040e-02,-0.002
4.03120e-02,0.002
4.03200e-02,0
4.03280e-02,-0.002
4.03360e-02,-0.006
4.03440e-02,0.002
4.03520e-02,0
4.03600e-02,-0.006
4.03680e-02,-0.006
4.03760e-02,-0.008
4.03840e-02,0
4.03920e-02,0.002
4.04000e-02,0.002
4.04080e-02,-0.006
4.04160e-02,-0.002
4.04240e-02,0
4.04320e-02,-0.002
4.04400e-02,0
4.04480e-02,-0.006
4.04560e-02,-0.002
4.04640e-02,0
4.04720e-02,-0.002
4.04800e-02,0
4.04880e-02,-0.006
4.04960e-02,-0.004
4.05040e-02,-0.002
4.05120e-02,-0.002
4.05200e-02,0
4.05280e-02,-0.002
4.05360e-02,-0.002
4.05440e-02,-0.002
4.05520e-02,0
4.05600e-02,-0.004
4.05680e-02,-0.004
4.05760e-02,-0.004
4.05840e-02,0.002
4.05920e-02,-0.004
4.06000e-02,-0.006
4.06080e-02,0
4.06160e-02,0
4.06240e-02,-0.004
4.06320e-02,-0.006
4.06400e-02,-0.002
4.06480e-02,-0.002
4.06560e-02,-0.002
4.06640e-02,0
4.06720e-02,-0.006
4.06800e-02,-0.002
4.06880e-02,-0.008
4.06960e-02,0.002
4.07040e-02,-0.004
4.07120e-02,-0.004
4.07200e-02,-0.008
4.07280e-02,0
4.07360e-02,-0.002
4.07440e-02,0
4.07520e-02,-0.008
4.07600e-02,-0.002
4.07680e-02,-0.006
4.07760e-02,-0.004
4.07840e-02,-0.006
4.07920e-02,-0.002
4.08000e-02,0
4.08080e-02,-0.004
4.08160e-02,0
4.08240e-02,0.004
4.08320e-02,-0.004
4.08400e-02,0
4.08480e-02,0.002
4.08560e-02,-0.008
4.08640e-02,-0.002
4.08720e-02,-0.004
4.08800e-02,0
4.08880e-02,0.002
4.08960e-02,-0.004
4.09040e-02,-0.004
4.09120e-02,0
4.09200e-02,0.002
4.09280e-02,0
4.09360e-02,-0.002
4.09440e-02,0
4.09520e-02,-0.004
4.09600e-02,-0.004
4.09680e-02,-0.002
4.09760e-02,0.002
4.09840e-02,-0.006
4.09920e-02,-0.002
4.10000e-02,-0.002
4.10080e-02,-0.002
4.10160e-02,0.002
4.10240e-02,-0.004
4.10320e-02,0.002
4.10400e-02,-0.004
4.10480e-02,0
4.10560e-02,-0.004
4.10640e-02,-0.006
4.10720e-02,0.004
4.10800e-02,-0.002
4.10880e-02,-0.004
4.10960e-02,-0.004
4.11040e-02,-0.006
4.11120e-02,0
4.11200e-02,0.002
4.11280e-02,-0.002
4.11360e-02,0
4.11440e-02,-0.004
4.11520e-02,0.002
4.11600e-02,-0.002
4.11680e-02,-0.006
4.11760e-02,-0.008
4.11840e-02,0
4.11920e-02,-0.002
4.12000e-02,0
4.12080e-02,-0.004
4.12160e-02,-0.004
4.12240e-02,-0.004
4.12320e-02,-0.004
4.12400e-02,0
4.12480e-02,-0.004
4.12560e-02,0.002
4.12640e-02,-0.006
4.12720e-02,-0.002
4.12800e-02,-0.002
4.12880e-02,-0.004
4.12960e-02,0.002
4.13040e-02,0
4.13120e-02,0
4.13200e-02,-0.002
4.13280e-02,-0.004
4.13360e-02,-0.004
4.13440e-02,0
4.13520e-02,0
4.13600e-02,0
4.13680e-02,-0.002
4.13760e-02,-0.002
4.13840e-02,0.002
4.13920e-02,0.002
4.14000e-02,-0.002
4.14080e-02,-0.002
4.14160e-02,-0.002
4.14240e-02,-0.002
4.14320e-02,-0.002
4.14400e-02,-0.006
4.14480e-02,-0.004
4.14560e-02,-0.004
4.14640e-02,0
4.14720e-02,-0.006
4.14800e-02,-0.002
4.14880e-02,0.002
4.14960e-02,-0.004
4.15040e-02,0
4.15120e-02,-0.006
4.15200e-02,-0.002
4.15280e-02,-0.008
4.15360e-02,0
4.15440e-02,0
4.15520e-02,-0.008
4.15600e-02,-0.004
4.15680e-02,0.002
4.15760e-02,-0.002
4.15840e-02,0.002
4.15920e-02,-0.002
4.16000e-02,-0.004
4.16080e-02,-0.004
4.16160e-02,0.002
4.16240e-02,-0.006
4.16320e-02,-0.004
4.16400e-02,0
4.16480e-02,-0.002
4.16560e-02,0.004
4.16640e-02,0
4.16720e-02,-0.002
4.16800e-02,-0.006
4.16880e-02,-0.002
4.16960e-02,-0.002
4.17040e-02,-0.006
4.17120e-02,-0.002
4.17200e-02,0
4.17280e-02,0
4.17360e-02,-0.004
4.17440e-02,-0.002
4.17520e-02,0.002
4.17600e-02,-0.002
4.17680e-02,-0.002
4.17760e-02,-0.008
4.17840e-02,-0.002
4.17920e-02,-0.004
4.18000e-02,-0.004
4.18080e-02,0.004
4.18160e-02,-0.002
4.18240e-02,-0.002
4.18320e-02,-0.002
4.18400e-02,0
4.18480e-02,0
4.18560e-02,-0.002
4.18640e-02,-0.004
4.18720e-02,-0.008
4.18800e-02,0
4.18880e-02,-0.006
4.18960e-02,-0.002
4.19040e-02,-0.004
4.19120e-02,-0.006
4.19200e-02,0
4.19280e-02,-0.002
4.19360e-02,-0.002
4.19440e-02,-0.004
4.19520e-02,-0.006
4.19600e-02,0.002
4.19680e-02,-0.008
4.19760e-02,-0.004
4.19840e-02,-0.002
4.19920e-02,0
4.20000e-02,0.002
4.20080e-02,0.006
4.20160e-02,0
4.20240e-02,-0.01
4.20320e-02,-0.002
4.20400e-02,-0.004
4.20480e-02,-0.002
4.20560e-02,-0.002
4.20640e-02,-0.004
4.20720e-02,-0.002
4.20800e-02,0.002
4.20880e-02,0
4.20960e-02,0.002
4.21040e-02,-0.002
4.21120e-02,0
4.21200e-02,0
4.21280e-02,0
4.21360e-02,-0.002
4.21440e-02,0
4.21520e-02,0.004
4.21600e-02,-0.002
4.21680e-02,-0.002
4.21760e-02,-0.004
4.21840e-02,-0.002
4.21920e-02,-0.004
4.22000e-02,0
4.22080e-02,-0.002
4.22160e-02,-0.002
4.22240e-02,-0.002
4.22320e-02,-0.002
4.22400e-02,0
4.22480e-02,-0.002
4.22560e-02,-0.004
4.22640e-02,0.002
4.22720e-02,-0.002
4.22800e-02,0.002
4.22880e-02,0
4.22960e-02,-0.008
4.23040e-02,-0.004
4.23120e-02,-0.002
4.23200e-02,-0.004
4.23280e-02,-0.002
4.23360e-02,-0.004
4.23440e-02,-0.002
4.23520e-02,0
4.23600e-02,-0.002
4.23680e-02,-0.002
4.23760e-02,-0.006
4.23840e-02,-0.002
4.23920e-02,-0.002
4.24000e-02,-0.002
4.24080e-02,-0.004
4.24160e-02,-0.002
4.24240e-02,-0.002
4.24320e-02,0.002
4.24400e-02,-0.004
4.24480e-02,-0.01
4.24560e-02,-0.006
4.24640e-02,0
4.24720e-02,0
4.24800e-02,-0.006
4.24880e-02,0
4.24960e-02,-0.002
4.25040e-02,0
4.25120e-02,0
4.25200e-02,-0.004
4.25280e-02,-0.004
4.25360e-02,-0.006
4.25440e-02,0
4.25520e-02,-0.002
4.25600e-02,0
4.25680e-02,-0.004
4.25760e-02,-0.004
4.25840e-02,0.002
4.25920e-02,-0.002
4.26000e-02,-0.006
4.26080e-02,-0.006
4.26160e-02,-0.004
4.26240e-02,0
4.26320e-02,0
4.26400e-02,-0.002
4.26480e-02,-0.006
4.26560e-02,-0.004
4.26640e-02,0.002
4.26720e-02,-0.004
4.26800e-02,-0.002
4.26880e-02,-0.01
4.26960e-02,-0.004
4.27040e-02,0
4.27120e-02,0.002
4.27200e-02,-0.006
4.27280e-02,-0.004
4.27360e-02,0
4.27440e-02,0
4.27520e-02,0
4.27600e-02,-0.002
4.27680e-02,-0.004
4.27760e-02,-0.002
4.27840e-02,0
4.27920e-02,-0.002
4.28000e-02,-0.004
4.28080e-02,-0.002
4.28160e-02,-0.002
4.28240e-02,-0.004
4.28320e-02,-0.002
4.28400e-02,0.004
4.28480e-02,-0.006
4.28560e-02,-0.004
4.28640e-02,0
4.28720e-02,-0.002
4.28800e-02,-0.004
4.28880e-02,-0.004
4.28960e-02,0
4.29040e-02,-0.002
4.29120e-02,-0.002
4.29200e-02,-0.004
4.29280e-02,-0.004
4.29360e-02,-0.004
4.29440e-02,0
4.29520e-02,-0.002
4.29600e-02,0
4.29680e-02,-0.008
4.29760e-02,0.004
4.29840e-02,0.002
4.29920e-02,-0.004
4.30000e-02,-0.002
4.30080e-02,-0.004
4.30160e-02,0
4.30240e-02,-0.006
4.30320e-02,0
4.30400e-02,0.002
4.30480e-02,-0.008
4.30560e-02,0
4.30640e-02,-0.002
4.30720e-02,0.002
4.30800e-02,-0.002
4.30880e-02,-0.006
4.30960e-02,0
4.31040e-02,-0.002
4.31120e-02,-0.002
4.31200e-02,0
4.31280e-02,-0.002
4.31360e-02,-0.002
4.31440e-02,-0.004
4.31520e-02,0.004
4.31600e-02,-0.004
4.31680e-02,0
4.31760e-02,0.002
4.31840e-02,-0.006
4.31920e-02,-0.004
4.32000e-02,0.004
4.32080e-02,-0.004
4.32160e-02,-0.006
4.32240e-02,0.002
4.32320e-02,0.002
4.32400e-02,-0.002
4.32480e-02,-0.002
4.32560e-02,-0.004
4.32640e-02,-0.002
4.32720e-02,-0.002
4.32800e-02,0
4.32880e-02,0
4.32960e-02,-0.004
4.33040e-02,0.006
4.33120e-02,0
4.33200e-02,0
4.33280e-02,-0.006
4.33360e-02,-0.004
4.33440e-02,0
4.33520e-02,0.004
4.33600e-02,-0.002
4.33680e-02,-0.004
4.33760e-02,-0.002
4.33840e-02,0
4.33920e-02,0.004
4.34000e-02,0
4.34080e-02,-0.004
4.34160e-02,-0.004
4.34240e-02,0
4.34320e-02,-0.002
4.34400e-02,0
4.34480e-02,-0.004
4.34560e-02,0.002
4.34640e-02,-0.002
4.34720e-02,-0.002
4.34800e-02,-0.002
4.34880e-02,-0.002
4.34960e-02,0.002
4.35040e-02,0.002
4.35120e-02,-0.004
4.35200e-02,-0.002
4.35280e-02,0.002
4.35360e-02,-0.002
4.35440e-02,0
4.35520e-02,0
4.35600e-02,-0.004
4.35680e-02,0
4.35760e-02,0
4.35840e-02,0
4.35920e-02,-0.004
4.36000e-02,-0.002
4.36080e-02,-0.006
4.36160e-02,-0.004
4.36240e-02,-0.002
4.36320e-02,-0.004
4.36400e-02,-0.006
4.36480e-02,-0.004
4.36560e-02,0
4.36640e-02,0.004
4.36720e-02,0
4.36800e-02,0
4.36880e-02,0
4.36960e-02,-0.002
4.37040e-02,-0.004
4.37120e-02,0
4.37200e-02,-0.002
4.37280e-02,-0.002
4.37360e-02,0.002
4.37440e-02,0
4.37520e-02,0.002
4.37600e-02,-0.004
4.37680e-02,-0.004
4.37760e-02,-0.002
4.37840e-02,0.004
4.37920e-02,-0.002
4.38000e-02,0
4.38080e-02,-0.004
4.38160e-02,0.002
4.38240e-02,-0.004
4.38320e-02,-0.002
4.38400e-02,-0.002
4.38480e-02,-0.002
4.38560e-02,-0.004
4.38640e-02,0.002
4.38720e-02,-0.002
4.38800e-02,0
4.38880e-02,-0.002
4.38960e-02,-0.004
4.39040e-02,0.002
4.39120e-02,0.002
4.39200e-02,0
4.39280e-02,-0.002
4.39360e-02,0.002
4.39440e-02,0
4.39520e-02,-0.002
4.39600e-02,-0.002
4.39680e-02,0.002
4.39760e-02,0
4.39840e-02,-0.002
4.39920e-02,-0.002
4.40000e-02,0.002
4.40080e-02,0
4.40160e-02,-0.002
4.40240e-02,0.002
4.40320e-02,-0.002
4.40400e-02,0
4.40480e-02,-0.002
4.40560e-02,0
4.40640e-02,0
4.40720e-02,-0.006
4.40800e-02,-0.002
4.40880e-02,0.004
4.40960e-02,0
4.41040e-02,-0.004
4.41120e-02,-0.006
4.41200e-02,0
4.41280e-02,0.002
4.41360e-02,0
4.41440e-02,-0.004
4.41520e-02,0
4.41600e-02,-0.002
4.41680e-02,-0.002
4.41760e-02,0.002
4.41840e-02,-0.002
4.41920e-02,0
4.42000e-02,0
4.42080e-02,0.002
4.42160e-02,-0.002
4.42240e-02,-0.002
4.42320e-02,-0.004
4.42400e-02,-0.002
4.42480e-02,0.004
4.42560e-02,-0.002
4.42640e-02,-0.002
4.42720e-02,-0.002
4.42800e-02,-0.002
4.42880e-02,0.002
4.42960e-02,0
4.43040e-02,-0.004
4.43120e-02,-0.004
4.43200e-02,-0.002
4.43280e-02,0
4.43360e-02,0
4.43440e-02,-0.002
4.43520e-02,0.002
4.43600e-02,-0.002
4.43680e-02,0
4.43760e-02,0
4.43840e-02,-0.002
4.43920e-02,0
4.44000e-02,0.002
4.44080e-02,0
4.44160e-02,-0.004
4.44240e-02,-0.002
4.44320e-02,-0.002
4.44400e-02,0
4.44480e-02,0
4.44560e-02,-0.004
4.44640e-02,-0.002
4.44720e-02,-0.002
4.44800e-02,0.002
4.44880e-02,0
4.44960e-02,-0.002
4.45040e-02,-0.008
4.45120e-02,-0.002
4.45200e-02,0
4.45280e-02,-0.004
4.45360e-02,0
4.45440e-02,-0.006
4.45520e-02,0
4.45600e-02,0.004
4.45680e-02,0
4.45760e-02,0
4.45840e-02,-0.008
4.45920e-02,-0.004
4.46000e-02,0.006
4.46080e-02,-0.002
4.46160e-02,-0.004
4.46240e-02,-0.002
4.46320e-02,0
4.46400e-02,-0.002
4.46480e-02,-0.004
4.46560e-02,-0.004
4.46640e-02,-0.002
4.46720e-02,0.002
4.46800e-02,0
4.46880e-02,0
4.46960e-02,-0.004
4.47040e-02,-0.002
4.47120e-02,0.002
4.47200e-02,-0.004
4.47280e-02,0
4.47360e-02,-0.002
4.47440e-02,-0.004
4.47520e-02,0
4.47600e-02,-0.002
4.47680e-02,-0.004
4.47760e-02,-0.002
4.47840e-02,0
4.47920e-02,0
4.48000e-02,-0.004
4.48080e-02,-0.002
4.48160e-02,0
4.48240e-02,0.002
4.48320e-02,0.002
4.48400e-02,-0.006
4.48480e-02,0
4.48560e-02,-0.004
4.48640e-02,-0.002
4.48720e-02,0.004
4.48800e-02,0
4.48880e-02,0.002
4.48960e-02,0.002
4.49040e-02,0.002
4.49120e-02,0.002
4.49200e-02,-0.004
4.49280e-02,-0.004
4.49360e-02,-0.002
4.49440e-02,0.004
4.49520e-02,0.002
4.49600e-02,-0.008
4.49680e-02,0
4.49760e-02,0.002
4.49840e-02,0.006
4.49920e-02,0
4.50000e-02,0.002
4.50080e-02,0.004
4.50160e-02,-0.002
4.50240e-02,-0.002
4.50320e-02,-0.004
4.50400e-02,0.002
4.50480e-02,0.002
4.50560e-02,-0.004
4.50640e-02,-0.002
4.50720e-02,-0.008
4.50800e-02,0
4.50880e-02,0.002
4.50960e-02,0.004
4.51040e-02,-0.002
4.51120e-02,-0.008
4.51200e-02,-0.002
4.51280e-02,0.002
4.51360e-02,0.002
4.51440e-02,0
4.51520e-02,-0.004
4.51600e-02,0
4.51680e-02,-0.004
4.51760e-02,-0.002
4.51840e-02,-0.002
4.51920e-02,-0.002
4.52000e-02,0.002
4.52080e-02,0.002
4.52160e-02,0
4.52240e-02,0
4.52320e-02,-0.006
4.52400e-02,0.002
4.52480e-02,-0.004
4.52560e-02,-0.002
4.52640e-02,0.002
4.52720e-02,-0.004
4.52800e-02,-0.002
4.52880e-02,-0.004
4.52960e-02,0.004
4.53040e-02,-0.004
4.53120e-02,0.002
4.53200e-02,0.002
4.53280e-02,0.002
4.53360e-02,0.002
4.53440e-02,-0.006
4.53520e-02,0
4.53600e-02,-0.004
4.53680e-02,0.002
4.53760e-02,0.002
4.53840e-02,-0.006
4.53920e-02,-0.004
4.54000e-02,0.002
4.54080e-02,0.004
4.54160e-02,0.002
4.54240e-02,-0.002
4.54320e-02,-0.002
4.54400e-02,-0.002
4.54480e-02,0.004
4.54560e-02,-0.002
4.54640e-02,0
4.54720e-02,0.002
4.54800e-02,0
4.54880e-02,0.002
4.54960e-02,0.004
4.55040e-02,-0.002
4.55120e-02,0
4.55200e-02,0.002
4.55280e-02,0.002
4.55360e-02,0
4.55440e-02,-0.004
4.55520e-02,-0.002
4.55600e-02,-0.004
4.55680e-02,-0.004
4.55760e-02,-0.004
4.55840e-02,-0.006
4.55920e-02,-0.004
4.56000e-02,-0.004
4.56080e-02,0.006
4.56160e-02,-0.002
4.56240e-02,-0.002
4.56320e-02,0.002
4.56400e-02,-0.002
4.56480e-02,0.004
4.56560e-02,-0.004
4.56640e-02,0
4.56720e-02,0.008
4.56800e-02,0
4.56880e-02,-0.004
4.56960e-02,-0.01
4.57040e-02,0
4.57120e-02,0.002
4.57200e-02,-0.002
4.57280e-02,-0.004
4.57360e-02,-0.004
4.57440e-02,0
4.57520e-02,-0.002
4.57600e-02,0.002
4.57680e-02,0.004
4.57760e-02,-0.002
4.57840e-02,0
4.57920e-02,-0.004
4.58000e-02,0.004
4.58080e-02,0
4.58160e-02,-0.004
4.58240e-02,0
4.58320e-02,0
4.58400e-02,-0.002
4.58480e-02,-0.002
4.58560e-02,0
4.58640e-02,-0.006
4.58720e-02,-0.002
4.58800e-02,0
4.58880e-02,-0.004
4.58960e-02,-0.002
4.59040e-02,0
4.59120e-02,-0.002
4.59200e-02,-0.002
4.59280e-02,0
4.59360e-02,-0.002
4.59440e-02,0.002
4.59520e-02,-0.004
4.59600e-02,0
4.59680e-02,0.002
4.59760e-02,0
4.59840e-02,0.002
4.59920e-02,0
4.60000e-02,0.002
4.60080e-02,0
4.60160e-02,0
4.60240e-02,0.002
4.60320e-02,-0.002
4.60400e-02,0
4.60480e-02,-0.004
4.60560e-02,0.004
4.60640e-02,0.002
4.60720e-02,0
4.60800e-02,0.002
4.60880e-02,-0.004
4.60960e-02,0.002
4.61040e-02,0.004
4.61120e-02,-0.004
4.61200e-02,-0.002
4.61280e-02,-0.004
4.61360e-02,-0.004
4.61440e-02,-0.002
4.61520e-02,-0.002
4.61600e-02,-0.002
4.61680e-02,-0.002
4.61760e-02,0.002
4.61840e-02,0.002
4.61920e-02,0.002
4.62000e-02,-0.002
4.62080e-02,-0.004
4.62160e-02,0
4.62240e-02,0.006
4.62320e-02,0
4.62400e-02,-0.006
4.62480e-02,-0.002
4.62560e-02,-0.002
4.62640e-02,-0.004
4.62720e-02,0
4.62800e-02,0
4.62880e-02,-0.002
4.62960e-02,0
4.63040e-02,-0.004
4.63120e-02,0
4.63200e-02,-0.004
4.63280e-02,-0.002
4.63360e-02,0
4.63440e-02,-0.002
4.63520e-02,0.004
4.63600e-02,0
4.63680e-02,0
4.63760e-02,0
4.63840e-02,0
4.63920e-02,0
4.64000e-02,-0.002
4.64080e-02,0
4.64160e-02,0.004
4.64240e-02,0
4.64320e-02,0.002
4.64400e-02,0
4.64480e-02,-0.002
4.64560e-02,-0.004
4.64640e-02,0.002
4.64720e-02,0
4.64800e-02,0
4.64880e-02,0
4.64960e-02,-0.002
4.65040e-02,-0.002
4.65120e-02,0
4.65200e-02,-0.002
4.65280e-02,0.002
4.65360e-02,-0.002
4.65440e-02,0
4.65520e-02,-0.004
4.65600e-02,0.006
4.65680e-02,-0.004
4.65760e-02,-0.002
4.65840e-02,0
4.65920e-02,-0.004
4.66000e-02,-0.002
4.66080e-02,0.002
4.66160e-02,0.002
4.66240e-02,0
4.66320e-02,0
4.66400e-02,-0.002
4.66480e-02,0.002
4.66560e-02,0.004
4.66640e-02,0
4.66720e-02,0
4.66800e-02,-0.002
4.66880e-02,0
4.66960e-02,-0.004
4.67040e-02,-0.002
4.67120e-02,0
4.67200e-02,-0.002
4.67280e-02,-0.004
4.67360e-02,0.002
4.67440e-02,0.002
4.67520e-02,-0.002
4.67600e-02,0
4.67680e-02,-0.004
4.67760e-02,0
4.67840e-02,-0.004
4.67920e-02,0.002
4.68000e-02,-0.004
4.68080e-02,0.002
4.68160e-02,-0.002
4.68240e-02,0.002
4.68320e-02,0
4.68400e-02,0.002
4.68480e-02,0.002
4.68560e-02,-0.004
4.68640e-02,-0.002
4.68720e-02,0
4.68800e-02,0.002
4.68880e-02,0
4.68960e-02,-0.002
4.69040e-02,-0.004
4.69120e-02,0
4.69200e-02,-0.002
4.69280e-02,0
4.69360e-02,-0.002
4.69440e-02,-0.006
4.69520e-02,-0.002
4.69600e-02,0.002
4.69680e-02,0
4.69760e-02,-0.002
4.69840e-02,-0.004
4.69920e-02,-0.002
4.70000e-02,0
4.70080e-02,0.002
4.70160e-02,-0.002
4.70240e-02,-0.006
4.70320e-02,0
4.70400e-02,0
4.70480e-02,0.004
4.70560e-02,0.002
4.70640e-02,-0.002
4.70720e-02,-0.002
4.70800e-02,0.004
4.70880e-02,0
4.70960e-02,-0.002
4.71040e-02,0
4.71120e-02,-0.002
4.71200e-02,0
4.71280e-02,-0.004
4.71360e-02,0.002
4.71440e-02,0.004
4.71520e-02,0
4.71600e-02,0.004
4.71680e-02,-0.004
4.71760e-02,0.004
4.71840e-02,-0.002
4.71920e-02,0
4.72000e-02,-0.002
4.72080e-02,-0.004
4.72160e-02,0
4.72240e-02,-0.002
4.72320e-02,-0.004
4.72400e-02,-0.002
4.72480e-02,-0.002
4.72560e-02,0
4.72640e-02,0.004
4.72720e-02,0.002
4.72800e-02,0.002
4.72880e-02,-0.006
4.72960e-02,0
4.73040e-02,0.002
4.73120e-02,0
4.73200e-02,-0.002
4.73280e-02,-0.006
4.73360e-02,-0.004
4.73440e-02,0.002
4.73520e-02,-0.002
4.73600e-02,-0.002
4.73680e-02,-0.006
4.73760e-02,0.002
4.73840e-02,-0.004
4.73920e-02,0.004
4.74000e-02,0.004
4.74080e-02,-0.004
4.74160e-02,0.002
4.74240e-02,-0.004
4.74320e-02,0
4.74400e-02,0
4.74480e-02,0
4.74560e-02,0.002
4.74640e-02,-0.002
4.74720e-02,0.002
4.74800e-02,-0.002
4.74880e-02,-0.006
4.74960e-02,0.004
4.75040e-02,0.002
4.75120e-02,0.004
4.75200e-02,-0.004
4.75280e-02,-0.004
4.75360e-02,0
4.75440e-02,0.004
4.75520e-02,-0.002
4.75600e-02,-0.004
4.75680e-02,-0.004
4.75760e-02,-0.002
4.75840e-02,0.002
4.75920e-02,0.002
4.76000e-02,-0.002
4.76080e-02,-0.002
4.76160e-02,0
4.76240e-02,0
4.76320e-02,-0.002
4.76400e-02,0.002
4.76480e-02,0
4.76560e-02,-0.004
4.76640e-02,0
4.76720e-02,0
4.76800e-02,-0.006
4.76880e-02,-0.002
4.76960e-02,0
4.77040e-02,0.002
4.77120e-02,0.002
4.77200e-02,-0.002
4.77280e-02,0.004
4.77360e-02,0
4.77440e-02,-0.002
4.77520e-02,0
4.77600e-02,-0.002
4.77680e-02,-0.002
4.77760e-02,-0.002
4.77840e-02,0
4.77920e-02,-0.006
4.78000e-02,-0.004
4.78080e-02,0.002
4.78160e-02,0
4.78240e-02,-0.004
4.78320e-02,0
4.78400e-02,-0.004
4.78480e-02,0.002
4.78560e-02,0.002
4.78640e-02,-0.006
4.78720e-02,-0.004
4.78800e-02,-0.006
4.78880e-02,0.002
4.78960e-02,0.004
4.79040e-02,0.002
4.79120e-02,-0.002
4.79200e-02,-0.006
4.79280e-02,0.004
4.79360e-02,0.004
4.79440e-02,0
4.79520e-02,0.004
4.79600e-02,-0.004
4.79680e-02,0
4.79760e-02,0
4.79840e-02,0.004
4.79920e-02,0.002
4.80000e-02,0
4.80080e-02,-0.004
4.80160e-02,0
4.80240e-02,-0.002
4.80320e-02,0.004
4.80400e-02,-0.004
4.80480e-02,0.002
4.80560e-02,0.004
4.80640e-02,0.002
4.80720e-02,0.002
4.80800e-02,-0.01
4.80880e-02,-0.002
4.80960e-02,-0.002
4.81040e-02,0.002
4.81120e-02,0.002
4.81200e-02,-0.004
4.81280e-02,-0.002
4.81360e-02,0
4.81440e-02,0.004
4.81520e-02,0
4.81600e-02,-0.004
4.81680e-02,0
4.81760e-02,0.002
4.81840e-02,-0.002
4.81920e-02,-0.006
4.82000e-02,-0.004
4.82080e-02,0.002
4.82160e-02,-0.002
4.82240e-02,-0.002
4.82320e-02,0.002
4.82400e-02,-0.002
4.82480e-02,-0.002
4.82560e-02,-0.002
4.82640e-02,0
4.82720e-02,0
4.82800e-02,-0.002
4.82880e-02,-0.002
4.82960e-02,-0.002
4.83040e-02,-0.006
4.83120e-02,0
4.83200e-02,-0.002
4.83280e-02,0
4.83360e-02,0
4.83440e-02,0
4.83520e-02,-0.002
4.83600e-02,0
4.83680e-02,0
4.83760e-02,0
4.83840e-02,-0.002
4.83920e-02,-0.004
4.84000e-02,0.002
4.84080e-02,-0.002
4.84160e-02,0
4.84240e-02,-0.002
4.84320e-02,0
4.84400e-02,-0.002
4.84480e-02,-0.004
4.84560e-02,0.004
4.84640e-02,-0.002
4.84720e-02,-0.004
4.84800e-02,0.004
4.84880e-02,-0.006
4.84960e-02,0.002
4.85040e-02,0
4.85120e-02,-0.002
4.85200e-02,-0.006
4.85280e-02,-0.002
4.85360e-02,0
4.85440e-02,-0.002
4.85520e-02,0
4.85600e-02,0
4.85680e-02,0
4.85760e-02,0.002
4.85840e-02,0
4.85920e-02,-0.002
4.86000e-02,-0.002
4.86080e-02,-0.004
4.86160e-02,0.002
4.86240e-02,-0.004
4.86320e-02,0
4.86400e-02,-0.004
4.86480e-02,-0.002
4.86560e-02,0.004
4.86640e-02,-0.002
4.86720e-02,0
4.86800e-02,-0.002
4.86880e-02,0
4.86960e-02,0.002
4.87040e-02,0
4.87120e-02,0
4.87200e-02,0.002
4.87280e-02,0.004
4.87360e-02,0
4.87440e-02,0
4.87520e-02,0
4.87600e-02,-0.004
4.87680e-02,0.002
4.87760e-02,-0.002
4.87840e-02,-0.004
4.87920e-02,0.002
4.88000e-02,0
4.88080e-02,-0.002
4.88160e-02,0.004
4.88240e-02,0
4.88320e-02,-0.002
4.88400e-02,-0.002
4.88480e-02,0.002
4.88560e-02,0.004
4.88640e-02,-0.002
4.88720e-02,-0.002
4.88800e-02,0
4.88880e-02,0.004
4.88960e-02,-0.004
4.89040e-02,0
4.89120e-02,-0.004
4.89200e-02,-0.006
4.89280e-02,-0.004
4.89360e-02,-0.004
4.89440e-02,0.002
4.89520e-02,-0.006
4.89600e-02,-0.002
4.89680e-02,0
4.89760e-02,0
4.89840e-02,-0.002
4.89920e-02,-0.006
4.90000e-02,0.002
4.90080e-02,-0.002
4.90160e-02,0
4.90240e-02,-0.002
4.90320e-02,-0.002
4.90400e-02,-0.002
4.90480e-02,-0.004
4.90560e-02,-0.002
4.90640e-02,0
4.90720e-02,-0.006
4.90800e-02,0
4.90880e-02,0
4.90960e-02,0.002
4.91040e-02,0
4.91120e-02,-0.004
4.91200e-02,0
4.91280e-02,0.002
4.91360e-02,-0.002
4.91440e-02,0
4.91520e-02,-0.006
4.91600e-02,0.004
4.91680e-02,-0.002
4.91760e-02,-0.006
4.91840e-02,0.002
4.91920e-02,0.002
4.92000e-02,-0.004
4.92080e-02,-0.002
4.92160e-02,0
4.92240e-02,0
4.92320e-02,-0.002
4.92400e-02,-0.004
4.92480e-02,0.002
4.92560e-02,0.002
4.92640e-02,-0.002
4.92720e-02,-0.008
4.92800e-02,-0.004
4.92880e-02,0
4.92960e-02,-0.002
4.93040e-02,-0.004
4.93120e-02,-0.004
4.93200e-02,-0.006
4.93280e-02,0
4.93360e-02,-0.004
4.93440e-02,-0.006
4.93520e-02,-0.006
4.93600e-02,0
4.93680e-02,0.002
4.93760e-02,-0.002
4.93840e-02,0
4.93920e-02,0
4.94000e-02,0.002
4.94080e-02,0.002
4.94160e-02,-0.004
4.94240e-02,0
4.94320e-02,-0.002
4.94400e-02,0
4.94480e-02,0.002
4.94560e-02,0
4.94640e-02,0.002
4.94720e-02,-0.002
4.94800e-02,-0.002
4.94880e-02,-0.002
4.94960e-02,0
4.95040e-02,0.004
4.95120e-02,0
4.95200e-02,0
4.95280e-02,0.002
4.95360e-02,-0.002
4.95440e-02,0
4.95520e-02,0.004
4.95600e-02,-0.002
4.95680e-02,0.004
4.95760e-02,-0.006
4.95840e-02,-0.002
4.95920e-02,0
4.96000e-02,-0.002
4.96080e-02,0
4.96160e-02,-0.004
4.96240e-02,0
4.96320e-02,-0.004
4.96400e-02,-0.002
4.96480e-02,0.004
4.96560e-02,-0.002
4.96640e-02,-0.004
4.96720e-02,-0.002
4.96800e-02,0
4.96880e-02,0.002
4.96960e-02,-0.004
4.97040e-02,-0.004
4.97120e-02,-0.002
4.97200e-02,0
4.97280e-02,0.004
4.97360e-02,-0.004
4.97440e-02,-0.002
4.97520e-02,0.006
4.97600e-02,0
4.97680e-02,-0.002
4.97760e-02,-0.004
4.97840e-02,0
4.97920e-02,0
4.98000e-02,-0.006
4.98080e-02,-0.002
4.98160e-02,0.004
4.98240e-02,-0.004
4.98320e-02,-0.002
4.98400e-02,-0.004
4.98480e-02,0
4.98560e-02,0.002
4.98640e-02,-0.006
4.98720e-02,-0.004
4.98800e-02,-0.002
4.98880e-02,0
4.98960e-02,0.002
4.99040e-02,0
4.99120e-02,-0.006
4.99200e-02,0.002
4.99280e-02,-0.002
4.99360e-02,0.002
4.99440e-02,-0.004
4.99520e-02,0
4.99600e-02,0.002
4.99680e-02,0
4.99760e-02,0
4.99840e-02,-0.002
4.99920e-02,0
5.00000e-02,0.002
5.00080e-02,-0.002
5.00160e-02,-0.006
5.00240e-02,0.002
5.00320e-02,-0.002
5.00400e-02,-0.002
5.00480e-02,-0.004
5.00560e-02,-0.004
5.00640e-02,0.002
5.00720e-02,-0.002
5.00800e-02,-0.002
5.00880e-02,0
5.00960e-02,0
5.01040e-02,-0.002
5.01120e-02,0
5.01200e-02,-0.002
5.01280e-02,0.002
5.01360e-02,-0.006
5.01440e-02,-0.002
5.01520e-02,-0.004
5.01600e-02,0.004
5.01680e-02,0.002
5.01760e-02,-0.004
5.01840e-02,-0.002
5.01920e-02,0.004
5.02000e-02,-0.002
5.02080e-02,0.004
5.02160e-02,-0.006
5.02240e-02,-0.002
5.02320e-02,0
5.02400e-02,0.002
5.02480e-02,-0.004
5.02560e-02,-0.002
5.02640e-02,-0.004
5.02720e-02,0.002
5.02800e-02,0
5.02880e-02,-0.004
5.02960e-02,-0.004
5.03040e-02,-0.002
5.03120e-02,0.002
5.03200e-02,-0.002
5.03280e-02,-0.004
5.03360e-02,0.002
5.03440e-02,0.002
5.03520e-02,0.002
5.03600e-02,-0.01
5.03680e-02,-0.006
5.03760e-02,0.004
5.03840e-02,0
5.03920e-02,-0.002
5.04000e-02,-0.002
5.04080e-02,-0.006
5.04160e-02,-0.002
5.04240e-02,0.002
5.04320e-02,-0.002
5.04400e-02,-0.008
5.04480e-02,0
5.04560e-02,0
5.04640e-02,0.002
5.04720e-02,-0.004
5.04800e-02,-0.006
5.04880e-02,0
5.04960e-02,-0.002
5.05040e-02,0.002
5.05120e-02,-0.004
5.05200e-02,-0.006
5.05280e-02,0.002
5.05360e-02,-0.002
5.05440e-02,0.004
5.05520e-02,-0.004
5.05600e-02,-0.002
5.05680e-02,0.004
5.05760e-02,-0.004
5.05840e-02,0.004
5.05920e-02,-0.002
5.06000e-02,0
5.06080e-02,0.002
5.06160e-02,0.002
5.06240e-02,-0.004
5.06320e-02,-0.002
5.06400e-02,-0.002
5.06480e-02,-0.002
5.06560e-02,0.002
5.06640e-02,-0.004
5.06720e-02,0
5.06800e-02,0.002
5.06880e-02,0.004
5.06960e-02,-0.002
5.07040e-02,-0.002
5.07120e-02,0
5.07200e-02,-0.002
5.07280e-02,0.004
5.07360e-02,-0.002
5.07440e-02,-0.006
5.07520e-02,-0.002
5.07600e-02,0
5.07680e-02,-0.004
5.07760e-02,0
5.07840e-02,-0.004
5.07920e-02,0
5.08000e-02,0
5.08080e-02,-0.002
5.08160e-02,0.002
5.08240e-02,-0.002
5.08320e-02,-0.004
5.08400e-02,-0.004
5.08480e-02,-0.002
5.08560e-02,0
5.08640e-02,-0.002
5.08720e-02,0
5.08800e-02,-0.002
5.08880e-02,0
5.08960e-02,-0.002
5.09040e-02,0
5.09120e-02,-0.008
5.09200e-02,0
5.09280e-02,-0.002
5.09360e-02,-0.004
5.09440e-02,-0.002
5.09520e-02,-0.002
5.09600e-02,-0.004
5.09680e-02,0
5.09760e-02,-0.004
5.09840e-02,0
5.09920e-02,0.002
5.10000e-02,-0.004
5.10080e-02,-0.002
5.10160e-02,0.002
5.10240e-02,-0.004
5.10320e-02,0.002
5.10400e-02,-0.006
5.10480e-02,-0.004
5.10560e-02,-0.008
5.10640e-02,-0.004
5.10720e-02,0.002
5.10800e-02,0
5.10880e-02,-0.004
5.10960e-02,-0.004
5.11040e-02,-0.006
5.11120e-02,-0.006
5.11200e-02,0
5.11280e-02,0
5.11360e-02,0.002
5.11440e-02,0
5.11520e-02,-0.006
5.11600e-02,0
5.11680e-02,-0.008
5.11760e-02,0.002
5.11840e-02,0
5.11920e-02,0
5.12000e-02,-0.004
5.12080e-02,-0.004
5.12160e-02,-0.006
5.12240e-02,0
5.12320e-02,0
5.12400e-02,0.002
5.12480e-02,-0.002
5.12560e-02,-0.004
5.12640e-02,-0.006
5.12720e-02,0
5.12800e-02,0.002
5.12880e-02,-0.004
5.12960e-02,-0.004
5.13040e-02,-0.002
5.13120e-02,-0.002
5.13200e-02,-0.004
5.13280e-02,0.002
5.13360e-02,-0.002
5.13440e-02,-0.004
5.13520e-02,0.002
5.13600e-02,-0.004
5.13680e-02,-0.004
5.13760e-02,-0.004
5.13840e-02,-0.002
5.13920e-02,0.002
5.14000e-02,-0.002
5.14080e-02,-0.006
5.14160e-02,-0.006
5.14240e-02,-0.002
5.14320e-02,0.002
5.14400e-02,0.002
5.14480e-02,-0.004
5.14560e-02,-0.006
5.14640e-02,-0.002
5.14720e-02,0.002
5.14800e-02,0
5.14880e-02,-0.008
5.14960e-02,-0.004
5.15040e-02,0
5.15120e-02,0
5.15200e-02,-0.002
5.15280e-02,-0.006
5.15360e-02,-0.004
5.15440e-02,0.002
5.15520e-02,0.002
5.15600e-02,0
5.15680e-02,-0.002
5.15760e-02,-0.004
5.15840e-02,0.002
5.15920e-02,0
5.16000e-02,-0.002
5.16080e-02,-0.006
5.16160e-02,0
5.16240e-02,-0.002
5.16320e-02,0.004
5.16400e-02,-0.004
5.16480e-02,-0.002
5.16560e-02,0
5.16640e-02,-0.004
5.16720e-02,0
5.16800e-02,-0.002
5.16880e-02,-0.002
5.16960e-02,0
5.17040e-02,-0.002
5.17120e-02,0
5.17200e-02,-0.002
5.17280e-02,-0.004
5.17360e-02,0.006
5.17440e-02,0.002
5.17520e-02,0
5.17600e-02,0.002
5.17680e-02,-0.004
5.17760e-02,0.002
5.17840e-02,0.004
5.17920e-02,0
5.18000e-02,-0.002
5.18080e-02,-0.002
5.18160e-02,0.002
5.18240e-02,0.002
5.18320e-02,0.002
5.18400e-02,-0.002
5.18480e-02,-0.002
5.18560e-02,-0.002
5.18640e-02,0.006
5.18720e-02,-0.004
5.18800e-02,-0.002
5.18880e-02,-0.002
5.18960e-02,0
5.19040e-02,0.002
5.19120e-02,0
5.19200e-02,-0.008
5.19280e-02,0
5.19360e-02,0
5.19440e-02,0.006
5.19520e-02,-0.006
5.19600e-02,-0.004
5.19680e-02,-0.008
5.19760e-02,0.004
5.19840e-02,-0.002
5.19920e-02,-0.004
5.20000e-02,-0.004
5.20080e-02,-0.002
5.20160e-02,0.002
5.20240e-02,0.002
5.20320e-02,-0.006
5.20400e-02,-0.004
5.20480e-02,-0.002
5.20560e-02,0
5.20640e-02,0.002
5.20720e-02,-0.002
5.20800e-02,0
5.20880e-02,-0.002
5.20960e-02,-0.004
5.21040e-02,0
5.21120e-02,-0.002
5.21200e-02,-0.004
5.21280e-02,-0.002
5.21360e-02,-0.004
5.21440e-02,0
5.21520e-02,-0.004
5.21600e-02,-0.004
5.21680e-02,-0.004
5.21760e-02,-0.002
5.21840e-02,0
5.21920e-02,0
5.22000e-02,-0.004
5.22080e-02,-0.002
5.22160e-02,0.002
5.22240e-02,0
5.22320e-02,0
5.22400e-02,-0.01
5.22480e-02,-0.002
5.22560e-02,-0.002
5.22640e-02,0
5.22720e-02,0.002
5.22800e-02,-0.004
5.22880e-02,-0.002
5.22960e-02,0
5.23040e-02,-0.006
5.23120e-02,-0.004
5.23200e-02,0.002
5.23280e-02,-0.002
5.23360e-02,0.002
5.23440e-02,0
5.23520e-02,0
5.23600e-02,0
5.23680e-02,-0.002
5.23760e-02,-0.004
5.23840e-02,0
5.23920e-02,-0.004
5.24000e-02,0.002
5.24080e-02,-0.004
5.24160e-02,-0.002
5.24240e-02,0.002
5.24320e-02,-0.006
5.24400e-02,-0.002
5.24480e-02,-0.002
5.24560e-02,0
5.24640e-02,-0.004
5.24720e-02,-0.002
5.24800e-02,-0.002
5.24880e-02,0.002
5.24960e-02,0.002
5.25040e-02,-0.002
5.25120e-02,0
5.25200e-02,-0.006
5.25280e-02,-0.002
5.25360e-02,-0.002
5.25440e-02,-0.012
5.25520e-02,-0.004
5.25600e-02,0
5.25680e-02,0
5.25760e-02,-0.006
5.25840e-02,-0.006
5.25920e-02,0
5.26000e-02,0
5.26080e-02,0
5.26160e-02,-0.002
5.26240e-02,-0.004
5.26320e-02,-0.004
5.26400e-02,0.002
5.26480e-02,-0.002
5.26560e-02,-0.002
5.26640e-02,-0.006
5.26720e-02,-0.008
5.26800e-02,0.002
5.26880e-02,-0.004
5.26960e-02,-0.004
5.27040e-02,0
5.27120e-02,-0.002
5.27200e-02,0.002
5.27280e-02,-0.006
5.27360e-02,0
5.27440e-02,0.002
5.27520e-02,0.002
5.27600e-02,0.002
5.27680e-02,0.006
5.27760e-02,-0.004
5.27840e-02,0
5.27920e-02,0
5.28000e-02,0.002
5.28080e-02,0.002
5.28160e-02,-0.002
5.28240e-02,-0.004
5.28320e-02,-0.004
5.28400e-02,0.002
5.28480e-02,0
5.28560e-02,0
5.28640e-02,-0.006
5.28720e-02,0
5.28800e-02,0.004
5.28880e-02,0.002
5.28960e-02,-0.006
5.29040e-02,0
5.29120e-02,-0.002
5.29200e-02,0.006
5.29280e-02,-0.006
5.29360e-02,-0.002
5.29440e-02,-0.008
5.29520e-02,0.002
5.29600e-02,0.002
5.29680e-02,0
5.29760e-02,-0.008
5.29840e-02,0
5.29920e-02,-0.002
5.30000e-02,-0.002
5.30080e-02,0
5.30160e-02,-0.01
5.30240e-02,0
5.30320e-02,-0.008
5.30400e-02,0
5.30480e-02,0
5.30560e-02,-0.006
5.30640e-02,-0.004
5.30720e-02,-0.006
5.30800e-02,0.002
5.30880e-02,0.002
5.30960e-02,-0.004
5.31040e-02,0
5.31120e-02,0
5.31200e-02,-0.006
5.31280e-02,0
5.31360e-02,-0.004
5.31440e-02,0
5.31520e-02,0
5.31600e-02,-0.006
5.31680e-02,-0.004
5.31760e-02,-0.002
5.31840e-02,0
5.31920e-02,-0.002
5.32000e-02,-0.006
5.32080e-02,0
5.32160e-02,-0.002
5.32240e-02,0
5.32320e-02,-0.002
5.32400e-02,-0.002
5.32480e-02,-0.008
5.32560e-02,-0.004
5.32640e-02,0.004
5.32720e-02,-0.002
5.32800e-02,0.004
5.32880e-02,0
5.32960e-02,-0.002
5.33040e-02,0
5.33120e-02,0.006
5.33200e-02,0
5.33280e-02,-0.004
5.33360e-02,-0.002
5.33440e-02,0.002
5.33520e-02,-0.002
5.33600e-02,0.004
5.33680e-02,-0.006
5.33760e-02,0
5.33840e-02,-0.002
5.33920e-02,-0.004
5.34000e-02,0
5.34080e-02,-0.002
5.34160e-02,-0.002
5.34240e-02,0
5.34320e-02,-0.002
5.34400e-02,-0.006
5.34480e-02,0.004
5.34560e-02,-0.006
5.34640e-02,-0.002
5.34720e-02,-0.002
5.34800e-02,-0.004
5.34880e-02,-0.002
5.34960e-02,0.002
5.35040e-02,0.002
5.35120e-02,-0.002
5.35200e-02,-0.006
5.35280e-02,-0.006
5.35360e-02,0.002
5.35440e-02,-0.004
5.35520e-02,0.002
5.35600e-02,-0.006
5.35680e-02,-0.006
5.35760e-02,-0.002
5.35840e-02,-0.002
5.35920e-02,0.002
5.36000e-02,-0.004
5.36080e-02,-0.006
5.36160e-02,0
5.36240e-02,-0.006
5.36320e-02,-0.002
5.36400e-02,0
5.36480e-02,-0.006
5.36560e-02,-0.004
5.36640e-02,-0.002
5.36720e-02,-0.002
5.36800e-02,-0.002
5.36880e-02,0
5.36960e-02,0.002
5.37040e-02,-0.002
5.37120e-02,-0.004
5.37200e-02,-0.002
5.37280e-02,0.002
5.37360e-02,0
5.37440e-02,-0.004
5.37520e-02,-0.004
5.37600e-02,-0.004
5.37680e-02,0
5.37760e-02,0.004
5.37840e-02,-0.002
5.37920e-02,-0.004
5.38000e-02,-0.006
5.38080e-02,-0.002
5.38160e-02,0
5.38240e-02,0
5.38320e-02,-0.004
5.38400e-02,-0.004
5.38480e-02,-0.002
5.38560e-02,0
5.38640e-02,0
5.38720e-02,-0.002
5.38800e-02,-0.002
5.38880e-02,0.004
5.38960e-02,0
5.39040e-02,-0.004
5.39120e-02,-0.006
5.39200e-02,0
5.39280e-02,-0.002
5.39360e-02,-0.002
5.39440e-02,-0.002
5.39520e-02,-0.004
5.39600e-02,-0.004
5.39680e-02,0
5.39760e-02,-0.004
5.39840e-02,-0.004
5.39920e-02,-0.006
5.40000e-02,-0.004
5.40080e-02,0.002
5.40160e-02,-0.004
5.40240e-02,-0.006
5.40320e-02,-0.002
5.40400e-02,-0.002
5.40480e-02,-0.002
5.40560e-02,-0.004
5.40640e-02,-0.004
5.40720e-02,-0.006
5.40800e-02,-0.004
5.40880e-02,0
5.40960e-02,-0.002
5.41040e-02,-0.006
5.41120e-02,0
5.41200e-02,0.004
5.41280e-02,-0.004
5.41360e-02,-0.002
5.41440e-02,-0.006
5.41520e-02,-0.002
5.41600e-02,0.002
5.41680e-02,0.002
5.41760e-02,-0.004
5.41840e-02,-0.006
5.41920e-02,-0.002
5.42000e-02,0.004
5.42080e-02,-0.006
5.42160e-02,-0.002
5.42240e-02,-0.006
5.42320e-02,0
5.42400e-02,-0.002
5.42480e-02,0.002
5.42560e-02,-0.004
5.42640e-02,-0.002
5.42720e-02,-0.006
5.42800e-02,-0.002
5.42880e-02,0
5.42960e-02,-0.006
5.43040e-02,-0.006
5.43120e-02,0
5.43200e-02,0.002
5.43280e-02,0
5.43360e-02,0
5.43440e-02,-0.008
5.43520e-02,-0.002
5.43600e-02,-0.002
5.43680e-02,0.002
5.43760e-02,0
5.43840e-02,-0.006
5.43920e-02,-0.004
5.44000e-02,-0.004
5.44080e-02,-0.002
5.44160e-02,0
5.44240e-02,-0.004
5.44320e-02,-0.004
5.44400e-02,0
5.44480e-02,-0.004
5.44560e-02,-0.004
5.44640e-02,-0.006
5.44720e-02,0
5.44800e-02,0.004
5.44880e-02,-0.002
5.44960e-02,-0.004
5.45040e-02,-0.004
5.45120e-02,0
5.45200e-02,0.002
5.45280e-02,0.002
5.45360e-02,-0.002
5.45440e-02,-0.006
5.45520e-02,0
5.45600e-02,-0.006
5.45680e-02,0
5.45760e-02,-0.002
5.45840e-02,0
5.45920e-02,-0.002
5.46000e-02,0
5.46080e-02,0
5.46160e-02,-0.006
5.46240e-02,0
5.46320e-02,-0.004
5.46400e-02,-0.004
5.46480e-02,0.002
5.46560e-02,-0.008
5.46640e-02,-0.002
5.46720e-02,0
5.46800e-02,0
5.46880e-02,-0.002
5.46960e-02,-0.01
5.47040e-02,0
5.47120e-02,-0.002
5.47200e-02,-0.004
5.47280e-02,0.004
5.47360e-02,-0.002
5.47440e-02,0
5.47520e-02,0
5.47600e-02,0.002
5.47680e-02,-0.004
5.47760e-02,-0.004
5.47840e-02,-0.008
5.47920e-02,0
5.48000e-02,-0.002
5.48080e-02,-0.004
5.48160e-02,-0.006
5.48240e-02,-0.002
5.48320e-02,0
5.48400e-02,-0.004
5.48480e-02,-0.004
5.48560e-02,-0.004
5.48640e-02,0.004
5.48720e-02,-0.002
5.48800e-02,-0.002
5.48880e-02,-0.004
5.48960e-02,-0.002
5.49040e-02,-0.004
5.49120e-02,-0.006
5.49200e-02,0.004
5.49280e-02,0
5.49360e-02,-0.004
5.49440e-02,-0.006
5.49520e-02,0.006
5.49600e-02,-0.004
5.49680e-02,-0.002
5.49760e-02,-0.002
5.49840e-02,0
5.49920e-02,-0.002
5.50000e-02,-0.002
5.50080e-02,0.004
5.50160e-02,-0.006
5.50240e-02,-0.004
5.50320e-02,-0.004
5.50400e-02,0.002
5.50480e-02,-0.002
5.50560e-02,-0.004
5.50640e-02,0
5.50720e-02,-0.004
5.50800e-02,-0.002
5.50880e-02,0
5.50960e-02,-0.002
5.51040e-02,0
5.51120e-02,-0.002
5.51200e-02,0
5.51280e-02,-0.006
5.51360e-02,-0.004
5.51440e-02,-0.006
5.51520e-02,0
5.51600e-02,-0.008
5.51680e-02,-0.008
5.51760e-02,0
5.51840e-02,-0.004
5.51920e-02,0.004
5.52000e-02,-0.006
5.52080e-02,-0.002
5.52160e-02,0
5.52240e-02,-0.002
5.52320e-02,-0.004
5.52400e-02,-0.002
5.52480e-02,-0.006
5.52560e-02,-0.006
5.52640e-02,0
5.52720e-02,-0.002
5.52800e-02,-0.002
5.52880e-02,-0.002
5.52960e-02,-0.002
5.53040e-02,-0.004
5.53120e-02,-0.004
5.53200e-02,-0.002
5.53280e-02,0.004
5.53360e-02,-0.01
5.53440e-02,-0.006
5.53520e-02,0
5.53600e-02,-0.004
5.53680e-02,-0.004
5.53760e-02,-0.002
5.53840e-02,-0.004
5.53920e-02,-0.004
5.54000e-02,-0.002
5.54080e-02,0
5.54160e-02,-0.002
5.54240e-02,-0.008
5.54320e-02,-0.002
5.54400e-02,0.002
5.54480e-02,-0.004
5.54560e-02,-0.004
5.54640e-02,-0.008
5.54720e-02,0
5.54800e-02,0.002
5.54880e-02,-0.006
5.54960e-02,-0.004
5.55040e-02,-0.002
5.55120e-02,-0.004
5.55200e-02,-0.002
5.55280e-02,-0.004
5.55360e-02,0
5.55440e-02,0
5.55520e-02,-0.006
5.55600e-02,0.002
5.55680e-02,0
5.55760e-02,-0.006
5.55840e-02,0
5.55920e-02,-0.002
5.56000e-02,-0.004
5.56080e-02,0.004
5.56160e-02,-0.002
5.56240e-02,0.002
5.56320e-02,-0.002
5.56400e-02,-0.002
5.56480e-02,-0.002
5.56560e-02,0
5.56640e-02,-0.004
5.56720e-02,-0.002
5.56800e-02,0
5.56880e-02,-0.008
5.56960e-02,-0.002
5.57040e-02,-0.006
5.57120e-02,-0.002
5.57200e-02,0
5.57280e-02,-0.006
5.57360e-02,0
5.57440e-02,0
5.57520e-02,-0.002
5.57600e-02,0.002
5.57680e-02,-0.008
5.57760e-02,0
5.57840e-02,0.002
5.57920e-02,-0.006
5.58000e-02,-0.004
5.58080e-02,0
5.58160e-02,-0.006
5.58240e-02,0.004
5.58320e-02,-0.002
5.58400e-02,-0.008
5.58480e-02,0
5.58560e-02,-0.002
5.58640e-02,-0.002
5.58720e-02,-0.002
5.58800e-02,-0.006
5.58880e-02,-0.002
5.58960e-02,0
5.59040e-02,0
5.59120e-02,0
5.59200e-02,-0.004
5.59280e-02,-0.006
5.59360e-02,-0.004
5.59440e-02,-0.004
5.59520e-02,0
5.59600e-02,0
5.59680e-02,-0.006
5.59760e-02,-0.002
5.59840e-02,-0.004
5.59920e-02,-0.002
5.60000e-02,-0.002
5.60080e-02,-0.01
5.60160e-02,-0.004
5.60240e-02,-0.002
5.60320e-02,0.002
5.60400e-02,0
5.60480e-02,-0.01
5.60560e-02,-0.006
5.60640e-02,0
5.60720e-02,0
5.60800e-02,-0.006
5.60880e-02,-0.006
5.60960e-02,-0.002
5.61040e-02,0
5.61120e-02,0
5.61200e-02,-0.004
5.61280e-02,-0.006
5.61360e-02,-0.01
5.61440e-02,-0.002
5.61520e-02,0
5.61600e-02,-0.004
5.61680e-02,-0.008
5.61760e-02,0
5.61840e-02,0
5.61920e-02,0.004
5.62000e-02,-0.004
5.62080e-02,-0.002
5.62160e-02,-0.004
5.62240e-02,-0.002
5.62320e-02,0.002
5.62400e-02,-0.002
5.62480e-02,-0.002
5.62560e-02,-0.004
5.62640e-02,-0.004
5.62720e-02,-0.006
5.62800e-02,0
5.62880e-02,-0.01
5.62960e-02,0
5.63040e-02,-0.004
5.63120e-02,-0.006
5.63200e-02,0
5.63280e-02,-0.002
5.63360e-02,-0.006
5.63440e-02,0
5.63520e-02,-0.002
5.63600e-02,-0.006
5.63680e-02,0.002
5.63760e-02,-0.002
5.63840e-02,-0.002
5.63920e-02,0.002
5.64000e-02,-0.006
5.64080e-02,0
5.64160e-02,-0.002
5.64240e-02,0.002
5.64320e-02,-0.002
5.64400e-02,0
5.64480e-02,0
5.64560e-02,0.002
5.64640e-02,-0.002
5.64720e-02,0
5.64800e-02,-0.002
5.64880e-02,-0.004
5.64960e-02,0.004
5.65040e-02,-0.004
5.65120e-02,-0.002
5.65200e-02,0
5.65280e-02,-0.002
5.65360e-02,-0.002
5.65440e-02,-0.002
5.65520e-02,0.002
5.65600e-02,-0.002
5.65680e-02,-0.006
5.65760e-02,-0.002
5.65840e-02,-0.004
5.65920e-02,-0.006
5.66000e-02,0
5.66080e-02,-0.002
5.66160e-02,-0.004
5.66240e-02,-0.002
5.66320e-02,-0.002
5.66400e-02,-0.004
5.66480e-02,0.004
5.66560e-02,-0.002
5.66640e-02,-0.004
5.66720e-02,-0.004
5.66800e-02,-0.006
5.66880e-02,0
5.66960e-02,0.002
5.67040e-02,-0.006
5.67120e-02,-0.006
5.67200e-02,0
5.67280e-02,-0.006
5.67360e-02,0
5.67440e-02,-0.002
5.67520e-02,-0.004
5.67600e-02,-0.002
5.67680e-02,-0.008
5.67760e-02,-0.002
5.67840e-02,-0.002
5.67920e-02,-0.006
5.68000e-02,-0.004
5.68080e-02,-0.006
5.68160e-02,-0.002
5.68240e-02,-0.002
5.68320e-02,-0.006
5.68400e-02,0.002
5.68480e-02,-0.004
5.68560e-02,-0.002
5.68640e-02,0
5.68720e-02,-0.004
5.68800e-02,-0.002
5.68880e-02,0
5.68960e-02,0
5.69040e-02,-0.004
5.69120e-02,-0.006
5.69200e-02,-0.002
5.69280e-02,0.004
5.69360e-02,-0.004
5.69440e-02,-0.004
5.69520e-02,-0.004
5.69600e-02,0
5.69680e-02,0
5.69760e-02,0
5.69840e-02,-0.004
5.69920e-02,-0.002
5.70000e-02,0
5.70080e-02,-0.004
5.70160e-02,0.002
5.70240e-02,-0.002
5.70320e-02,0
5.70400e-02,0
5.70480e-02,-0.002
5.70560e-02,0
5.70640e-02,-0.002
5.70720e-02,0.004
5.70800e-02,0
5.70880e-02,-0.002
5.70960e-02,-0.004
5.71040e-02,-0.004
5.71120e-02,-0.004
5.71200e-02,0
5.71280e-02,0.002
5.71360e-02,-0.006
5.71440e-02,-0.002
5.71520e-02,-0.004
5.71600e-02,-0.002
5.71680e-02,-0.002
5.71760e-02,-0.002
5.71840e-02,-0.002
5.71920e-02,-0.006
5.72000e-02,-0.004
5.72080e-02,0
5.72160e-02,0.002
5.72240e-02,0
5.72320e-02,-0.006
5.72400e-02,-0.002
5.72480e-02,0
5.72560e-02,-0.002
5.72640e-02,0
5.72720e-02,-0.002
5.72800e-02,-0.006
5.72880e-02,-0.002
5.72960e-02,0
5.73040e-02,-0.008
5.73120e-02,0.002
5.73200e-02,0
5.73280e-02,-0.004
5.73360e-02,-0.002
5.73440e-02,-0.002
5.73520e-02,-0.002
5.73600e-02,0
5.73680e-02,-0.006
5.73760e-02,-0.004
5.73840e-02,0.002
5.73920e-02,-0.002
5.74000e-02,0.002
5.74080e-02,-0.008
5.74160e-02,-0.006
5.74240e-02,0
5.74320e-02,0.004
5.74400e-02,0
5.74480e-02,-0.004
5.74560e-02,-0.004
5.74640e-02,0
5.74720e-02,-0.002
5.74800e-02,-0.004
5.74880e-02,-0.006
5.74960e-02,0.002
5.75040e-02,-0.004
5.75120e-02,-0.002
5.75200e-02,-0.006
5.75280e-02,-0.006
5.75360e-02,0.002
5.75440e-02,-0.006
5.75520e-02,0.002
5.75600e-02,-0.006
5.75680e-02,-0.002
5.75760e-02,0.002
5.75840e-02,-0.006
5.75920e-02,-0.004
5.76000e-02,-0.002
5.76080e-02,0
5.76160e-02,0.004
5.76240e-02,-0.006
5.76320e-02,-0.004
5.76400e-02,0.002
5.76480e-02,-0.004
5.76560e-02,-0.002
5.76640e-02,-0.002
5.76720e-02,-0.006
5.76800e-02,0.002
5.76880e-02,-0.004
5.76960e-02,-0.002
5.77040e-02,-0.002
5.77120e-02,0
5.77200e-02,-0.002
5.77280e-02,-0.002
5.77360e-02,-0.002
5.77440e-02,-0.004
5.77520e-02,-0.002
5.77600e-02,0
5.77680e-02,-0.002
5.77760e-02,-0.006
5.77840e-02,-0.006
5.77920e-02,-0.002
5.78000e-02,-0.006
5.78080e-02,-0.002
5.78160e-02,0
5.78240e-02,-0.006
5.78320e-02,-0.004
5.78400e-02,-0.006
5.78480e-02,-0.004
5.78560e-02,0.002
5.78640e-02,-0.008
5.78720e-02,0.002
5.78800e-02,-0.004
5.78880e-02,0
5.78960e-02,-0.004
5.79040e-02,-0.002
5.79120e-02,-0.002
5.79200e-02,0.002
5.79280e-02,-0.004
5.79360e-02,-0.006
5.79440e-02,-0.008
5.79520e-02,-0.002
5.79600e-02,-0.002
5.79680e-02,-0.002
5.79760e-02,-0.01
5.79840e-02,-0.004
5.79920e-02,-0.004
5.80000e-02,0.002
5.80080e-02,-0.004
5.80160e-02,-0.002
5.80240e-02,-0.004
5.80320e-02,-0.004
5.80400e-02,0
5.80480e-02,-0.006
5.80560e-02,-0.004
5.80640e-02,-0.006
5.80720e-02,-0.002
5.80800e-02,0
5.80880e-02,-0.004
5.80960e-02,-0.002
5.81040e-02,-0.006
5.81120e-02,0.004
5.81200e-02,-0.006
5.81280e-02,-0.004
5.81360e-02,-0.008
5.81440e-02,-0.002
5.81520e-02,0.002
5.81600e-02,0.002
5.81680e-02,-0.002
5.81760e-02,-0.004
5.81840e-02,-0.004
5.81920e-02,-0.004
5.82000e-02,0
5.82080e-02,-0.002
5.82160e-02,-0.006
5.82240e-02,-0.002
5.82320e-02,0
5.82400e-02,0.002
5.82480e-02,-0.002
5.82560e-02,-0.002
5.82640e-02,-0.004
5.82720e-02,0
5.82800e-02,0
5.82880e-02,-0.002
5.82960e-02,-0.004
5.83040e-02,-0.004
5.83120e-02,0.002
5.83200e-02,-0.002
5.83280e-02,-0.004
5.83360e-02,-0.006
5.83440e-02,0
5.83520e-02,-0.004
5.83600e-02,0
5.83680e-02,0
5.83760e-02,-0.006
5.83840e-02,-0.004
5.83920e-02,-0.004
5.84000e-02,-0.002
5.84080e-02,-0.002
5.84160e-02,-0.008
5.84240e-02,0
5.84320e-02,-0.004
5.84400e-02,-0.004
5.84480e-02,-0.004
5.84560e-02,-0.006
5.84640e-02,-0.002
5.84720e-02,-0.002
5.84800e-02,-0.002
5.84880e-02,-0.002
5.84960e-02,0
5.85040e-02,0
5.85120e-02,0
5.85200e-02,-0.004
5.85280e-02,-0.002
5.85360e-02,-0.002
5.85440e-02,0
5.85520e-02,0
5.85600e-02,0
5.85680e-02,0
5.85760e-02,0
5.85840e-02,-0.004
5.85920e-02,-0.002
5.86000e-02,-0.002
5.86080e-02,0
5.86160e-02,0.004
5.86240e-02,-0.004
5.86320e-02,-0.004
5.86400e-02,-0.01
5.86480e-02,-0.002
5.86560e-02,0
5.86640e-02,0
5.86720e-02,-0.002
5.86800e-02,-0.002
5.86880e-02,-0.008
5.86960e-02,-0.008
5.87040e-02,0
5.87120e-02,-0.002
5.87200e-02,0
5.87280e-02,0
5.87360e-02,-0.004
5.87440e-02,0.002
5.87520e-02,-0.004
5.87600e-02,-0.004
5.87680e-02,-0.004
5.87760e-02,-0.002
5.87840e-02,-0.004
5.87920e-02,-0.002
5.88000e-02,-0.004
5.88080e-02,-0.002
5.88160e-02,-0.004
5.88240e-02,-0.004
5.88320e-02,-0.002
5.88400e-02,-0.004
5.88480e-02,-0.002
5.88560e-02,-0.002
5.88640e-02,-0.004
5.88720e-02,-0.002
5.88800e-02,0
5.88880e-02,0.002
5.88960e-02,0
5.89040e-02,-0.004
5.89120e-02,-0.004
5.89200e-02,-0.002
5.89280e-02,-0.004
5.89360e-02,0.002
5.89440e-02,-0.006
5.89520e-02,0
5.89600e-02,-0.006
5.89680e-02,-0.002
5.89760e-02,0
5.89840e-02,-0.002
5.89920e-02,0.004
5.90000e-02,-0.004
5.90080e-02,-0.006
5.90160e-02,-0.002
5.90240e-02,-0.006
5.90320e-02,-0.002
5.90400e-02,-0.002
5.90480e-02,0.004
5.90560e-02,-0.002
5.90640e-02,-0.006
5.90720e-02,-0.006
5.90800e-02,0.002
5.90880e-02,0
5.90960e-02,-0.002
5.91040e-02,-0.002
5.91120e-02,-0.006
5.91200e-02,-0.004
5.91280e-02,-0.002
5.91360e-02,-0.002
5.91440e-02,-0.004
5.91520e-02,-0.004
5.91600e-02,-0.002
5.91680e-02,-0.002
5.91760e-02,-0.006
5.91840e-02,0.002
5.91920e-02,-0.006
5.92000e-02,-0.002
5.92080e-02,-0.008
5.92160e-02,-0.008
5.92240e-02,-0.006
5.92320e-02,-0.008
5.92400e-02,0.002
5.92480e-02,-0.004
5.92560e-02,-0.006
5.92640e-02,-0.004
5.92720e-02,-0.006
5.92800e-02,0.002
5.92880e-02,-0.004
5.92960e-02,-0.002
5.93040e-02,-0.002
5.93120e-02,-0.004
5.93200e-02,0
5.93280e-02,-0.002
5.93360e-02,-0.006
5.93440e-02,-0.006
5.93520e-02,-0.006
5.93600e-02,-0.002
5.93680e-02,-0.004
5.93760e-02,-0.006
5.93840e-02,-0.002
5.93920e-02,-0.002
5.94000e-02,0
5.94080e-02,-0.004
5.94160e-02,-0.002
5.94240e-02,0
5.94320e-02,0
5.94400e-02,-0.002
5.94480e-02,-0.002
5.94560e-02,-0.002
5.94640e-02,0.004
5.94720e-02,-0.004
5.94800e-02,0.002
5.94880e-02,-0.008
5.94960e-02,0
5.95040e-02,-0.006
5.95120e-02,0.002
5.95200e-02,-0.004
5.95280e-02,-0.004
5.95360e-02,-0.006
5.95440e-02,-0.004
5.95520e-02,0
5.95600e-02,-0.004
5.95680e-02,-0.006
5.95760e-02,0
5.95840e-02,0
5.95920e-02,-0.004
5.96000e-02,-0.002
5.96080e-02,-0.004
5.96160e-02,-0.002
5.96240e-02,-0.002
5.96320e-02,0.004
5.96400e-02,0
5.96480e-02,-0.004
5.96560e-02,-0.002
5.96640e-02,-0.01
5.96720e-02,0.002
5.96800e-02,0.002
5.96880e-02,0.002
5.96960e-02,-0.004
5.97040e-02,-0.006
5.97120e-02,0
5.97200e-02,-0.002
5.97280e-02,-0.002
5.97360e-02,-0.004
5.97440e-02,0
5.97520e-02,-0.004
5.97600e-02,0
5.97680e-02,-0.006
5.97760e-02,-0.006
5.97840e-02,0
5.97920e-02,-0.004
5.98000e-02,0
5.98080e-02,-0.004
5.98160e-02,0
5.98240e-02,0
5.98320e-02,0
5.98400e-02,0.002
5.98480e-02,-0.008
5.98560e-02,-0.006
5.98640e-02,-0.004
5.98720e-02,-0.004
5.98800e-02,-0.004
5.98880e-02,-0.01
5.98960e-02,-0.004
5.99040e-02,0.004
5.99120e-02,0
5.99200e-02,-0.004
5.99280e-02,-0.004
5.99360e-02,0
5.99440e-02,-0.002
5.99520e-02,0
5.99600e-02,-0.004
5.99680e-02,-0.004
5.99760e-02,-0.006
5.99840e-02,0.002
5.99920e-02,-0.002
6.00000e-02,-0.004
6.00080e-02,-0.006
6.00160e-02,0.004
6.00240e-02,0.002
6.00320e-02,-0.002
6.00400e-02,-0.004
6.00480e-02,0
6.00560e-02,0.002
6.00640e-02,0
6.00720e-02,-0.006
6.00800e-02,-0.002
6.00880e-02,-0.004
6.00960e-02,-0.002
6.01040e-02,0
6.01120e-02,-0.006
6.01200e-02,-0.002
6.01280e-02,-0.004
6.01360e-02,0
6.01440e-02,-0.002
6.01520e-02,0
6.01600e-02,-0.006
6.01680e-02,0
6.01760e-02,-0.002
6.01840e-02,-0.002
6.01920e-02,-0.006
6.02000e-02,-0.004
6.02080e-02,0.002
6.02160e-02,-0.002
6.02240e-02,-0.004
6.02320e-02,-0.006
6.02400e-02,-0.002
6.02480e-02,-0.004
6.02560e-02,-0.002
6.02640e-02,-0.004
6.02720e-02,0
6.02800e-02,0
6.02880e-02,-0.008
6.02960e-02,0
6.03040e-02,0
6.03120e-02,-0.002
6.03200e-02,-0.002
6.03280e-02,0.002
6.03360e-02,-0.002
6.03440e-02,-0.008
6.03520e-02,0
6.03600e-02,0
6.03680e-02,0
6.03760e-02,-0.004
6.03840e-02,-0.002
6.03920e-02,0.002
6.04000e-02,0.002
6.04080e-02,-0.002
6.04160e-02,0
6.04240e-02,-0.002
6.04320e-02,0
6.04400e-02,0.006
6.04480e-02,-0.006
6.04560e-02,-0.004
6.04640e-02,-0.002
6.04720e-02,-0.002
6.04800e-02,-0.002
6.04880e-02,-0.004
6.04960e-02,-0.002
6.05040e-02,0.002
6.05120e-02,0.002
6.05200e-02,0
6.05280e-02,-0.004
6.05360e-02,-0.002
6.05440e-02,-0.004
6.05520e-02,0
6.05600e-02,-0.002
6.05680e-02,0
6.05760e-02,-0.002
6.05840e-02,-0.004
6.05920e-02,-0.002
6.06000e-02,0
6.06080e-02,-0.004
6.06160e-02,-0.008
6.06240e-02,0
6.06320e-02,0
6.06400e-02,0.002
6.06480e-02,-0.004
6.06560e-02,-0.004
6.06640e-02,0.002
6.06720e-02,0
6.06800e-02,-0.004
6.06880e-02,-0.004
6.06960e-02,0
6.07040e-02,0
6.07120e-02,-0.002
6.07200e-02,-0.004
6.07280e-02,-0.004
6.07360e-02,-0.006
6.07440e-02,0.002
6.07520e-02,-0.002
6.07600e-02,0
6.07680e-02,0
6.07760e-02,-0.006
6.07840e-02,-0.004
6.07920e-02,-0.006
6.08000e-02,-0.008
6.08080e-02,-0.004
6.08160e-02,0.002
6.08240e-02,-0.002
6.08320e-02,-0.006
6.08400e-02,-0.004
6.08480e-02,-0.002
6.08560e-02,0.002
6.08640e-02,-0.004
6.08720e-02,-0.004
6.08800e-02,-0.002
6.08880e-02,0
6.08960e-02,0
6.09040e-02,-0.006
6.09120e-02,0
6.09200e-02,-0.002
6.09280e-02,-0.002
6.09360e-02,-0.002
6.09440e-02,-0.002
6.09520e-02,-0.002
6.09600e-02,-0.004
6.09680e-02,-0.006
6.09760e-02,0
6.09840e-02,-0.002
6.09920e-02,-0.002
6.10000e-02,0
6.10080e-02,-0.004
6.10160e-02,0
6.10240e-02,-0.004
6.10320e-02,-0.002
6.10400e-02,0
6.10480e-02,0
6.10560e-02,0
6.10640e-02,-0.006
6.10720e-02,-0.004
6.10800e-02,0
6.10880e-02,-0.002
6.10960e-02,-0.006
6.11040e-02,0.002
6.11120e-02,-0.004
6.11200e-02,0.002
6.11280e-02,-0.002
6.11360e-02,0.002
6.11440e-02,-0.002
6.11520e-02,-0.002
6.11600e-02,0
6.11680e-02,-0.002
6.11760e-02,-0.004
6.11840e-02,0.002
6.11920e-02,-0.004
6.12000e-02,0.002
6.12080e-02,-0.002
6.12160e-02,-0.002
6.12240e-02,-0.002
6.12320e-02,-0.002
6.12400e-02,-0.002
6.12480e-02,0
6.12560e-02,0
6.12640e-02,-0.006
6.12720e-02,0
6.12800e-02,-0.002
6.12880e-02,-0.004
6.12960e-02,0
6.13040e-02,-0.004
6.13120e-02,0
6.13200e-02,0
6.13280e-02,-0.002
6.13360e-02,-0.006
6.13440e-02,-0.002
6.13520e-02,0.002
6.13600e-02,-0.008
6.13680e-02,0.002
6.13760e-02,0
6.13840e-02,0.004
6.13920e-02,0
6.14000e-02,0
6.14080e-02,-0.004
6.14160e-02,0
6.14240e-02,0.002
6.14320e-02,0.004
6.14400e-02,-0.006
6.14480e-02,-0.008
6.14560e-02,-0.004
6.14640e-02,0
6.14720e-02,0.002
6.14800e-02,-0.004
6.14880e-02,-0.006
6.14960e-02,-0.006
6.15040e-02,0
6.15120e-02,-0.002
6.15200e-02,-0.002
6.15280e-02,-0.004
6.15360e-02,-0.002
6.15440e-02,0.004
6.15520e-02,0
6.15600e-02,0
6.15680e-02,-0.002
6.15760e-02,-0.004
6.15840e-02,0
6.15920e-02,-0.002
6.16000e-02,-0.006
6.16080e-02,-0.006
6.16160e-02,-0.004
6.16240e-02,0
6.16320e-02,-0.004
6.16400e-02,-0.004
6.16480e-02,-0.006
6.16560e-02,-0.002
6.16640e-02,-0.002
6.16720e-02,0.006
6.16800e-02,-0.004
6.16880e-02,-0.002
6.16960e-02,-0.006
6.17040e-02,0.002
6.17120e-02,0
6.17200e-02,-0.006
6.17280e-02,-0.002
6.17360e-02,0
6.17440e-02,0.004
6.17520e-02,-0.002
6.17600e-02,-0.006
6.17680e-02,-0.002
6.17760e-02,0.002
6.17840e-02,0.002
6.17920e-02,0
6.18000e-02,-0.004
6.18080e-02,-0.004
6.18160e-02,-0.002
6.18240e-02,0
6.18320e-02,-0.004
6.18400e-02,-0.006
6.18480e-02,-0.002
6.18560e-02,0.004
6.18640e-02,-0.002
6.18720e-02,-0.004
6.18800e-02,0
6.18880e-02,-0.002
6.18960e-02,-0.004
6.19040e-02,0
6.19120e-02,0
6.19200e-02,-0.002
6.19280e-02,-0.002
6.19360e-02,-0.002
6.19440e-02,-0.004
6.19520e-02,-0.006
6.19600e-02,-0.006
6.19680e-02,-0.002
6.19760e-02,-0.004
6.19840e-02,-0.004
6.19920e-02,0
6.20000e-02,0
6.20080e-02,-0.002
6.20160e-02,-0.002
6.20240e-02,-0.002
6.20320e-02,-0.002
6.20400e-02,0
6.20480e-02,0
6.20560e-02,-0.004
6.20640e-02,-0.002
6.20720e-02,-0.006
6.20800e-02,-0.002
6.20880e-02,0.004
6.20960e-02,-0.006
6.21040e-02,-0.006
6.21120e-02,-0.006
6.21200e-02,-0.004
6.21280e-02,0
6.21360e-02,0
6.21440e-02,-0.002
6.21520e-02,0
6.21600e-02,-0.002
6.21680e-02,0
6.21760e-02,-0.002
6.21840e-02,-0.004
6.21920e-02,-0.006
6.22000e-02,-0.002
6.22080e-02,0
6.22160e-02,0.006
6.22240e-02,-0.002
6.22320e-02,-0.002
6.22400e-02,-0.002
6.22480e-02,-0.002
6.22560e-02,0.002
6.22640e-02,-0.002
6.22720e-02,-0.002
6.22800e-02,0.004
6.22880e-02,-0.002
6.22960e-02,0
6.23040e-02,-0.002
6.23120e-02,-0.002
6.23200e-02,0
6.23280e-02,-0.004
6.23360e-02,-0.006
6.23440e-02,0
6.23520e-02,-0.004
6.23600e-02,-0.002
6.23680e-02,-0.004
6.23760e-02,-0.002
6.23840e-02,0
6.23920e-02,-0.004
6.24000e-02,0
6.24080e-02,-0.004
6.24160e-02,-0.002
6.24240e-02,0
6.24320e-02,-0.006
6.24400e-02,-0.004
6.24480e-02,0.002
6.24560e-02,-0.004
6.24640e-02,-0.002
6.24720e-02,-0.002
6.24800e-02,0
6.24880e-02,0
6.24960e-02,-0.006
6.25040e-02,-0.002
6.25120e-02,0
6.25200e-02,0.004
6.25280e-02,0.002
6.25360e-02,-0.002
6.25440e-02,-0.004
6.25520e-02,0.002
6.25600e-02,0
6.25680e-02,-0.002
6.25760e-02,-0.002
6.25840e-02,0.002
6.25920e-02,0.004
6.26000e-02,0
6.26080e-02,0.002
6.26160e-02,0.004
6.26240e-02,-0.002
6.26320e-02,0
6.26400e-02,-0.002
6.26480e-02,0
6.26560e-02,0
6.26640e-02,-0.004
6.26720e-02,0.002
6.26800e-02,0
6.26880e-02,0
6.26960e-02,0.002
6.27040e-02,-0.002
6.27120e-02,-0.004
6.27200e-02,0
6.27280e-02,-0.002
6.27360e-02,0.002
6.27440e-02,-0.002
6.27520e-02,0.004
6.27600e-02,-0.004
6.27680e-02,-0.002
6.27760e-02,0
6.27840e-02,0.002
6.27920e-02,0
6.28000e-02,0
6.28080e-02,0
6.28160e-02,0
6.28240e-02,-0.002
6.28320e-02,-0.004
6.28400e-02,-0.002
6.28480e-02,0
6.28560e-02,0
6.28640e-02,-0.002
6.28720e-02,-0.004
6.28800e-02,-0.002
6.28880e-02,-0.006
6.28960e-02,-0.002
6.29040e-02,0.002
6.29120e-02,0.002
6.29200e-02,0.002
6.29280e-02,-0.006
6.29360e-02,-0.004
6.29440e-02,-0.002
6.29520e-02,0.004
6.29600e-02,-0.004
6.29680e-02,-0.006
6.29760e-02,-0.002
6.29840e-02,-0.002
6.29920e-02,0
6.30000e-02,0
6.30080e-02,0
6.30160e-02,-0.002
6.30240e-02,0
6.30320e-02,-0.004
6.30400e-02,-0.002
6.30480e-02,-0.004
6.30560e-02,-0.002
6.30640e-02,-0.002
6.30720e-02,0
6.30800e-02,0.004
6.30880e-02,-0.002
6.30960e-02,-0.006
6.31040e-02,-0.004
6.31120e-02,0.002
6.31200e-02,0.002
6.31280e-02,-0.002
6.31360e-02,-0.004
6.31440e-02,0.002
6.31520e-02,0
6.31600e-02,0
6.31680e-02,0.002
6.31760e-02,-0.004
6.31840e-02,0
6.31920e-02,-0.004
6.32000e-02,-0.002
6.32080e-02,-0.004
6.32160e-02,0
6.32240e-02,0
6.32320e-02,-0.002
6.32400e-02,-0.004
6.32480e-02,0.002
6.32560e-02,-0.002
6.32640e-02,0
6.32720e-02,-0.004
6.32800e-02,-0.006
6.32880e-02,0.004
6.32960e-02,-0.002
6.33040e-02,0.002
6.33120e-02,0
6.33200e-02,-0.006
6.33280e-02,0
6.33360e-02,0
6.33440e-02,0
6.33520e-02,0.002
6.33600e-02,-0.002
6.33680e-02,-0.004
6.33760e-02,0.002
6.33840e-02,0
6.33920e-02,-0.004
6.34000e-02,-0.004
6.34080e-02,0
6.34160e-02,0
6.34240e-02,-0.004
6.34320e-02,0
6.34400e-02,-0.004
6.34480e-02,0.002
6.34560e-02,-0.004
6.34640e-02,0
6.34720e-02,-0.004
6.34800e-02,-0.004
6.34880e-02,-0.004
6.34960e-02,0.004
6.35040e-02,-0.002
6.35120e-02,0.002
6.35200e-02,-0.004
6.35280e-02,-0.002
6.35360e-02,0
6.35440e-02,0
6.35520e-02,-0.002
6.35600e-02,-0.004
6.35680e-02,-0.002
6.35760e-02,-0.002
6.35840e-02,0
6.35920e-02,-0.002
6.36000e-02,0.002
6.36080e-02,-0.004
6.36160e-02,0
6.36240e-02,-0.004
6.36320e-02,-0.006
6.36400e-02,-0.002
6.36480e-02,-0.002
6.36560e-02,-0.004
6.36640e-02,-0.004
6.36720e-02,-0.004
6.36800e-02,0.004
6.36880e-02,0.002
6.36960e-02,0.002
6.37040e-02,-0.006
6.37120e-02,-0.008
6.37200e-02,-0.002
6.37280e-02,0
6.37360e-02,0
6.37440e-02,0
6.37520e-02,-0.004
6.37600e-02,-0.004
6.37680e-02,-0.002
6.37760e-02,0.002
6.37840e-02,0
6.37920e-02,-0.006
6.38000e-02,-0.004
6.38080e-02,0.004
6.38160e-02,0.002
6.38240e-02,-0.006
6.38320e-02,-0.002
6.38400e-02,0.002
6.38480e-02,0
6.38560e-02,0.002
6.38640e-02,0.002
6.38720e-02,-0.002
6.38800e-02,-0.006
6.38880e-02,0.002
6.38960e-02,0
6.39040e-02,0.004
6.39120e-02,-0.004
6.39200e-02,0
6.39280e-02,0
6.39360e-02,0.004
6.39440e-02,0
6.39520e-02,-0.004
6.39600e-02,-0.006
6.39680e-02,0.006
6.39760e-02,0
6.39840e-02,-0.002
6.39920e-02,-0.002
6.40000e-02,-0.002
6.40080e-02,0.002
6.40160e-02,-0.002
6.40240e-02,-0.002
6.40320e-02,-0.004
6.40400e-02,0.004
6.40480e-02,0.002
6.40560e-02,0.002
6.40640e-02,-0.002
6.40720e-02,-0.002
6.40800e-02,-0.004
6.40880e-02,-0.002
6.40960e-02,-0.002
6.41040e-02,-0.002
6.41120e-02,0.002
6.41200e-02,-0.006
6.41280e-02,0.002
6.41360e-02,0
6.41440e-02,0
6.41520e-02,-0.002
6.41600e-02,-0.004
6.41680e-02,-0.002
6.41760e-02,-0.004
6.41840e-02,-0.004
6.41920e-02,-0.002
6.42000e-02,0
6.42080e-02,0
6.42160e-02,0
6.42240e-02,-0.002
6.42320e-02,-0.002
6.42400e-02,0
6.42480e-02,0
6.42560e-02,0
6.42640e-02,-0.006
6.42720e-02,-0.002
6.42800e-02,-0.002
6.42880e-02,0
6.42960e-02,0.002
6.43040e-02,-0.002
6.43120e-02,0.002
6.43200e-02,-0.002
6.43280e-02,0
6.43360e-02,0.004
6.43440e-02,0
6.43520e-02,0.002
6.43600e-02,0.004
6.43680e-02,-0.006
6.43760e-02,-0.006
6.43840e-02,-0.002
6.43920e-02,0.002
6.44000e-02,0.002
6.44080e-02,0.002
6.44160e-02,0.004
6.44240e-02,0.002
6.44320e-02,-0.002
6.44400e-02,-0.002
6.44480e-02,0
6.44560e-02,0.006
6.44640e-02,0
6.44720e-02,0
6.44800e-02,0
6.44880e-02,-0.004
6.44960e-02,0.002
6.45040e-02,0.004
6.45120e-02,0
6.45200e-02,0.004
6.45280e-02,0.002
6.45360e-02,0
6.45440e-02,0
6.45520e-02,0
6.45600e-02,0
6.45680e-02,-0.004
6.45760e-02,0
6.45840e-02,0.002
6.45920e-02,-0.002
6.46000e-02,0
6.46080e-02,-0.002
6.46160e-02,-0.004
6.46240e-02,0.002
6.46320e-02,-0.004
6.46400e-02,-0.004
6.46480e-02,-0.002
6.46560e-02,-0.002
6.46640e-02,-0.006
6.46720e-02,-0.006
6.46800e-02,-0.004
6.46880e-02,0
6.46960e-02,0
6.47040e-02,0.002
6.47120e-02,-0.004
6.47200e-02,0.002
6.47280e-02,-0.004
6.47360e-02,-0.002
6.47440e-02,-0.002
6.47520e-02,-0.002
6.47600e-02,-0.002
6.47680e-02,0
6.47760e-02,-0.004
6.47840e-02,0
6.47920e-02,-0.006
6.48000e-02,0
6.48080e-02,0
6.48160e-02,0.002
6.48240e-02,-0.002
6.48320e-02,0
6.48400e-02,0
6.48480e-02,0.002
6.48560e-02,-0.002
6.48640e-02,-0.006
6.48720e-02,0
6.48800e-02,-0.004
6.48880e-02,0
6.48960e-02,-0.002
6.49040e-02,0
6.49120e-02,0
6.49200e-02,-0.004
6.49280e-02,0
6.49360e-02,0.002
6.49440e-02,0
6.49520e-02,0
6.49600e-02,-0.004
6.49680e-02,-0.002
6.49760e-02,0.002
6.49840e-02,-0.002
6.49920e-02,-0.006
6.50000e-02,-0.002
6.50080e-02,-0.002
6.50160e-02,0.004
6.50240e-02,-0.002
6.50320e-02,0.002
6.50400e-02,-0.002
6.50480e-02,0
6.50560e-02,0
6.50640e-02,0.002
6.50720e-02,-0.002
6.50800e-02,0
6.50880e-02,-0.004
6.50960e-02,0.002
6.51040e-02,-0.004
6.51120e-02,0
6.51200e-02,-0.004
6.51280e-02,-0.002
6.51360e-02,0
6.51440e-02,-0.002
6.51520e-02,-0.004
6.51600e-02,0
6.51680e-02,0
6.51760e-02,0.004
6.51840e-02,-0.002
6.51920e-02,0
6.52000e-02,0.002
6.52080e-02,0.002
6.52160e-02,0
6.52240e-02,-0.004
6.52320e-02,-0.008
6.52400e-02,-0.004
6.52480e-02,-0.004
6.52560e-02,0.002
6.52640e-02,0.002
6.52720e-02,-0.002
6.52800e-02,0
6.52880e-02,0
6.52960e-02,0.002
6.53040e-02,0.006
6.53120e-02,-0.006
6.53200e-02,0
6.53280e-02,0
6.53360e-02,-0.004
6.53440e-02,0.002
6.53520e-02,-0.002
6.53600e-02,-0.004
6.53680e-02,-0.004
6.53760e-02,-0.002
6.53840e-02,0
6.53920e-02,-0.004
6.54000e-02,-0.002
6.54080e-02,-0.002
6.54160e-02,0.002
6.54240e-02,0.002
6.54320e-02,-0.004
6.54400e-02,-0.004
6.54480e-02,0
6.54560e-02,-0.004
6.54640e-02,0.002
6.54720e-02,-0.004
6.54800e-02,0
6.54880e-02,-0.002
6.54960e-02,-0.002
6.55040e-02,0
6.55120e-02,0.002
6.55200e-02,-0.002
6.55280e-02,0.002
6.55360e-02,-0.002
6.55440e-02,0
6.55520e-02,0.004
6.55600e-02,-0.004
6.55680e-02,0.002
6.55760e-02,0.002
6.55840e-02,0
6.55920e-02,-0.002
6.56000e-02,-0.002
6.56080e-02,0
6.56160e-02,-0.004
6.56240e-02,-0.002
6.56320e-02,-0.002
6.56400e-02,-0.002
6.56480e-02,0
6.56560e-02,-0.006
6.56640e-02,0
6.56720e-02,-0.002
6.56800e-02,-0.002
6.56880e-02,0.002
6.56960e-02,0
6.57040e-02,0
6.57120e-02,0
6.57200e-02,0.002
6.57280e-02,0.002
6.57360e-02,0.002
6.57440e-02,-0.004
6.57520e-02,-0.002
6.57600e-02,-0.006
6.57680e-02,0.002
6.57760e-02,-0.002
6.57840e-02,-0.002
6.57920e-02,0.002
6.58000e-02,0
6.58080e-02,0
6.58160e-02,0.004
6.58240e-02,-0.006
6.58320e-02,-0.006
6.58400e-02,-0.006
6.58480e-02,0
6.58560e-02,0.002
6.58640e-02,-0.002
6.58720e-02,0.002
6.58800e-02,0
6.58880e-02,0
6.58960e-02,0
6.59040e-02,-0.002
6.59120e-02,-0.006
6.59200e-02,-0.004
6.59280e-02,0.002
6.59360e-02,-0.002
6.59440e-02,-0.006
6.59520e-02,-0.002
6.59600e-02,-0.004
6.59680e-02,-0.004
6.59760e-02,-0.002
6.59840e-02,-0.002
6.59920e-02,0.002
6.60000e-02,-0.006
6.60080e-02,-0.004
6.60160e-02,-0.002
6.60240e-02,-0.002
6.60320e-02,0.002
6.60400e-02,-0.002
6.60480e-02,0
6.60560e-02,-0.004
6.60640e-02,-0.006
6.60720e-02,-0.006
6.60800e-02,0.004
6.60880e-02,0.002
6.60960e-02,0.002
6.61040e-02,0
6.61120e-02,-0.004
6.61200e-02,0
6.61280e-02,-0.002
6.61360e-02,-0.002
6.61440e-02,-0.004
6.61520e-02,0
6.61600e-02,0.002
6.61680e-02,0.002
6.61760e-02,0.002
6.61840e-02,0
6.61920e-02,0.004
6.62000e-02,-0.006
6.62080e-02,-0.006
6.62160e-02,0.004
6.62240e-02,0.006
6.62320e-02,0.002
6.62400e-02,-0.002
6.62480e-02,-0.004
6.62560e-02,0
6.62640e-02,0.004
6.62720e-02,0.006
6.62800e-02,0.002
6.62880e-02,-0.004
6.62960e-02,0
6.63040e-02,0
6.63120e-02,-0.004
6.63200e-02,0.004
6.63280e-02,0
6.63360e-02,0.002
6.63440e-02,-0.008
6.63520e-02,-0.004
6.63600e-02,0
6.63680e-02,0
6.63760e-02,0.004
6.63840e-02,0
6.63920e-02,0
6.64000e-02,0.002
6.64080e-02,-0.004
6.64160e-02,0.002
6.64240e-02,0.004
6.64320e-02,0.004
6.64400e-02,0.002
6.64480e-02,-0.002
6.64560e-02,0.008
6.64640e-02,-0.002
6.64720e-02,-0.002
6.64800e-02,-0.002
6.64880e-02,-0.002
6.64960e-02,0.002
6.65040e-02,-0.002
6.65120e-02,0.002
6.65200e-02,0
6.65280e-02,0
6.65360e-02,-0.002
6.65440e-02,0
6.65520e-02,-0.002
6.65600e-02,0
6.65680e-02,0
6.65760e-02,0.002
6.65840e-02,-0.006
6.65920e-02,-0.002
6.66000e-02,0.002
6.66080e-02,0.002
6.66160e-02,0
6.66240e-02,-0.006
6.66320e-02,0
6.66400e-02,0.004
6.66480e-02,0.002
6.66560e-02,-0.004
6.66640e-02,0
6.66720e-02,0.004
6.66800e-02,0.002
6.66880e-02,-0.002
6.66960e-02,0.004
6.67040e-02,0
6.67120e-02,0.002
6.67200e-02,-0.004
6.67280e-02,-0.006
6.67360e-02,0.002
6.67440e-02,0
6.67520e-02,0
6.67600e-02,-0.002
6.67680e-02,0.004
6.67760e-02,0
6.67840e-02,0
6.67920e-02,0.002
6.68000e-02,-0.002
6.68080e-02,-0.002
6.68160e-02,0.002
6.68240e-02,-0.004
6.68320e-02,0
6.68400e-02,0.002
6.68480e-02,-0.002
6.68560e-02,-0.002
6.68640e-02,0.002
6.68720e-02,0.004
6.68800e-02,0
6.68880e-02,0
6.68960e-02,-0.004
6.69040e-02,0.002
6.69120e-02,0.002
6.69200e-02,0.002
6.69280e-02,-0.004
6.69360e-02,-0.004
6.69440e-02,0
6.69520e-02,0.002
6.69600e-02,-0.002
6.69680e-02,-0.002
6.69760e-02,0
6.69840e-02,0.002
6.69920e-02,-0.004
6.70000e-02,-0.006
6.70080e-02,-0.004
6.70160e-02,0.002
6.70240e-02,-0.002
6.70320e-02,-0.004
6.70400e-02,-0.002
6.70480e-02,-0.006
6.70560e-02,0
6.70640e-02,-0.002
6.70720e-02,-0.002
6.70800e-02,-0.002
6.70880e-02,0
6.70960e-02,0
6.71040e-02,-0.002
6.71120e-02,-0.004
6.71200e-02,-0.004
6.71280e-02,0.004
6.71360e-02,-0.006
6.71440e-02,-0.002
6.71520e-02,-0.002
6.71600e-02,0.002
6.71680e-02,0.002
6.71760e-02,-0.002
6.71840e-02,0.002
6.71920e-02,-0.004
6.72000e-02,0.002
6.72080e-02,-0.004
6.72160e-02,-0.002
6.72240e-02,-0.002
6.72320e-02,0.004
6.72400e-02,0
6.72480e-02,0
6.72560e-02,-0.002
6.72640e-02,-0.002
6.72720e-02,0
6.72800e-02,0
6.72880e-02,-0.004
6.72960e-02,0
6.73040e-02,-0.004
6.73120e-02,0.002
6.73200e-02,0.002
6.73280e-02,-0.002
6.73360e-02,-0.004
6.73440e-02,-0.006
6.73520e-02,0.002
6.73600e-02,-0.002
6.73680e-02,-0.002
6.73760e-02,-0.002
6.73840e-02,0.002
6.73920e-02,0.002
6.74000e-02,-0.004
6.74080e-02,-0.004
6.74160e-02,-0.004
6.74240e-02,-0.004
6.74320e-02,-0.004
6.74400e-02,0
6.74480e-02,-0.002
6.74560e-02,-0.004
6.74640e-02,0.002
6.74720e-02,-0.004
6.74800e-02,-0.002
6.74880e-02,0.002
6.74960e-02,-0.002
6.75040e-02,0.002
6.75120e-02,-0.004
6.75200e-02,-0.008
6.75280e-02,-0.004
6.75360e-02,0
6.75440e-02,-0.004
6.75520e-02,-0.004
6.75600e-02,0
6.75680e-02,0
6.75760e-02,0
6.75840e-02,-0.002
6.75920e-02,-0.006
6.76000e-02,0
6.76080e-02,0.002
6.76160e-02,0.002
6.76240e-02,0.004
6.76320e-02,0.004
6.76400e-02,0
6.76480e-02,-0.004
6.76560e-02,0.002
6.76640e-02,-0.006
6.76720e-02,0.002
6.76800e-02,-0.002
6.76880e-02,0
6.76960e-02,-0.004
6.77040e-02,0
6.77120e-02,-0.004
6.77200e-02,-0.002
6.77280e-02,0
6.77360e-02,-0.002
6.77440e-02,-0.004
6.77520e-02,0.004
6.77600e-02,0
6.77680e-02,-0.002
6.77760e-02,-0.006
6.77840e-02,-0.002
6.77920e-02,0.004
6.78000e-02,0.004
6.78080e-02,-0.002
6.78160e-02,0
6.78240e-02,0.002
6.78320e-02,-0.002
6.78400e-02,0.002
6.78480e-02,-0.002
6.78560e-02,-0.002
6.78640e-02,-0.002
6.78720e-02,0.008
6.78800e-02,-0.002
6.78880e-02,0
6.78960e-02,-0.002
6.79040e-02,0
6.79120e-02,0
6.79200e-02,0.004
6.79280e-02,0
6.79360e-02,0.004
6.79440e-02,0
6.79520e-02,0
6.79600e-02,0
6.79680e-02,0
6.79760e-02,0.004
6.79840e-02,0
6.79920e-02,0
6.80000e-02,-0.002
6.80080e-02,-0.002
6.80160e-02,0.002
6.80240e-02,0.006
6.80320e-02,0
6.80400e-02,-0.004
6.80480e-02,-0.002
6.80560e-02,0.002
6.80640e-02,0.002
6.80720e-02,0.002
6.80800e-02,-0.002
6.80880e-02,-0.006
6.80960e-02,0
6.81040e-02,0.002
6.81120e-02,-0.002
6.81200e-02,0.004
6.81280e-02,-0.004
6.81360e-02,0
6.81440e-02,0.002
6.81520e-02,0.004
6.81600e-02,0
6.81680e-02,0.002
6.81760e-02,-0.002
6.81840e-02,-0.002
6.81920e-02,0
6.82000e-02,0.004
6.82080e-02,-0.002
6.82160e-02,0
6.82240e-02,0
6.82320e-02,0
6.82400e-02,-0.002
6.82480e-02,0
6.82560e-02,-0.004
6.82640e-02,-0.002
6.82720e-02,0.004
6.82800e-02,0.002
6.82880e-02,0
6.82960e-02,0
6.83040e-02,-0.004
6.83120e-02,-0.002
6.83200e-02,0
6.83280e-02,0.006
6.83360e-02,-0.002
6.83440e-02,-0.004
6.83520e-02,-0.004
6.83600e-02,-0.002
6.83680e-02,-0.002
6.83760e-02,0
6.83840e-02,0
6.83920e-02,0.002
6.84000e-02,-0.002
6.84080e-02,0
6.84160e-02,-0.002
6.84240e-02,-0.006
6.84320e-02,-0.002
6.84400e-02,0.002
6.84480e-02,-0.002
6.84560e-02,0.002
6.84640e-02,-0.002
6.84720e-02,-0.002
6.84800e-02,-0.002
6.84880e-02,-0.002
6.84960e-02,-0.004
6.85040e-02,0
6.85120e-02,0.002
6.85200e-02,0.002
6.85280e-02,-0.004
6.85360e-02,-0.002
6.85440e-02,0
6.85520e-02,0
6.85600e-02,-0.004
6.85680e-02,0
6.85760e-02,0.002
6.85840e-02,0.004
6.85920e-02,0.002
6.86000e-02,-0.002
6.86080e-02,-0.004
6.86160e-02,0.002
6.86240e-02,0.002
6.86320e-02,-0.002
6.86400e-02,-0.002
6.86480e-02,-0.004
6.86560e-02,0.006
6.86640e-02,0
6.86720e-02,0.004
6.86800e-02,0
6.86880e-02,-0.002
6.86960e-02,-0.006
6.87040e-02,0
6.87120e-02,-0.002
6.87200e-02,-0.004
6.87280e-02,0
6.87360e-02,-0.002
6.87440e-02,-0.004
6.87520e-02,0.002
6.87600e-02,-0.004
6.87680e-02,0
6.87760e-02,-0.002
6.87840e-02,-0.002
6.87920e-02,-0.002
6.88000e-02,-0.002
6.88080e-02,0
6.88160e-02,-0.002
6.88240e-02,0
6.88320e-02,-0.002
6.88400e-02,0
6.88480e-02,0.002
6.88560e-02,-0.004
6.88640e-02,0
6.88720e-02,0.006
6.88800e-02,-0.002
6.88880e-02,0.002
6.88960e-02,-0.002
6.89040e-02,-0.006
6.89120e-02,-0.002
6.89200e-02,0
6.89280e-02,-0.004
6.89360e-02,-0.002
6.89440e-02,-0.002
6.89520e-02,0
6.89600e-02,0.006
6.89680e-02,-0.006
6.89760e-02,-0.002
6.89840e-02,-0.006
6.89920e-02,0.002
6.90000e-02,-0.004
6.90080e-02,-0.004
6.90160e-02,0.004
6.90240e-02,-0.006
6.90320e-02,0.002
6.90400e-02,-0.002
6.90480e-02,-0.002
6.90560e-02,0
6.90640e-02,0
6.90720e-02,-0.002
6.90800e-02,-0.006
6.90880e-02,-0.002
6.90960e-02,-0.004
6.91040e-02,-0.002
6.91120e-02,0.002
6.91200e-02,-0.002
6.91280e-02,0
6.91360e-02,-0.004
6.91440e-02,0
6.91520e-02,0
6.91600e-02,-0.002
6.91680e-02,-0.006
6.91760e-02,-0.006
6.91840e-02,0.002
6.91920e-02,0.004
6.92000e-02,-0.002
6.92080e-02,-0.002
6.92160e-02,-0.002
6.92240e-02,-0.002
6.92320e-02,0
6.92400e-02,0.004
6.92480e-02,0
6.92560e-02,-0.004
6.92640e-02,-0.004
6.92720e-02,-0.004
6.92800e-02,0.002
6.92880e-02,-0.004
6.92960e-02,-0.002
6.93040e-02,-0.002
6.93120e-02,0
6.93200e-02,0
6.93280e-02,-0.004
6.93360e-02,0.002
6.93440e-02,0
6.93520e-02,-0.002
6.93600e-02,0
6.93680e-02,-0.004
6.93760e-02,0.002
6.93840e-02,-0.004
6.93920e-02,-0.004
6.94000e-02,0
6.94080e-02,0.002
6.94160e-02,-0.004
6.94240e-02,0
6.94320e-02,0.002
6.94400e-02,0
6.94480e-02,-0.002
6.94560e-02,0.002
6.94640e-02,0.002
6.94720e-02,-0.002
6.94800e-02,0
6.94880e-02,-0.002
6.94960e-02,-0.002
6.95040e-02,-0.006
6.95120e-02,-0.004
6.95200e-02,0
6.95280e-02,-0.006
6.95360e-02,-0.002
6.95440e-02,0
6.95520e-02,-0.006
6.95600e-02,-0.002
6.95680e-02,-0.002
6.95760e-02,0
6.95840e-02,0
6.95920e-02,-0.002
6.96000e-02,-0.002
6.96080e-02,0.002
6.96160e-02,-0.004
6.96240e-02,0.002
6.96320e-02,0.002
6.96400e-02,0
6.96480e-02,0.006
6.96560e-02,-0.002
6.96640e-02,0
6.96720e-02,0
6.96800e-02,-0.002
6.96880e-02,0.004
6.96960e-02,0
6.97040e-02,0.002
6.97120e-02,-0.008
6.97200e-02,0
6.97280e-02,0.004
6.97360e-02,0
6.97440e-02,-0.002
6.97520e-02,-0.006
6.97600e-02,0.002
6.97680e-02,-0.002
6.97760e-02,-0.006
6.97840e-02,-0.002
6.97920e-02,-0.004
6.98000e-02,0.002
6.98080e-02,0.002
6.98160e-02,-0.004
6.98240e-02,-0.004
6.98320e-02,-0.004
6.98400e-02,0.002
6.98480e-02,0
6.98560e-02,-0.008
6.98640e-02,-0.006
6.98720e-02,0
6.98800e-02,0
6.98880e-02,-0.004
6.98960e-02,0.002
6.99040e-02,-0.006
6.99120e-02,-0.004
6.99200e-02,0.004
6.99280e-02,0
6.99360e-02,0
6.99440e-02,-0.006
6.99520e-02,0
6.99600e-02,-0.002
6.99680e-02,0
6.99760e-02,0
6.99840e-02,-0.004
6.99920e-02,-0.006
7.00000e-02,-0.002
7.00080e-02,-0.004
7.00160e-02,-0.002
7.00240e-02,-0.004
7.00320e-02,0
7.00400e-02,-0.002
7.00480e-02,0.002
7.00560e-02,-0.002
7.00640e-02,-0.004
7.00720e-02,-0.006
7.00800e-02,-0.002
7.00880e-02,0.006
7.00960e-02,0.002
7.01040e-02,0.002
7.01120e-02,-0.004
7.01200e-02,-0.004
7.01280e-02,-0.002
7.01360e-02,0
7.01440e-02,0
7.01520e-02,0.002
7.01600e-02,-0.002
7.01680e-02,0
7.01760e-02,-0.002
7.01840e-02,-0.004
7.01920e-02,0.002
7.02000e-02,0
7.02080e-02,0
7.02160e-02,0
7.02240e-02,0.004
7.02320e-02,0
7.02400e-02,-0.004
7.02480e-02,-0.004
7.02560e-02,0.004
7.02640e-02,0
7.02720e-02,-0.004
7.02800e-02,-0.004
7.02880e-02,-0.002
7.02960e-02,-0.002
7.03040e-02,0.002
7.03120e-02,-0.004
7.03200e-02,0.002
7.03280e-02,-0.004
7.03360e-02,-0.004
7.03440e-02,0
7.03520e-02,0
7.03600e-02,0.002
7.03680e-02,-0.002
7.03760e-02,-0.002
7.03840e-02,-0.002
7.03920e-02,0
7.04000e-02,0.002
7.04080e-02,-0.002
7.04160e-02,0
7.04240e-02,0.002
7.04320e-02,-0.002
7.04400e-02,-0.002
7.04480e-02,0
7.04560e-02,-0.002
7.04640e-02,0.002
7.04720e-02,-0.002
7.04800e-02,0
7.04880e-02,-0.002
7.04960e-02,0.004
7.05040e-02,-0.002
7.05120e-02,0.002
7.05200e-02,0
7.05280e-02,-0.006
7.05360e-02,-0.002
7.05440e-02,0.002
7.05520e-02,0
7.05600e-02,-0.004
7.05680e-02,0
7.05760e-02,0
7.05840e-02,0
7.05920e-02,-0.004
7.06000e-02,-0.002
7.06080e-02,0
7.06160e-02,-0.002
7.06240e-02,0
7.06320e-02,-0.002
7.06400e-02,-0.002
7.06480e-02,0.002
7.06560e-02,-0.002
7.06640e-02,-0.006
7.06720e-02,0
7.06800e-02,0
7.06880e-02,0
7.06960e-02,-0.004
7.07040e-02,-0.004
7.07120e-02,0
7.07200e-02,0.002
7.07280e-02,0
7.07360e-02,-0.004
7.07440e-02,-0.004
7.07520e-02,-0.004
7.07600e-02,-0.002
7.07680e-02,0
7.07760e-02,-0.004
7.07840e-02,0
7.07920e-02,0.002
7.08000e-02,-0.002
7.08080e-02,-0.004
7.08160e-02,0.002
7.08240e-02,0
7.08320e-02,-0.002
7.08400e-02,0
7.08480e-02,-0.004
7.08560e-02,0
7.08640e-02,-0.004
7.08720e-02,-0.004
7.08800e-02,-0.002
7.08880e-02,0.004
7.08960e-02,0.002
7.09040e-02,0
7.09120e-02,-0.004
7.09200e-02,0.002
7.09280e-02,0.002
7.09360e-02,-0.004
7.09440e-02,-0.002
7.09520e-02,0
7.09600e-02,-0.002
7.09680e-02,0
7.09760e-02,0
7.09840e-02,-0.004
7.09920e-02,0
7.10000e-02,-0.002
7.10080e-02,0.002
7.10160e-02,0.004
7.10240e-02,-0.004
7.10320e-02,-0.006
7.10400e-02,-0.004
7.10480e-02,0
7.10560e-02,0.004
7.10640e-02,0
7.10720e-02,-0.002
7.10800e-02,0.002
7.10880e-02,-0.002
7.10960e-02,-0.004
7.11040e-02,-0.002
7.11120e-02,-0.002
7.11200e-02,-0.002
7.11280e-02,0
7.11360e-02,-0.006
7.11440e-02,0
7.11520e-02,0
7.11600e-02,0
7.11680e-02,-0.004
7.11760e-02,-0.008
7.11840e-02,-0.008
7.11920e-02,0.002
7.12000e-02,0.002
7.12080e-02,-0.006
7.12160e-02,-0.004
7.12240e-02,0
7.12320e-02,0.006
7.12400e-02,0
7.12480e-02,-0.002
7.12560e-02,-0.004
7.12640e-02,-0.004
7.12720e-02,-0.002
7.12800e-02,0
7.12880e-02,-0.004
7.12960e-02,0
7.13040e-02,0
7.13120e-02,-0.006
7.13200e-02,-0.002
7.13280e-02,-0.006
7.13360e-02,0
7.13440e-02,0
7.13520e-02,-0.004
7.13600e-02,-0.002
7.13680e-02,-0.004
7.13760e-02,-0.002
7.13840e-02,0
7.13920e-02,-0.004
7.14000e-02,-0.004
7.14080e-02,0
7.14160e-02,-0.004
7.14240e-02,0
7.14320e-02,0
7.14400e-02,0
7.14480e-02,-0.004
7.14560e-02,-0.004
7.14640e-02,0
7.14720e-02,-0.002
7.14800e-02,-0.004
7.14880e-02,-0.002
7.14960e-02,-0.006
7.15040e-02,-0.002
7.15120e-02,-0.006
7.15200e-02,-0.002
7.15280e-02,0.002
7.15360e-02,-0.002
7.15440e-02,0
7.15520e-02,-0.004
7.15600e-02,0
7.15680e-02,0
7.15760e-02,-0.004
7.15840e-02,-0.004
7.15920e-02,-0.002
7.16000e-02,0
7.16080e-02,0.002
7.16160e-02,-0.008
7.16240e-02,-0.008
7.16320e-02,0.006
7.16400e-02,-0.004
7.16480e-02,-0.004
7.16560e-02,-0.004
7.16640e-02,-0.004
7.16720e-02,-0.002
7.16800e-02,-0.002
7.16880e-02,-0.002
7.16960e-02,0
7.17040e-02,0.002
7.17120e-02,-0.002
7.17200e-02,0.004
7.17280e-02,-0.01
7.17360e-02,-0.004
7.17440e-02,-0.002
7.17520e-02,-0.002
7.17600e-02,-0.004
7.17680e-02,-0.002
7.17760e-02,0.002
7.17840e-02,0
7.17920e-02,-0.004
7.18000e-02,-0.008
7.18080e-02,-0.002
7.18160e-02,-0.002
7.18240e-02,0.002
7.18320e-02,-0.006
7.18400e-02,0
7.18480e-02,-0.002
7.18560e-02,0.002
7.18640e-02,0
7.18720e-02,-0.002
7.18800e-02,0.002
7.18880e-02,-0.002
7.18960e-02,-0.004
7.19040e-02,-0.002
7.19120e-02,0.004
7.19200e-02,0
7.19280e-02,-0.002
7.19360e-02,0.002
7.19440e-02,0.002
7.19520e-02,-0.002
7.19600e-02,0.002
7.19680e-02,-0.008
7.19760e-02,-0.002
7.19840e-02,-0.002
7.19920e-02,-0.004
7.20000e-02,-0.004
7.20080e-02,0.002
7.20160e-02,0
7.20240e-02,-0.004
7.20320e-02,-0.002
7.20400e-02,-0.004
7.20480e-02,-0.004
7.20560e-02,-0.002
7.20640e-02,0.002
7.20720e-02,0
7.20800e-02,-0.002
7.20880e-02,-0.002
7.20960e-02,-0.006
7.21040e-02,0
7.21120e-02,0
7.21200e-02,-0.006
7.21280e-02,-0.004
7.21360e-02,-0.006
7.21440e-02,0
7.21520e-02,-0.002
7.21600e-02,-0.002
7.21680e-02,0.002
7.21760e-02,0.004
7.21840e-02,-0.002
7.21920e-02,-0.008
7.22000e-02,0
7.22080e-02,-0.002
7.22160e-02,0
7.22240e-02,-0.006
7.22320e-02,-0.002
7.22400e-02,-0.002
7.22480e-02,-0.002
7.22560e-02,-0.002
7.22640e-02,-0.006
7.22720e-02,-0.004
7.22800e-02,0
7.22880e-02,0.002
7.22960e-02,-0.002
7.23040e-02,-0.004
7.23120e-02,-0.002
7.23200e-02,0.002
7.23280e-02,-0.002
7.23360e-02,-0.004
7.23440e-02,-0.004
7.23520e-02,-0.004
7.23600e-02,0
7.23680e-02,0
7.23760e-02,-0.006
7.23840e-02,-0.004
7.23920e-02,0.004
7.24000e-02,0.004
7.24080e-02,-0.002
7.24160e-02,-0.004
7.24240e-02,-0.002
7.24320e-02,0
7.24400e-02,0
7.24480e-02,-0.006
7.24560e-02,-0.006
7.24640e-02,0.002
7.24720e-02,-0.002
7.24800e-02,-0.004
7.24880e-02,-0.002
7.24960e-02,0
7.25040e-02,-0.004
7.25120e-02,-0.002
7.25200e-02,0
7.25280e-02,0
7.25360e-02,-0.002
7.25440e-02,-0.006
7.25520e-02,0.002
7.25600e-02,0
7.25680e-02,-0.002
7.25760e-02,-0.002
7.25840e-02,0
7.25920e-02,0
7.26000e-02,0
7.26080e-02,-0.004
7.26160e-02,0
7.26240e-02,-0.004
7.26320e-02,-0.002
7.26400e-02,0.002
7.26480e-02,0.002
7.26560e-02,-0.006
7.26640e-02,0
7.26720e-02,-0.004
7.26800e-02,-0.002
7.26880e-02,-0.002
7.26960e-02,0
7.27040e-02,-0.004
7.27120e-02,0
7.27200e-02,-0.004
7.27280e-02,0
7.27360e-02,0
7.27440e-02,-0.004
7.27520e-02,-0.002
7.27600e-02,-0.006
7.27680e-02,0
7.27760e-02,-0.002
7.27840e-02,-0.008
7.27920e-02,0
7.28000e-02,-0.002
7.28080e-02,-0.004
7.28160e-02,-0.008
7.28240e-02,0.004
7.28320e-02,0
7.28400e-02,0
7.28480e-02,0.002
7.28560e-02,-0.006
7.28640e-02,-0.006
7.28720e-02,0.002
7.28800e-02,0
7.28880e-02,-0.002
7.28960e-02,-0.002
7.29040e-02,-0.002
7.29120e-02,0
7.29200e-02,-0.006
7.29280e-02,-0.002
7.29360e-02,-0.002
7.29440e-02,-0.004
7.29520e-02,-0.002
7.29600e-02,-0.006
7.29680e-02,0.002
7.29760e-02,0
7.29840e-02,-0.004
7.29920e-02,-0.006
7.30000e-02,-0.008
7.30080e-02,-0.006
7.30160e-02,-0.002
7.30240e-02,-0.004
7.30320e-02,-0.004
7.30400e-02,-0.004
7.30480e-02,-0.004
7.30560e-02,0
7.30640e-02,0
7.30720e-02,-0.004
7.30800e-02,-0.004
7.30880e-02,0
7.30960e-02,-0.002
7.31040e-02,-0.004
7.31120e-02,-0.002
7.31200e-02,-0.002
7.31280e-02,0
7.31360e-02,-0.002
7.31440e-02,-0.008
7.31520e-02,0
7.31600e-02,-0.008
7.31680e-02,-0.002
7.31760e-02,-0.002
7.31840e-02,-0.004
7.31920e-02,-0.004
7.32000e-02,-0.002
7.32080e-02,0
7.32160e-02,0.002
7.32240e-02,-0.002
7.32320e-02,-0.002
7.32400e-02,0.002
7.32480e-02,-0.004
7.32560e-02,-0.002
7.32640e-02,0
7.32720e-02,-0.006
7.32800e-02,0.002
7.32880e-02,0
7.32960e-02,0.002
7.33040e-02,-0.004
7.33120e-02,-0.004
7.33200e-02,0
7.33280e-02,0.002
7.33360e-02,-0.004
7.33440e-02,-0.006
7.33520e-02,-0.002
7.33600e-02,0
7.33680e-02,-0.004
7.33760e-02,0.002
7.33840e-02,-0.006
7.33920e-02,0
7.34000e-02,0
7.34080e-02,-0.002
7.34160e-02,0.002
7.34240e-02,-0.002
7.34320e-02,-0.006
7.34400e-02,-0.002
7.34480e-02,-0.002
7.34560e-02,0
7.34640e-02,-0.004
7.34720e-02,0
7.34800e-02,-0.002
7.34880e-02,-0.006
7.34960e-02,0
7.35040e-02,-0.002
7.35120e-02,-0.004
7.35200e-02,-0.004
7.35280e-02,-0.002
7.35360e-02,-0.002
7.35440e-02,-0.002
7.35520e-02,-0.002
7.35600e-02,-0.006
7.35680e-02,-0.004
7.35760e-02,-0.002
7.35840e-02,-0.004
7.35920e-02,0
7.36000e-02,-0.004
7.36080e-02,-0.004
7.36160e-02,-0.006
7.36240e-02,-0.002
7.36320e-02,-0.002
7.36400e-02,-0.006
7.36480e-02,-0.002
7.36560e-02,-0.008
7.36640e-02,-0.008
7.36720e-02,-0.002
7.36800e-02,-0.002
7.36880e-02,-0.002
7.36960e-02,-0.002
7.37040e-02,-0.004
7.37120e-02,-0.002
7.37200e-02,-0.004
7.37280e-02,-0.004
7.37360e-02,-0.002
7.37440e-02,-0.006
7.37520e-02,-0.002
7.37600e-02,-0.004
7.37680e-02,-0.004
7.37760e-02,-0.004
7.37840e-02,-0.004
7.37920e-02,-0.002
7.38000e-02,-0.004
7.38080e-02,-0.002
7.38160e-02,-0.002
7.38240e-02,-0.006
7.38320e-02,-0.006
7.38400e-02,0.002
7.38480e-02,0
7.38560e-02,0
7.38640e-02,-0.002
7.38720e-02,-0.004
7.38800e-02,0
7.38880e-02,-0.004
7.38960e-02,0.002
7.39040e-02,-0.006
7.39120e-02,-0.004
7.39200e-02,-0.004
7.39280e-02,-0.002
7.39360e-02,0
7.39440e-02,-0.004
7.39520e-02,0.002
7.39600e-02,-0.01
7.39680e-02,-0.002
7.39760e-02,-0.004
7.39840e-02,-0.004
7.39920e-02,-0.002
7.40000e-02,-0.002
7.40080e-02,-0.006
7.40160e-02,0
7.40240e-02,0.002
7.40320e-02,-0.002
7.40400e-02,-0.004
7.40480e-02,-0.002
7.40560e-02,-0.002
7.40640e-02,-0.006
7.40720e-02,0.006
7.40800e-02,-0.008
7.40880e-02,-0.004
7.40960e-02,-0.006
7.41040e-02,-0.002
7.41120e-02,-0.004
7.41200e-02,-0.002
7.41280e-02,-0.006
7.41360e-02,-0.002
7.41440e-02,0
7.41520e-02,-0.006
7.41600e-02,0
7.41680e-02,-0.006
7.41760e-02,0.002
7.41840e-02,-0.006
7.41920e-02,-0.002
7.42000e-02,-0.006
7.42080e-02,0
7.42160e-02,0.002
7.42240e-02,-0.004
7.42320e-02,0.002
7.42400e-02,-0.006
7.42480e-02,0.002
7.42560e-02,0
7.42640e-02,-0.002
7.42720e-02,-0.002
7.42800e-02,-0.006
7.42880e-02,0
7.42960e-02,-0.004
7.43040e-02,-0.002
7.43120e-02,-0.006
7.43200e-02,0.002
7.43280e-02,0
7.43360e-02,0
7.43440e-02,-0.002
7.43520e-02,-0.004
7.43600e-02,-0.004
7.43680e-02,-0.002
7.43760e-02,-0.002
7.43840e-02,0.002
7.43920e-02,-0.006
7.44000e-02,0
7.44080e-02,-0.002
7.44160e-02,-0.004
7.44240e-02,-0.004
7.44320e-02,-0.008
7.44400e-02,-0.004
7.44480e-02,-0.002
7.44560e-02,0
7.44640e-02,-0.002
7.44720e-02,-0.006
7.44800e-02,0.002
7.44880e-02,0
7.44960e-02,-0.006
7.45040e-02,-0.006
7.45120e-02,0
7.45200e-02,-0.008
7.45280e-02,0
7.45360e-02,0.002
7.45440e-02,-0.004
7.45520e-02,-0.006
7.45600e-02,-0.004
7.45680e-02,-0.002
7.45760e-02,0
7.45840e-02,0
7.45920e-02,-0.002
7.46000e-02,0
7.46080e-02,-0.006
7.46160e-02,0.002
7.46240e-02,-0.002
7.46320e-02,-0.006
7.46400e-02,0.002
7.46480e-02,-0.01
7.46560e-02,0
7.46640e-02,-0.008
7.46720e-02,0.002
7.46800e-02,0
7.46880e-02,0
7.46960e-02,-0.002
7.47040e-02,-0.004
7.47120e-02,0
7.47200e-02,-0.002
7.47280e-02,-0.002
7.47360e-02,0
7.47440e-02,-0.01
7.47520e-02,0.002
7.47600e-02,-0.002
7.47680e-02,0
7.47760e-02,-0.008
7.47840e-02,-0.006
7.47920e-02,-0.004
7.48000e-02,-0.002
7.48080e-02,-0.004
7.48160e-02,-0.002
7.48240e-02,-0.004
7.48320e-02,-0.004
7.48400e-02,0.002
7.48480e-02,-0.002
7.48560e-02,-0.006
7.48640e-02,-0.002
7.48720e-02,0.002
7.48800e-02,0
7.48880e-02,-0.006
7.48960e-02,-0.004
7.49040e-02,-0.002
7.49120e-02,-0.004
7.49200e-02,0.004
7.49280e-02,-0.006
7.49360e-02,-0.006
7.49440e-02,-0.002
7.49520e-02,-0.002
7.49600e-02,0
7.49680e-02,-0.004
7.49760e-02,-0.004
7.49840e-02,-0.002
7.49920e-02,0
7.50000e-02,-0.006
7.50080e-02,-0.002
7.50160e-02,0.002
7.50240e-02,-0.004
7.50320e-02,-0.004
7.50400e-02,0.002
7.50480e-02,-0.006
7.50560e-02,-0.004
7.50640e-02,-0.002
7.50720e-02,0
7.50800e-02,-0.002
7.50880e-02,-0.006
7.50960e-02,0
7.51040e-02,0.002
7.51120e-02,-0.002
7.51200e-02,0
7.51280e-02,-0.006
7.51360e-02,-0.002
7.51440e-02,0
7.51520e-02,0
7.51600e-02,-0.004
7.51680e-02,-0.002
7.51760e-02,0
7.51840e-02,0.002
7.51920e-02,0
7.52000e-02,-0.002
7.52080e-02,-0.008
7.52160e-02,-0.006
7.52240e-02,0
7.52320e-02,0
7.52400e-02,-0.002
7.52480e-02,-0.002
7.52560e-02,-0.004
7.52640e-02,0.004
7.52720e-02,-0.002
7.52800e-02,-0.006
7.52880e-02,0.004
7.52960e-02,0.002
7.53040e-02,-0.002
7.53120e-02,0
7.53200e-02,-0.006
7.53280e-02,-0.004
7.53360e-02,0.004
7.53440e-02,0
7.53520e-02,-0.002
7.53600e-02,-0.006
7.53680e-02,-0.002
7.53760e-02,-0.002
7.53840e-02,0
7.53920e-02,-0.002
7.54000e-02,-0.002
7.54080e-02,-0.004
7.54160e-02,0
7.54240e-02,-0.002
7.54320e-02,-0.002
7.54400e-02,-0.002
7.54480e-02,0
7.54560e-02,-0.006
7.54640e-02,-0.004
7.54720e-02,-0.002
7.54800e-02,-0.002
7.54880e-02,-0.006
7.54960e-02,-0.004
7.55040e-02,-0.006
7.55120e-02,0
7.55200e-02,0.002
7.55280e-02,-0.002
7.55360e-02,-0.006
7.55440e-02,0.004
7.55520e-02,-0.002
7.55600e-02,0
7.55680e-02,-0.006
7.55760e-02,-0.004
7.55840e-02,-0.002
7.55920e-02,-0.004
7.56000e-02,-0.004
7.56080e-02,-0.002
7.56160e-02,-0.006
7.56240e-02,0
7.56320e-02,-0.002
7.56400e-02,-0.004
7.56480e-02,-0.004
7.56560e-02,-0.006
7.56640e-02,0
7.56720e-02,-0.006
7.56800e-02,-0.01
7.56880e-02,-0.004
7.56960e-02,-0.006
7.57040e-02,-0.004
7.57120e-02,0
7.57200e-02,-0.006
7.57280e-02,-0.006
7.57360e-02,-0.006
7.57440e-02,-0.002
7.57520e-02,-0.004
7.57600e-02,-0.006
7.57680e-02,-0.002
7.57760e-02,-0.002
7.57840e-02,-0.008
7.57920e-02,-0.006
7.58000e-02,-0.008
7.58080e-02,-0.002
7.58160e-02,-0.002
7.58240e-02,0.002
7.58320e-02,-0.01
7.58400e-02,-0.002
7.58480e-02,-0.002
7.58560e-02,-0.004
7.58640e-02,0
7.58720e-02,-0.004
7.58800e-02,-0.002
7.58880e-02,-0.004
7.58960e-02,-0.002
7.59040e-02,-0.002
7.59120e-02,-0.002
7.59200e-02,-0.006
7.59280e-02,-0.002
7.59360e-02,-0.002
7.59440e-02,-0.004
7.59520e-02,0
7.59600e-02,0
7.59680e-02,0
7.59760e-02,-0.006
7.59840e-02,-0.004
7.59920e-02,-0.002
7.60000e-02,-0.002
7.60080e-02,-0.004
7.60160e-02,-0.002
7.60240e-02,-0.004
7.60320e-02,-0.004
7.60400e-02,-0.002
7.60480e-02,-0.004
7.60560e-02,-0.002
7.60640e-02,-0.006
7.60720e-02,0
7.60800e-02,-0.004
7.60880e-02,-0.004
7.60960e-02,-0.002
7.61040e-02,-0.004
7.61120e-02,-0.002
7.61200e-02,0
7.61280e-02,-0.006
7.61360e-02,-0.004
7.61440e-02,-0.004
7.61520e-02,-0.006
7.61600e-02,-0.004
7.61680e-02,0
7.61760e-02,-0.006
7.61840e-02,0
7.61920e-02,-0.004
7.62000e-02,-0.004
7.62080e-02,-0.008
7.62160e-02,-0.002
7.62240e-02,-0.002
7.62320e-02,-0.002
7.62400e-02,-0.004
7.62480e-02,-0.006
7.62560e-02,-0.002
7.62640e-02,-0.004
7.62720e-02,-0.002
7.62800e-02,-0.006
7.62880e-02,0.004
7.62960e-02,-0.006
7.63040e-02,-0.004
7.63120e-02,-0.006
7.63200e-02,0.002
7.63280e-02,0
7.63360e-02,-0.002
7.63440e-02,-0.006
7.63520e-02,-0.002
7.63600e-02,-0.01
7.63680e-02,-0.002
7.63760e-02,-0.006
7.63840e-02,-0.002
7.63920e-02,-0.006
7.64000e-02,-0.002
7.64080e-02,-0.002
7.64160e-02,-0.002
7.64240e-02,-0.002
7.64320e-02,-0.004
7.64400e-02,0
7.64480e-02,0
7.64560e-02,-0.002
7.64640e-02,-0.002
7.64720e-02,-0.002
7.64800e-02,-0.002
7.64880e-02,0
7.64960e-02,-0.006
7.65040e-02,0
7.65120e-02,0
7.65200e-02,-0.002
7.65280e-02,-0.004
7.65360e-02,0.002
7.65440e-02,0.002
7.65520e-02,0
7.65600e-02,-0.004
7.65680e-02,-0.002
7.65760e-02,-0.002
7.65840e-02,-0.006
7.65920e-02,-0.002
7.66000e-02,-0.004
7.66080e-02,-0.004
7.66160e-02,-0.004
7.66240e-02,-0.006
7.66320e-02,0
7.66400e-02,-0.004
7.66480e-02,-0.008
7.66560e-02,-0.006
7.66640e-02,-0.006
7.66720e-02,-0.002
7.66800e-02,-0.002
7.66880e-02,-0.004
7.66960e-02,0
7.67040e-02,-0.004
7.67120e-02,0.002
7.67200e-02,-0.004
7.67280e-02,-0.002
7.67360e-02,0
7.67440e-02,0.002
7.67520e-02,-0.002
7.67600e-02,-0.002
7.67680e-02,-0.002
7.67760e-02,0.002
7.67840e-02,-0.004
7.67920e-02,-0.002
7.68000e-02,-0.008
7.68080e-02,0
7.68160e-02,0
7.68240e-02,-0.006
7.68320e-02,-0.008
7.68400e-02,-0.002
7.68480e-02,-0.006
7.68560e-02,0.002
7.68640e-02,-0.006
7.68720e-02,-0.004
7.68800e-02,-0.006
7.68880e-02,-0.002
7.68960e-02,-0.002
7.69040e-02,0.002
7.69120e-02,-0.004
7.69200e-02,-0.004
7.69280e-02,0
7.69360e-02,0.004
7.69440e-02,-0.002
7.69520e-02,-0.002
7.69600e-02,-0.002
7.69680e-02,-0.004
7.69760e-02,-0.002
7.69840e-02,0
7.69920e-02,-0.004
7.70000e-02,0
7.70080e-02,-0.004
7.70160e-02,-0.002
7.70240e-02,0
7.70320e-02,0.006
7.70400e-02,-0.004
7.70480e-02,-0.006
7.70560e-02,-0.002
7.70640e-02,-0.004
7.70720e-02,-0.002
7.70800e-02,-0.008
7.70880e-02,-0.006
7.70960e-02,-0.004
7.71040e-02,-0.006
7.71120e-02,-0.004
7.71200e-02,-0.002
7.71280e-02,-0.006
7.71360e-02,-0.002
7.71440e-02,-0.002
7.71520e-02,-0.006
7.71600e-02,-0.006
7.71680e-02,-0.004
7.71760e-02,-0.002
7.71840e-02,-0.004
7.71920e-02,-0.006
7.72000e-02,0
7.72080e-02,-0.002
7.72160e-02,0.002
7.72240e-02,-0.002
7.72320e-02,-0.006
7.72400e-02,-0.004
7.72480e-02,0
7.72560e-02,0.002
7.72640e-02,-0.006
7.72720e-02,-0.004
7.72800e-02,-0.006
7.72880e-02,-0.002
7.72960e-02,-0.008
7.73040e-02,-0.004
7.73120e-02,-0.004
7.73200e-02,-0.002
7.73280e-02,-0.004
7.73360e-02,-0.004
7.73440e-02,-0.004
7.73520e-02,-0.004
7.73600e-02,-0.004
7.73680e-02,-0.002
7.73760e-02,-0.006
7.73840e-02,-0.004
7.73920e-02,-0.01
7.74000e-02,-0.002
7.74080e-02,-0.002
7.74160e-02,-0.002
7.74240e-02,-0.004
7.74320e-02,-0.006
7.74400e-02,-0.006
7.74480e-02,-0.004
7.74560e-02,-0.002
7.74640e-02,0
7.74720e-02,-0.004
7.74800e-02,-0.002
7.74880e-02,-0.002
7.74960e-02,-0.002
7.75040e-02,0
7.75120e-02,-0.004
7.75200e-02,-0.002
7.75280e-02,-0.004
7.75360e-02,-0.008
7.75440e-02,-0.002
7.75520e-02,-0.004
7.75600e-02,-0.002
7.75680e-02,0
7.75760e-02,-0.002
7.75840e-02,-0.008
7.75920e-02,-0.008
7.76000e-02,-0.004
7.76080e-02,0.002
7.76160e-02,-0.01
7.76240e-02,-0.002
7.76320e-02,-0.002
7.76400e-02,-0.006
7.76480e-02,-0.006
7.76560e-02,-0.002
7.76640e-02,0
7.76720e-02,-0.006
7.76800e-02,0
7.76880e-02,-0.004
7.76960e-02,-0.004
7.77040e-02,-0.006
7.77120e-02,-0.004
7.77200e-02,0
7.77280e-02,-0.004
7.77360e-02,-0.004
7.77440e-02,-0.004
7.77520e-02,-0.002
7.77600e-02,-0.004
7.77680e-02,0
7.77760e-02,-0.004
7.77840e-02,-0.004
7.77920e-02,-0.004
7.78000e-02,-0.004
7.78080e-02,-0.002
7.78160e-02,-0.002
7.78240e-02,0.002
7.78320e-02,-0.002
7.78400e-02,-0.002
7.78480e-02,-0.004
7.78560e-02,-0.002
7.78640e-02,0
7.78720e-02,-0.004
7.78800e-02,-0.002
7.78880e-02,-0.006
7.78960e-02,0.004
7.79040e-02,-0.008
7.79120e-02,-0.008
7.79200e-02,0
7.79280e-02,0
7.79360e-02,0
7.79440e-02,-0.006
7.79520e-02,-0.004
7.79600e-02,0
7.79680e-02,0
7.79760e-02,-0.008
7.79840e-02,-0.002
7.79920e-02,-0.002
7.80000e-02,-0.004
7.80080e-02,-0.004
7.80160e-02,-0.006
7.80240e-02,0
7.80320e-02,-0.006
7.80400e-02,-0.008
7.80480e-02,-0.004
7.80560e-02,0
7.80640e-02,-0.002
7.80720e-02,-0.002
7.80800e-02,-0.004
7.80880e-02,0
7.80960e-02,0.002
7.81040e-02,-0.004
7.81120e-02,-0.006
7.81200e-02,-0.004
7.81280e-02,0
7.81360e-02,-0.006
7.81440e-02,-0.004
7.81520e-02,-0.002
7.81600e-02,0
7.81680e-02,-0.004
7.81760e-02,-0.002
7.81840e-02,-0.004
7.81920e-02,0
7.82000e-02,-0.002
7.82080e-02,-0.004
7.82160e-02,-0.002
7.82240e-02,-0.004
7.82320e-02,-0.004
7.82400e-02,-0.004
7.82480e-02,-0.004
7.82560e-02,0
7.82640e-02,-0.004
7.82720e-02,-0.002
7.82800e-02,-0.004
7.82880e-02,-0.006
7.82960e-02,-0.004
7.83040e-02,-0.002
7.83120e-02,-0.004
7.83200e-02,-0.004
7.83280e-02,-0.004
7.83360e-02,-0.002
7.83440e-02,0.002
7.83520e-02,-0.004
7.83600e-02,-0.006
7.83680e-02,-0.004
7.83760e-02,0
7.83840e-02,-0.002
7.83920e-02,-0.006
7.84000e-02,-0.004
7.84080e-02,-0.002
7.84160e-02,0.002
7.84240e-02,-0.008
7.84320e-02,-0.006
7.84400e-02,-0.008
7.84480e-02,-0.002
7.84560e-02,0
7.84640e-02,-0.004
7.84720e-02,-0.002
7.84800e-02,-0.002
7.84880e-02,0
7.84960e-02,-0.004
7.85040e-02,-0.002
7.85120e-02,-0.002
7.85200e-02,-0.004
7.85280e-02,-0.006
7.85360e-02,-0.004
7.85440e-02,-0.002
7.85520e-02,-0.002
7.85600e-02,-0.002
7.85680e-02,-0.004
7.85760e-02,-0.004
7.85840e-02,-0.006
7.85920e-02,-0.004
7.86000e-02,-0.002
7.86080e-02,-0.002
7.86160e-02,-0.002
7.86240e-02,-0.004
7.86320e-02,-0.004
7.86400e-02,-0.004
7.86480e-02,0
7.86560e-02,-0.006
7.86640e-02,-0.004
7.86720e-02,-0.002
7.86800e-02,-0.004
7.86880e-02,0.004
7.86960e-02,0
7.87040e-02,-0.002
7.87120e-02,-0.008
7.87200e-02,-0.004
7.87280e-02,0.002
7.87360e-02,-0.006
7.87440e-02,0.002
7.87520e-02,-0.006
7.87600e-02,-0.002
7.87680e-02,-0.002
7.87760e-02,0
7.87840e-02,-0.004
7.87920e-02,-0.002
7.88000e-02,-0.004
7.88080e-02,-0.002
7.88160e-02,-0.006
7.88240e-02,0
7.88320e-02,-0.002
7.88400e-02,0
7.88480e-02,-0.002
7.88560e-02,-0.002
7.88640e-02,-0.008
7.88720e-02,0.002
7.88800e-02,0.002
7.88880e-02,-0.002
7.88960e-02,-0.002
7.89040e-02,-0.002
7.89120e-02,-0.006
7.89200e-02,0
7.89280e-02,0
7.89360e-02,-0.004
7.89440e-02,-0.004
7.89520e-02,-0.002
7.89600e-02,-0.004
7.89680e-02,0.002
7.89760e-02,-0.002
7.89840e-02,-0.002
7.89920e-02,-0.002
7.90000e-02,-0.004
7.90080e-02,-0.002
7.90160e-02,-0.004
7.90240e-02,-0.006
7.90320e-02,-0.002
7.90400e-02,-0.008
7.90480e-02,0
7.90560e-02,-0.002
7.90640e-02,-0.008
7.90720e-02,0.004
7.90800e-02,-0.006
7.90880e-02,-0.004
7.90960e-02,-0.002
7.91040e-02,-0.006
7.91120e-02,0.002
7.91200e-02,-0.002
7.91280e-02,-0.002
7.91360e-02,-0.006
7.91440e-02,-0.004
7.91520e-02,0
7.91600e-02,-0.004
7.91680e-02,-0.004
7.91760e-02,-0.004
7.91840e-02,-0.002
7.91920e-02,0
7.92000e-02,0.004
7.92080e-02,-0.004
7.92160e-02,0
7.92240e-02,-0.006
7.92320e-02,0
7.92400e-02,-0.006
7.92480e-02,-0.006
7.92560e-02,-0.006
7.92640e-02,-0.002
7.92720e-02,0.002
7.92800e-02,-0.006
7.92880e-02,0
7.92960e-02,-0.008
7.93040e-02,-0.004
7.93120e-02,-0.006
7.93200e-02,0.004
7.93280e-02,-0.004
7.93360e-02,0.002
7.93440e-02,-0.004
7.93520e-02,-0.002
7.93600e-02,0
7.93680e-02,0.002
7.93760e-02,-0.008
7.93840e-02,-0.002
7.93920e-02,-0.002
7.94000e-02,0.004
7.94080e-02,0
7.94160e-02,-0.004
7.94240e-02,-0.004
7.94320e-02,-0.004
7.94400e-02,0.002
7.94480e-02,0
7.94560e-02,-0.002
7.94640e-02,-0.004
7.94720e-02,-0.004
7.94800e-02,-0.004
7.94880e-02,0
7.94960e-02,-0.008
7.95040e-02,0.002
7.95120e-02,-0.002
7.95200e-02,-0.004
7.95280e-02,-0.004
7.95360e-02,0
7.95440e-02,-0.002
7.95520e-02,0
7.95600e-02,-0.004
7.95680e-02,-0.008
7.95760e-02,0
7.95840e-02,-0.004
7.95920e-02,-0.004
7.96000e-02,-0.002
7.96080e-02,0
7.96160e-02,-0.004
7.96240e-02,-0.006
7.96320e-02,-0.002
7.96400e-02,-0.004
7.96480e-02,0.002
7.96560e-02,-0.002
7.96640e-02,-0.004
7.96720e-02,-0.006
7.96800e-02,0
7.96880e-02,-0.004
7.96960e-02,-0.002
7.97040e-02,-0.006
7.97120e-02,-0.006
7.97200e-02,-0.004
7.97280e-02,0.004
7.97360e-02,-0.002
7.97440e-02,-0.002
7.97520e-02,-0.006
7.97600e-02,0
7.97680e-02,-0.002
7.97760e-02,-0.004
7.97840e-02,-0.004
7.97920e-02,-0.008
7.98000e-02,-0.002
7.98080e-02,-0.006
7.98160e-02,-0.006
7.98240e-02,-0.004
7.98320e-02,-0.004
7.98400e-02,-0.002
7.98480e-02,-0.006
7.98560e-02,-0.002
7.98640e-02,-0.006
7.98720e-02,-0.004
7.98800e-02,-0.002
7.98880e-02,0.002
7.98960e-02,0
7.99040e-02,-0.002
7.99120e-02,-0.006
7.99200e-02,-0.002
7.99280e-02,-0.002
7.99360e-02,-0.006
7.99440e-02,-0.004
7.99520e-02,0
7.99600e-02,0
7.99680e-02,-0.002
7.99760e-02,-0.004
7.99840e-02,-0.008
7.99920e-02,-0.006
8.00000e-02,-0.002
8.00080e-02,0
8.00160e-02,-0.004
8.00240e-02,-0.002
8.00320e-02,0.002
8.00400e-02,0
8.00480e-02,0
8.00560e-02,-0.004
8.00640e-02,-0.006
8.00720e-02,0
8.00800e-02,-0.002
8.00880e-02,-0.002
8.00960e-02,-0.008
8.01040e-02,-0.004
8.01120e-02,-0.004
8.01200e-02,-0.002
8.01280e-02,0.006
8.01360e-02,-0.002
8.01440e-02,-0.006
8.01520e-02,-0.004
8.01600e-02,-0.004
8.01680e-02,-0.004
8.01760e-02,-0.006
8.01840e-02,0
8.01920e-02,0
8.02000e-02,-0.004
8.02080e-02,-0.002
8.02160e-02,-0.002
8.02240e-02,-0.002
8.02320e-02,-0.006
8.02400e-02,-0.002
8.02480e-02,0.002
8.02560e-02,0
8.02640e-02,-0.004
8.02720e-02,-0.002
8.02800e-02,-0.002
8.02880e-02,0
8.02960e-02,-0.002
8.03040e-02,-0.004
8.03120e-02,-0.004
8.03200e-02,0.006
8.03280e-02,-0.002
8.03360e-02,-0.004
8.03440e-02,-0.004
8.03520e-02,-0.004
8.03600e-02,-0.006
8.03680e-02,-0.006
8.03760e-02,0.002
8.03840e-02,-0.002
8.03920e-02,-0.004
8.04000e-02,0
8.04080e-02,-0.002
8.04160e-02,0
8.04240e-02,-0.002
8.04320e-02,-0.008
8.04400e-02,0
8.04480e-02,-0.004
8.04560e-02,-0.002
8.04640e-02,-0.002
8.04720e-02,-0.004
8.04800e-02,0.004
8.04880e-02,0
8.04960e-02,-0.002
8.05040e-02,-0.006
8.05120e-02,-0.006
8.05200e-02,-0.002
8.05280e-02,-0.004
8.05360e-02,-0.006
8.05440e-02,-0.006
8.05520e-02,-0.002
8.05600e-02,0
8.05680e-02,0
8.05760e-02,0
8.05840e-02,0.002
8.05920e-02,-0.004
8.06000e-02,-0.008
8.06080e-02,0
8.06160e-02,0
8.06240e-02,-0.006
8.06320e-02,-0.002
8.06400e-02,0
8.06480e-02,-0.002
8.06560e-02,0.002
8.06640e-02,-0.006
8.06720e-02,-0.002
8.06800e-02,-0.004
8.06880e-02,0
8.06960e-02,-0.002
8.07040e-02,-0.002
8.07120e-02,-0.004
8.07200e-02,-0.004
8.07280e-02,0.002
8.07360e-02,-0.002
8.07440e-02,-0.004
8.07520e-02,0
8.07600e-02,-0.002
8.07680e-02,-0.002
8.07760e-02,-0.006
8.07840e-02,-0.002
8.07920e-02,0
8.08000e-02,-0.004
8.08080e-02,-0.008
8.08160e-02,-0.002
8.08240e-02,-0.002
8.08320e-02,-0.002
8.08400e-02,-0.004
8.08480e-02,-0.002
8.08560e-02,-0.002
8.08640e-02,-0.002
8.08720e-02,-0.002
8.08800e-02,-0.006
8.08880e-02,-0.006
8.08960e-02,-0.002
8.09040e-02,-0.006
8.09120e-02,-0.002
8.09200e-02,-0.006
8.09280e-02,-0.006
8.09360e-02,-0.004
8.09440e-02,-0.004
8.09520e-02,-0.002
8.09600e-02,-0.006
8.09680e-02,-0.004
8.09760e-02,-0.006
8.09840e-02,-0.004
8.09920e-02,0
8.10000e-02,-0.004
8.10080e-02,-0.004
8.10160e-02,-0.004
8.10240e-02,0
8.10320e-02,-0.004
8.10400e-02,-0.006
8.10480e-02,0
8.10560e-02,-0.002
8.10640e-02,-0.002
8.10720e-02,0.002
8.10800e-02,-0.002
8.10880e-02,-0.008
8.10960e-02,-0.002
8.11040e-02,0
8.11120e-02,-0.002
8.11200e-02,-0.004
8.11280e-02,-0.004
8.11360e-02,0
8.11440e-02,0.002
8.11520e-02,0.008
8.11600e-02,0.002
8.11680e-02,0
8.11760e-02,-0.002
8.11840e-02,0
8.11920e-02,0.002
8.12000e-02,-0.002
8.12080e-02,-0.004
8.12160e-02,-0.006
8.12240e-02,0
8.12320e-02,-0.002
8.12400e-02,-0.006
8.12480e-02,-0.002
8.12560e-02,0
8.12640e-02,0
8.12720e-02,-0.002
8.12800e-02,-0.004
8.12880e-02,-0.004
8.12960e-02,0.002
8.13040e-02,0.002
8.13120e-02,-0.004
8.13200e-02,0
8.13280e-02,-0.004
8.13360e-02,-0.002
8.13440e-02,-0.002
8.13520e-02,0
8.13600e-02,0.002
8.13680e-02,-0.004
8.13760e-02,0
8.13840e-02,0.002
8.13920e-02,0.002
8.14000e-02,-0.004
8.14080e-02,-0.006
8.14160e-02,0
8.14240e-02,0.002
8.14320e-02,-0.004
8.14400e-02,-0.004
8.14480e-02,-0.004
8.14560e-02,-0.006
8.14640e-02,-0.002
8.14720e-02,-0.002
8.14800e-02,-0.002
8.14880e-02,0
8.14960e-02,-0.006
8.15040e-02,-0.004
8.15120e-02,0
8.15200e-02,0
8.15280e-02,-0.008
8.15360e-02,-0.004
8.15440e-02,0
8.15520e-02,-0.006
8.15600e-02,-0.004
8.15680e-02,-0.006
8.15760e-02,-0.004
8.15840e-02,-0.002
8.15920e-02,-0.004
8.16000e-02,-0.006
8.16080e-02,-0.008
8.16160e-02,-0.002
8.16240e-02,-0.004
8.16320e-02,-0.002
8.16400e-02,-0.002
8.16480e-02,-0.004
8.16560e-02,0
8.16640e-02,-0.002
8.16720e-02,0.002
8.16800e-02,-0.004
8.16880e-02,0
8.16960e-02,0
8.17040e-02,-0.004
8.17120e-02,-0.004
8.17200e-02,0
8.17280e-02,-0.008
8.17360e-02,-0.002
8.17440e-02,0.002
8.17520e-02,-0.004
8.17600e-02,-0.008
8.17680e-02,-0.002
8.17760e-02,-0.004
8.17840e-02,0
8.17920e-02,-0.004
8.18000e-02,-0.008
8.18080e-02,-0.004
8.18160e-02,0
8.18240e-02,0
8.18320e-02,-0.006
8.18400e-02,-0.004
8.18480e-02,-0.004
8.18560e-02,-0.004
8.18640e-02,0
8.18720e-02,-0.002
8.18800e-02,0
8.18880e-02,-0.01
8.18960e-02,-0.002
8.19040e-02,-0.006
8.19120e-02,-0.002
8.19200e-02,0.002
8.19280e-02,-0.004
8.19360e-02,-0.002
8.19440e-02,-0.002
8.19520e-02,0
8.19600e-02,-0.004
8.19680e-02,-0.002
8.19760e-02,-0.004
8.19840e-02,-0.002
8.19920e-02,-0.002
8.20000e-02,-0.004
8.20080e-02,-0.006
8.20160e-02,-0.004
8.20240e-02,0.002
8.20320e-02,-0.004
8.20400e-02,-0.004
8.20480e-02,-0.006
8.20560e-02,-0.002
8.20640e-02,0
8.20720e-02,0
8.20800e-02,-0.004
8.20880e-02,-0.006
8.20960e-02,-0.004
8.21040e-02,0
8.21120e-02,-0.002
8.21200e-02,-0.004
8.21280e-02,-0.004
8.21360e-02,-0.002
8.21440e-02,0
8.21520e-02,-0.002
8.21600e-02,-0.002
8.21680e-02,0
8.21760e-02,-0.002
8.21840e-02,-0.004
8.21920e-02,-0.002
8.22000e-02,-0.004
8.22080e-02,-0.002
8.22160e-02,-0.002
8.22240e-02,0
8.22320e-02,-0.002
8.22400e-02,-0.002
8.22480e-02,0.002
8.22560e-02,-0.002
8.22640e-02,-0.002
8.22720e-02,0.002
8.22800e-02,0.002
8.22880e-02,-0.004
8.22960e-02,-0.006
8.23040e-02,-0.006
8.23120e-02,-0.008
8.23200e-02,-0.006
8.23280e-02,-0.012
8.23360e-02,-0.006
8.23440e-02,-0.002
8.23520e-02,-0.006
8.23600e-02,-0.002
8.23680e-02,-0.006
8.23760e-02,0
8.23840e-02,-0.002
8.23920e-02,-0.004
8.24000e-02,-0.01
8.24080e-02,-0.002
8.24160e-02,-0.004
8.24240e-02,0
8.24320e-02,-0.002
8.24400e-02,-0.002
8.24480e-02,-0.006
8.24560e-02,0.002
8.24640e-02,-0.004
8.24720e-02,0
8.24800e-02,-0.006
8.24880e-02,0
8.24960e-02,0.004
8.25040e-02,0
8.25120e-02,0
8.25200e-02,-0.006
8.25280e-02,-0.004
8.25360e-02,-0.004
8.25440e-02,-0.004
8.25520e-02,-0.002
8.25600e-02,-0.006
8.25680e-02,0
8.25760e-02,0.002
8.25840e-02,-0.004
8.25920e-02,-0.004
8.26000e-02,0
8.26080e-02,0.002
8.26160e-02,-0.002
8.26240e-02,-0.004
8.26320e-02,-0.006
8.26400e-02,-0.002
8.26480e-02,0
8.26560e-02,0.004
8.26640e-02,-0.004
8.26720e-02,-0.004
8.26800e-02,0
8.26880e-02,0.002
8.26960e-02,-0.002
8.27040e-02,-0.004
8.27120e-02,0
8.27200e-02,0
8.27280e-02,0.002
8.27360e-02,0
8.27440e-02,-0.002
8.27520e-02,0
8.27600e-02,-0.002
8.27680e-02,0
8.27760e-02,-0.002
8.27840e-02,-0.004
8.27920e-02,-0.002
8.28000e-02,0
8.28080e-02,0.002
8.28160e-02,-0.002
8.28240e-02,-0.004
8.28320e-02,0.002
8.28400e-02,0
8.28480e-02,0.002
8.28560e-02,-0.002
8.28640e-02,0
8.28720e-02,0.002
8.28800e-02,-0.002
8.28880e-02,-0.002
8.28960e-02,-0.002
8.29040e-02,-0.002
8.29120e-02,0.002
8.29200e-02,-0.002
8.29280e-02,0
8.29360e-02,-0.004
8.29440e-02,-0.01
8.29520e-02,0.004
8.29600e-02,-0.002
8.29680e-02,-0.002
8.29760e-02,-0.002
8.29840e-02,-0.002
8.29920e-02,0.002
8.30000e-02,-0.004
8.30080e-02,-0.006
8.30160e-02,-0.002
8.30240e-02,0
8.30320e-02,0
8.30400e-02,-0.002
8.30480e-02,-0.004
8.30560e-02,-0.002
8.30640e-02,0.002
8.30720e-02,0
8.30800e-02,0.004
8.30880e-02,0
8.30960e-02,-0.002
8.31040e-02,0.002
8.31120e-02,0
8.31200e-02,-0.006
8.31280e-02,-0.006
8.31360e-02,-0.004
8.31440e-02,-0.004
8.31520e-02,-0.004
8.31600e-02,-0.002
8.31680e-02,0.002
8.31760e-02,-0.002
8.31840e-02,-0.002
8.31920e-02,-0.002
8.32000e-02,-0.004
8.32080e-02,0.002
8.32160e-02,0.002
8.32240e-02,-0.002
8.32320e-02,-0.006
8.32400e-02,0
8.32480e-02,0
8.32560e-02,-0.004
8.32640e-02,0
8.32720e-02,-0.004
8.32800e-02,0.002
8.32880e-02,0.004
8.32960e-02,-0.004
8.33040e-02,-0.004
8.33120e-02,-0.004
8.33200e-02,-0.004
8.33280e-02,0.002
8.33360e-02,0
8.33440e-02,-0.002
8.33520e-02,-0.004
8.33600e-02,-0.004
8.33680e-02,-0.002
8.33760e-02,-0.006
8.33840e-02,0
8.33920e-02,-0.008
8.34000e-02,-0.004
8.34080e-02,-0.008
8.34160e-02,0
8.34240e-02,0
8.34320e-02,0.002
8.34400e-02,0
8.34480e-02,-0.002
8.34560e-02,0.002
8.34640e-02,0
8.34720e-02,0.002
8.34800e-02,-0.004
8.34880e-02,-0.002
8.34960e-02,-0.002
8.35040e-02,0
8.35120e-02,0.004
8.35200e-02,-0.002
8.35280e-02,-0.004
8.35360e-02,0.002
8.35440e-02,0
8.35520e-02,-0.004
8.35600e-02,-0.004
8.35680e-02,-0.002
8.35760e-02,0
8.35840e-02,0
8.35920e-02,-0.004
8.36000e-02,-0.006
8.36080e-02,0.002
8.36160e-02,-0.004
8.36240e-02,0
8.36320e-02,-0.004
8.36400e-02,-0.002
8.36480e-02,-0.002
8.36560e-02,-0.002
8.36640e-02,0
8.36720e-02,0
8.36800e-02,-0.002
8.36880e-02,0
8.36960e-02,-0.006
8.37040e-02,-0.002
8.37120e-02,-0.002
8.37200e-02,0
8.37280e-02,-0.002
8.37360e-02,0.004
8.37440e-02,0
8.37520e-02,-0.002
8.37600e-02,-0.002
8.37680e-02,-0.004
8.37760e-02,0
8.37840e-02,-0.002
8.37920e-02,-0.002
8.38000e-02,-0.002
8.38080e-02,-0.002
8.38160e-02,0.002
8.38240e-02,0.002
8.38320e-02,-0.002
8.38400e-02,0.002
8.38480e-02,0
8.38560e-02,0.004
8.38640e-02,-0.002
8.38720e-02,0
8.38800e-02,0.002
8.38880e-02,0
8.38960e-02,-0.002
8.39040e-02,0.002
8.39120e-02,0
8.39200e-02,0
8.39280e-02,0.002
8.39360e-02,-0.002
8.39440e-02,0.002
8.39520e-02,-0.004
8.39600e-02,0
8.39680e-02,0
8.39760e-02,-0.002
8.39840e-02,0.006
8.39920e-02,-0.004
8.40000e-02,0.004
8.40080e-02,-0.002
8.40160e-02,-0.004
8.40240e-02,0
8.40320e-02,-0.002
8.40400e-02,0.002
8.40480e-02,0
8.40560e-02,-0.002
8.40640e-02,0
8.40720e-02,0
8.40800e-02,0
8.40880e-02,0.002
8.40960e-02,0
8.41040e-02,0.002
8.41120e-02,-0.002
8.41200e-02,0
8.41280e-02,-0.002
8.41360e-02,-0.002
8.41440e-02,0.002
8.41520e-02,0
8.41600e-02,0
8.41680e-02,0
8.41760e-02,0.002
8.41840e-02,0
8.41920e-02,-0.002
8.42000e-02,0
8.42080e-02,0.002
8.42160e-02,-0.004
8.42240e-02,0
8.42320e-02,-0.004
8.42400e-02,0.002
8.42480e-02,-0.002
8.42560e-02,0
8.42640e-02,0.004
8.42720e-02,-0.002
8.42800e-02,0.004
8.42880e-02,-0.004
8.42960e-02,0.006
8.43040e-02,0.002
8.43120e-02,-0.004
8.43200e-02,0
8.43280e-02,0
8.43360e-02,0
8.43440e-02,-0.002
8.43520e-02,0
8.43600e-02,-0.002
8.43680e-02,0
8.43760e-02,0
8.43840e-02,-0.002
8.43920e-02,0.002
8.44000e-02,0
8.44080e-02,0
8.44160e-02,-0.006
8.44240e-02,0.006
8.44320e-02,0.004
8.44400e-02,-0.004
8.44480e-02,-0.004
8.44560e-02,0
8.44640e-02,0
8.44720e-02,-0.002
8.44800e-02,-0.004
8.44880e-02,0.002
8.44960e-02,-0.004
8.45040e-02,-0.002
8.45120e-02,-0.004
8.45200e-02,0
8.45280e-02,-0.004
8.45360e-02,-0.006
8.45440e-02,-0.004
8.45520e-02,-0.002
8.45600e-02,-0.004
8.45680e-02,-0.002
8.45760e-02,0
8.45840e-02,-0.006
8.45920e-02,-0.002
8.46000e-02,0.004
8.46080e-02,0
8.46160e-02,-0.004
8.46240e-02,0.004
8.46320e-02,0
8.46400e-02,0
8.46480e-02,-0.004
8.46560e-02,0
8.46640e-02,-0.004
8.46720e-02,0
8.46800e-02,-0.002
8.46880e-02,0.002
8.46960e-02,0.002
8.47040e-02,-0.004
8.47120e-02,-0.002
8.47200e-02,0.006
8.47280e-02,-0.002
8.47360e-02,0.004
8.47440e-02,-0.002
8.47520e-02,0
8.47600e-02,-0.002
8.47680e-02,-0.006
8.47760e-02,-0.002
8.47840e-02,0.006
8.47920e-02,-0.006
8.48000e-02,0.004
8.48080e-02,-0.002
8.48160e-02,-0.002
8.48240e-02,-0.002
8.48320e-02,-0.002
8.48400e-02,0.004
8.48480e-02,0
8.48560e-02,0
8.48640e-02,0.004
8.48720e-02,0
8.48800e-02,-0.004
8.48880e-02,0
8.48960e-02,0.002
8.49040e-02,0.006
8.49120e-02,0
8.49200e-02,0.004
8.49280e-02,-0.002
8.49360e-02,0.002
8.49440e-02,0
8.49520e-02,0
8.49600e-02,-0.004
8.49680e-02,0
8.49760e-02,0
8.49840e-02,0
8.49920e-02,-0.008
8.50000e-02,0
8.50080e-02,-0.004
8.50160e-02,-0.004
8.50240e-02,-0.002
8.50320e-02,-0.002
8.50400e-02,-0.004
8.50480e-02,-0.002
8.50560e-02,0
8.50640e-02,-0.002
8.50720e-02,-0.002
8.50800e-02,-0.002
8.50880e-02,-0.002
8.50960e-02,0.002
8.51040e-02,0
8.51120e-02,0
8.51200e-02,-0.004
8.51280e-02,-0.002
8.51360e-02,-0.002
8.51440e-02,-0.004
8.51520e-02,0.002
8.51600e-02,-0.004
8.51680e-02,-0.006
8.51760e-02,-0.002
8.51840e-02,-0.002
8.51920e-02,0
8.52000e-02,0
8.52080e-02,0.006
8.52160e-02,-0.006
8.52240e-02,0
8.52320e-02,0
8.52400e-02,-0.002
8.52480e-02,0
8.52560e-02,-0.008
8.52640e-02,0.002
8.52720e-02,0
8.52800e-02,-0.004
8.52880e-02,-0.004
8.52960e-02,0
8.53040e-02,-0.002
8.53120e-02,-0.002
8.53200e-02,-0.002
8.53280e-02,-0.006
8.53360e-02,0.002
8.53440e-02,0
8.53520e-02,0.006
8.53600e-02,-0.002
8.53680e-02,0.002
8.53760e-02,0
8.53840e-02,0.004
8.53920e-02,-0.004
8.54000e-02,-0.002
8.54080e-02,-0.006
8.54160e-02,0.006
8.54240e-02,-0.004
8.54320e-02,0
8.54400e-02,0
8.54480e-02,0
8.54560e-02,-0.002
8.54640e-02,0.004
8.54720e-02,0.002
8.54800e-02,-0.002
8.54880e-02,-0.004
8.54960e-02,-0.002
8.55040e-02,-0.002
8.55120e-02,-0.004
8.55200e-02,0
8.55280e-02,-0.002
8.55360e-02,0
8.55440e-02,0.006
8.55520e-02,0
8.55600e-02,-0.004
8.55680e-02,-0.002
8.55760e-02,0
8.55840e-02,0.002
8.55920e-02,0.002
8.56000e-02,0
8.56080e-02,0.002
8.56160e-02,0.004
8.56240e-02,0
8.56320e-02,0
8.56400e-02,-0.004
8.56480e-02,0
8.56560e-02,-0.002
8.56640e-02,-0.006
8.56720e-02,0
8.56800e-02,-0.004
8.56880e-02,-0.002
8.56960e-02,-0.006
8.57040e-02,-0.002
8.57120e-02,0.002
8.57200e-02,0.002
8.57280e-02,0.002
8.57360e-02,-0.002
8.57440e-02,0.002
8.57520e-02,0
8.57600e-02,-0.002
8.57680e-02,0
8.57760e-02,0
8.57840e-02,0.002
8.57920e-02,-0.002
8.58000e-02,0
8.58080e-02,0
8.58160e-02,0.002
8.58240e-02,0
8.58320e-02,-0.002
8.58400e-02,-0.002
8.58480e-02,0
8.58560e-02,0
8.58640e-02,0
8.58720e-02,-0.002
8.58800e-02,0
8.58880e-02,-0.002
8.58960e-02,-0.002
8.59040e-02,0
8.59120e-02,-0.002
8.59200e-02,0.004
8.59280e-02,-0.006
8.59360e-02,0
8.59440e-02,-0.004
8.59520e-02,0
8.59600e-02,0.002
8.59680e-02,0.002
8.59760e-02,-0.002
8.59840e-02,-0.004
8.59920e-02,-0.002
8.60000e-02,0
8.60080e-02,-0.002
8.60160e-02,-0.004
8.60240e-02,0.002
8.60320e-02,0.002
8.60400e-02,0
8.60480e-02,-0.002
8.60560e-02,-0.002
8.60640e-02,-0.002
8.60720e-02,0.002
8.60800e-02,-0.006
8.60880e-02,-0.004
8.60960e-02,0.004
8.61040e-02,-0.002
8.61120e-02,-0.002
8.61200e-02,0.002
8.61280e-02,0
8.61360e-02,0.002
8.61440e-02,0
8.61520e-02,-0.004
8.61600e-02,-0.006
8.61680e-02,0
8.61760e-02,-0.002
8.61840e-02,-0.004
8.61920e-02,-0.002
8.62000e-02,-0.002
8.62080e-02,0
8.62160e-02,-0.004
8.62240e-02,-0.002
8.62320e-02,-0.004
8.62400e-02,0.004
8.62480e-02,0.004
8.62560e-02,0.004
8.62640e-02,-0.002
8.62720e-02,-0.002
8.62800e-02,0
8.62880e-02,0
8.62960e-02,0.002
8.63040e-02,0.002
8.63120e-02,-0.002
8.63200e-02,0.006
8.63280e-02,-0.002
8.63360e-02,-0.004
8.63440e-02,0
8.63520e-02,0.002
8.63600e-02,0.006
8.63680e-02,-0.002
8.63760e-02,0
8.63840e-02,0.002
8.63920e-02,0.002
8.64000e-02,-0.004
8.64080e-02,0.004
8.64160e-02,0
8.64240e-02,-0.002
8.64320e-02,0.002
8.64400e-02,0
8.64480e-02,-0.004
8.64560e-02,-0.002
8.64640e-02,0
8.64720e-02,-0.008
8.64800e-02,0
8.64880e-02,0
8.64960e-02,-0.002
8.65040e-02,-0.002
8.65120e-02,-0.002
8.65200e-02,0.002
8.65280e-02,-0.002
8.65360e-02,-0.002
8.65440e-02,-0.002
8.65520e-02,0.002
8.65600e-02,-0.004
8.65680e-02,-0.002
8.65760e-02,-0.004
8.65840e-02,0.002
8.65920e-02,0
8.66000e-02,-0.002
8.66080e-02,-0.002
8.66160e-02,0.002
8.66240e-02,-0.002
8.66320e-02,-0.002
8.66400e-02,0
8.66480e-02,0
8.66560e-02,0
8.66640e-02,-0.006
8.66720e-02,0.002
8.66800e-02,0.004
8.66880e-02,-0.006
8.66960e-02,-0.004
8.67040e-02,0.002
8.67120e-02,0
8.67200e-02,-0.002
8.67280e-02,0
8.67360e-02,-0.002
8.67440e-02,0.006
8.67520e-02,0
8.67600e-02,0
8.67680e-02,-0.002
8.67760e-02,-0.004
8.67840e-02,0
8.67920e-02,0.002
8.68000e-02,-0.002
8.68080e-02,0.002
8.68160e-02,-0.002
8.68240e-02,-0.002
8.68320e-02,0.002
8.68400e-02,-0.002
8.68480e-02,0
8.68560e-02,-0.004
8.68640e-02,0
8.68720e-02,-0.002
8.68800e-02,0
8.68880e-02,0.002
8.68960e-02,0.004
8.69040e-02,-0.004
8.69120e-02,-0.004
8.69200e-02,-0.002
8.69280e-02,0.002
8.69360e-02,0
8.69440e-02,0
8.69520e-02,-0.004
8.69600e-02,0.002
8.69680e-02,0
8.69760e-02,0
8.69840e-02,-0.002
8.69920e-02,0.002
8.70000e-02,-0.004
8.70080e-02,0
8.70160e-02,0.004
8.70240e-02,-0.002
8.70320e-02,0
8.70400e-02,0.002
8.70480e-02,-0.002
8.70560e-02,-0.002
8.70640e-02,0
8.70720e-02,0.002
8.70800e-02,0.004
8.70880e-02,-0.002
8.70960e-02,-0.002
8.71040e-02,0
8.71120e-02,-0.002
8.71200e-02,0.004
8.71280e-02,-0.004
8.71360e-02,-0.01
8.71440e-02,0
8.71520e-02,0.002
8.71600e-02,0
8.71680e-02,0
8.71760e-02,-0.002
8.71840e-02,-0.006
8.71920e-02,0
8.72000e-02,-0.002
8.72080e-02,0
8.72160e-02,-0.004
8.72240e-02,-0.002
8.72320e-02,0.004
8.72400e-02,0
8.72480e-02,-0.002
8.72560e-02,0
8.72640e-02,0
8.72720e-02,0.002
8.72800e-02,-0.006
8.72880e-02,-0.004
8.72960e-02,0.002
8.73040e-02,0
8.73120e-02,0.002
8.73200e-02,-0.002
8.73280e-02,-0.002
8.73360e-02,0
8.73440e-02,-0.002
8.73520e-02,-0.002
8.73600e-02,0
8.73680e-02,-0.006
8.73760e-02,-0.002
8.73840e-02,-0.004
8.73920e-02,-0.006
8.74000e-02,0
8.74080e-02,0
8.74160e-02,-0.004
8.74240e-02,-0.002
8.74320e-02,0
8.74400e-02,-0.004
8.74480e-02,-0.004
8.74560e-02,0.002
8.74640e-02,0.002
8.74720e-02,0.002
8.74800e-02,-0.004
8.74880e-02,-0.002
8.74960e-02,0.002
8.75040e-02,0
8.75120e-02,0.004
8.75200e-02,-0.004
8.75280e-02,-0.002
8.75360e-02,-0.002
8.75440e-02,-0.002
8.75520e-02,-0.006
8.75600e-02,-0.006
8.75680e-02,-0.002
8.75760e-02,-0.002
8.75840e-02,-0.004
8.75920e-02,0
8.76000e-02,-0.002
8.76080e-02,-0.006
8.76160e-02,0.004
8.76240e-02,0
8.76320e-02,-0.004
8.76400e-02,-0.004
8.76480e-02,-0.002
8.76560e-02,-0.002
8.76640e-02,-0.004
8.76720e-02,-0.002
8.76800e-02,-0.002
8.76880e-02,-0.004
8.76960e-02,-0.006
8.77040e-02,-0.002
8.77120e-02,0.002
8.77200e-02,-0.002
8.77280e-02,0
8.77360e-02,0
8.77440e-02,0.004
8.77520e-02,0.006
8.77600e-02,-0.004
8.77680e-02,0.002
8.77760e-02,0
8.77840e-02,0.002
8.77920e-02,0.002
8.78000e-02,-0.002
8.78080e-02,0
8.78160e-02,0.006
8.78240e-02,-0.002
8.78320e-02,-0.002
8.78400e-02,-0.002
8.78480e-02,0
8.78560e-02,0
8.78640e-02,-0.008
8.78720e-02,0.004
8.78800e-02,0.006
8.78880e-02,0.006
8.78960e-02,-0.002
8.79040e-02,-0.002
8.79120e-02,0.002
8.79200e-02,0.002
8.79280e-02,-0.002
8.79360e-02,-0.002
8.79440e-02,-0.002
8.79520e-02,-0.002
8.79600e-02,0
8.79680e-02,-0.004
8.79760e-02,-0.002
8.79840e-02,-0.002
8.79920e-02,0.002
8.80000e-02,-0.002
8.80080e-02,0
8.80160e-02,-0.002
8.80240e-02,-0.002
8.80320e-02,-0.002
8.80400e-02,0.002
8.80480e-02,-0.002
8.80560e-02,0.002
8.80640e-02,0
8.80720e-02,0
8.80800e-02,0
8.80880e-02,-0.002
8.80960e-02,-0.004
8.81040e-02,-0.002
8.81120e-02,0
8.81200e-02,0
8.81280e-02,-0.004
8.81360e-02,0.002
8.81440e-02,0
8.81520e-02,-0.002
8.81600e-02,0
8.81680e-02,-0.004
8.81760e-02,-0.002
8.81840e-02,0.004
8.81920e-02,-0.004
8.82000e-02,0
8.82080e-02,-0.002
8.82160e-02,0.004
8.82240e-02,-0.002
8.82320e-02,-0.002
8.82400e-02,-0.002
8.82480e-02,-0.006
8.82560e-02,-0.002
8.82640e-02,-0.002
8.82720e-02,0
8.82800e-02,-0.002
8.82880e-02,0.008
8.82960e-02,-0.004
8.83040e-02,-0.002
8.83120e-02,-0.004
8.83200e-02,0.002
8.83280e-02,-0.002
8.83360e-02,0
8.83440e-02,-0.006
8.83520e-02,-0.002
8.83600e-02,-0.002
8.83680e-02,-0.006
8.83760e-02,-0.006
8.83840e-02,0.002
8.83920e-02,-0.002
8.84000e-02,-0.002
8.84080e-02,-0.004
8.84160e-02,0
8.84240e-02,-0.006
8.84320e-02,-0.004
8.84400e-02,0
8.84480e-02,-0.006
8.84560e-02,-0.002
8.84640e-02,-0.008
8.84720e-02,0.004
8.84800e-02,0.004
8.84880e-02,-0.002
8.84960e-02,-0.002
8.85040e-02,-0.002
8.85120e-02,0
8.85200e-02,0.002
8.85280e-02,-0.008
8.85360e-02,-0.002
8.85440e-02,0
8.85520e-02,0.002
8.85600e-02,-0.002
8.85680e-02,-0.004
8.85760e-02,-0.002
8.85840e-02,-0.002
8.85920e-02,0.002
8.86000e-02,0.002
8.86080e-02,-0.006
8.86160e-02,-0.004
8.86240e-02,0.004
8.86320e-02,-0.002
8.86400e-02,-0.004
8.86480e-02,-0.004
8.86560e-02,-0.002
8.86640e-02,-0.002
8.86720e-02,-0.002
8.86800e-02,0.002
8.86880e-02,-0.002
8.86960e-02,0
8.87040e-02,-0.002
8.87120e-02,-0.002
8.87200e-02,0
8.87280e-02,0.002
8.87360e-02,-0.002
8.87440e-02,0
8.87520e-02,0
8.87600e-02,-0.002
8.87680e-02,0
8.87760e-02,0.004
8.87840e-02,-0.002
8.87920e-02,0
8.88000e-02,0
8.88080e-02,0
8.88160e-02,-0.002
8.88240e-02,-0.002
8.88320e-02,0
8.88400e-02,-0.006
8.88480e-02,0
8.88560e-02,0.002
8.88640e-02,0
8.88720e-02,0
8.88800e-02,-0.008
8.88880e-02,-0.002
8.88960e-02,0.004
8.89040e-02,0.002
8.89120e-02,-0.002
8.89200e-02,-0.004
8.89280e-02,-0.002
8.89360e-02,0
8.89440e-02,-0.004
8.89520e-02,0.006
8.89600e-02,-0.002
8.89680e-02,-0.008
8.89760e-02,0.004
8.89840e-02,0.004
8.89920e-02,-0.004
8.90000e-02,-0.004
8.90080e-02,-0.002
8.90160e-02,-0.002
8.90240e-02,-0.002
8.90320e-02,0
8.90400e-02,-0.004
8.90480e-02,0
8.90560e-02,0.002
8.90640e-02,-0.002
8.90720e-02,-0.006
8.90800e-02,-0.006
8.90880e-02,-0.002
8.90960e-02,0
8.91040e-02,-0.002
8.91120e-02,-0.004
8.91200e-02,0.004
8.91280e-02,-0.002
8.91360e-02,-0.002
8.91440e-02,-0.008
8.91520e-02,0
8.91600e-02,0
8.91680e-02,0
8.91760e-02,-0.002
8.91840e-02,-0.002
8.91920e-02,-0.004
8.92000e-02,-0.004
8.92080e-02,-0.002
8.92160e-02,-0.004
8.92240e-02,-0.006
8.92320e-02,0
8.92400e-02,0.002
8.92480e-02,0.004
8.92560e-02,0.002
8.92640e-02,0
8.92720e-02,-0.002
8.92800e-02,-0.002
8.92880e-02,-0.008
8.92960e-02,0
8.93040e-02,-0.004
8.93120e-02,0
8.93200e-02,-0.004
8.93280e-02,-0.008
8.93360e-02,0.002
8.93440e-02,-0.002
8.93520e-02,0.004
8.93600e-02,0.004
8.93680e-02,0
8.93760e-02,-0.006
8.93840e-02,0
8.93920e-02,-0.002
8.94000e-02,0.002
8.94080e-02,0.002
8.94160e-02,0
8.94240e-02,-0.004
8.94320e-02,0
8.94400e-02,0
8.94480e-02,-0.002
8.94560e-02,0.002
8.94640e-02,-0.002
8.94720e-02,-0.002
8.94800e-02,-0.004
8.94880e-02,0
8.94960e-02,0.004
8.95040e-02,-0.004
8.95120e-02,0.004
8.95200e-02,0
8.95280e-02,0
8.95360e-02,-0.004
8.95440e-02,-0.004
8.95520e-02,-0.006
8.95600e-02,-0.004
8.95680e-02,-0.002
8.95760e-02,-0.004
8.95840e-02,0.002
8.95920e-02,-0.002
8.96000e-02,0.002
8.96080e-02,-0.002
8.96160e-02,0.004
8.96240e-02,0
8.96320e-02,0
8.96400e-02,0.004
8.96480e-02,0.002
8.96560e-02,-0.006
8.96640e-02,-0.004
8.96720e-02,0
8.96800e-02,0
8.96880e-02,0.002
8.96960e-02,0
8.97040e-02,-0.006
8.97120e-02,-0.008
8.97200e-02,-0.002
8.97280e-02,0
8.97360e-02,-0.002
8.97440e-02,0.002
8.97520e-02,-0.004
8.97600e-02,0.004
8.97680e-02,0
8.97760e-02,0
8.97840e-02,0
8.97920e-02,0
8.98000e-02,-0.002
8.98080e-02,0
8.98160e-02,0
8.98240e-02,0.002
8.98320e-02,-0.004
8.98400e-02,0
8.98480e-02,-0.004
8.98560e-02,0.002
8.98640e-02,0.004
8.98720e-02,0.002
8.98800e-02,-0.002
8.98880e-02,0
8.98960e-02,-0.002
8.99040e-02,-0.008
8.99120e-02,-0.002
8.99200e-02,-0.002
8.99280e-02,0
8.99360e-02,-0.002
8.99440e-02,0.002
8.99520e-02,-0.004
8.99600e-02,-0.004
8.99680e-02,0
8.99760e-02,-0.002
8.99840e-02,-0.002
8.99920e-02,-0.002
9.00000e-02,0.002
9.00080e-02,0
9.00160e-02,0.002
9.00240e-02,0.002
9.00320e-02,-0.002
9.00400e-02,0.002
9.00480e-02,-0.004
9.00560e-02,-0.006
9.00640e-02,0.002
9.00720e-02,0.002
9.00800e-02,-0.006
9.00880e-02,0.002
9.00960e-02,0.004
9.01040e-02,-0.002
9.01120e-02,-0.004
9.01200e-02,0
9.01280e-02,0.002
9.01360e-02,0.004
9.01440e-02,0.002
9.01520e-02,0
9.01600e-02,0
9.01680e-02,-0.004
9.01760e-02,-0.004
9.01840e-02,0
9.01920e-02,-0.002
9.02000e-02,-0.002
9.02080e-02,-0.004
9.02160e-02,-0.002
9.02240e-02,0.004
9.02320e-02,0
9.02400e-02,0
9.02480e-02,-0.002
9.02560e-02,-0.002
9.02640e-02,0.002
9.02720e-02,0.002
9.02800e-02,0
9.02880e-02,0
9.02960e-02,-0.006
9.03040e-02,0.004
9.03120e-02,0
9.03200e-02,-0.004
9.03280e-02,-0.002
9.03360e-02,0
9.03440e-02,-0.004
9.03520e-02,0
9.03600e-02,-0.002
9.03680e-02,0.002
9.03760e-02,0
9.03840e-02,0
9.03920e-02,0
9.04000e-02,-0.002
9.04080e-02,0
9.04160e-02,0.002
9.04240e-02,0.004
9.04320e-02,-0.004
9.04400e-02,-0.004
9.04480e-02,0.004
9.04560e-02,-0.002
9.04640e-02,-0.006
9.04720e-02,0
9.04800e-02,-0.002
9.04880e-02,-0.002
9.04960e-02,0.004
9.05040e-02,-0.002
9.05120e-02,-0.004
9.05200e-02,-0.002
9.05280e-02,-0.004
9.05360e-02,-0.002
9.05440e-02,0.002
9.05520e-02,-0.002
9.05600e-02,0
9.05680e-02,0
9.05760e-02,-0.004
9.05840e-02,-0.004
9.05920e-02,0
9.06000e-02,0.002
9.06080e-02,0.002
9.06160e-02,0.002
9.06240e-02,-0.002
9.06320e-02,0.002
9.06400e-02,0.002
9.06480e-02,-0.006
9.06560e-02,0.002
9.06640e-02,0.002
9.06720e-02,-0.006
9.06800e-02,0.002
9.06880e-02,-0.004
9.06960e-02,0.004
9.07040e-02,-0.008
9.07120e-02,-0.002
9.07200e-02,-0.006
9.07280e-02,-0.002
9.07360e-02,-0.002
9.07440e-02,-0.002
9.07520e-02,-0.008
9.07600e-02,0
9.07680e-02,-0.004
9.07760e-02,0.006
9.07840e-02,-0.006
9.07920e-02,0
9.08000e-02,0.002
9.08080e-02,-0.002
9.08160e-02,0.008
9.08240e-02,-0.004
9.08320e-02,-0.002
9.08400e-02,-0.002
9.08480e-02,0.002
9.08560e-02,-0.004
9.08640e-02,0
9.08720e-02,-0.006
9.08800e-02,-0.002
9.08880e-02,-0.008
9.08960e-02,-0.006
9.09040e-02,-0.004
9.09120e-02,0
9.09200e-02,-0.002
9.09280e-02,0
9.09360e-02,-0.006
9.09440e-02,-0.002
9.09520e-02,-0.002
9.09600e-02,0
9.09680e-02,-0.002
9.09760e-02,0.002
9.09840e-02,-0.002
9.09920e-02,-0.002
9.10000e-02,0
9.10080e-02,0
9.10160e-02,-0.006
9.10240e-02,0
9.10320e-02,0.002
9.10400e-02,-0.004
9.10480e-02,-0.004
9.10560e-02,0
9.10640e-02,0
9.10720e-02,-0.006
9.10800e-02,-0.006
9.10880e-02,-0.002
9.10960e-02,0
9.11040e-02,-0.006
9.11120e-02,0
9.11200e-02,0
9.11280e-02,-0.002
9.11360e-02,-0.002
9.11440e-02,-0.004
9.11520e-02,-0.002
9.11600e-02,-0.002
9.11680e-02,-0.002
9.11760e-02,-0.002
9.11840e-02,0.004
9.11920e-02,-0.002
9.12000e-02,0
9.12080e-02,-0.002
9.12160e-02,-0.004
9.12240e-02,0
9.12320e-02,0.002
9.12400e-02,-0.006
9.12480e-02,0
9.12560e-02,-0.004
9.12640e-02,0.004
9.12720e-02,-0.002
9.12800e-02,-0.008
9.12880e-02,0.002
9.12960e-02,0
9.13040e-02,-0.004
9.13120e-02,-0.004
9.13200e-02,0.002
9.13280e-02,-0.004
9.13360e-02,-0.002
9.13440e-02,-0.004
9.13520e-02,0.006
9.13600e-02,-0.004
9.13680e-02,-0.004
9.13760e-02,-0.002
9.13840e-02,-0.002
9.13920e-02,-0.002
9.14000e-02,0
9.14080e-02,0.002
9.14160e-02,0
9.14240e-02,0
9.14320e-02,-0.004
9.14400e-02,0
9.14480e-02,-0.002
9.14560e-02,-0.002
9.14640e-02,-0.004
9.14720e-02,-0.002
9.14800e-02,0
9.14880e-02,-0.004
9.14960e-02,0
9.15040e-02,-0.004
9.15120e-02,-0.004
9.15200e-02,-0.004
9.15280e-02,-0.002
9.15360e-02,-0.002
9.15440e-02,0
9.15520e-02,0.002
9.15600e-02,-0.002
9.15680e-02,0
9.15760e-02,-0.004
9.15840e-02,-0.006
9.15920e-02,0
9.16000e-02,0.002
9.16080e-02,0
9.16160e-02,-0.002
9.16240e-02,0
9.16320e-02,-0.002
9.16400e-02,0.002
9.16480e-02,-0.006
9.16560e-02,-0.002
9.16640e-02,-0.002
9.16720e-02,0
9.16800e-02,0
9.16880e-02,-0.006
9.16960e-02,0
9.17040e-02,-0.002
9.17120e-02,-0.004
9.17200e-02,-0.002
9.17280e-02,-0.004
9.17360e-02,0
9.17440e-02,0.002
9.17520e-02,-0.004
9.17600e-02,-0.002
9.17680e-02,0.002
9.17760e-02,-0.002
9.17840e-02,-0.006
9.17920e-02,-0.006
9.18000e-02,-0.002
9.18080e-02,0.002
9.18160e-02,0.002
9.18240e-02,0.002
9.18320e-02,-0.004
9.18400e-02,0
9.18480e-02,0
9.18560e-02,-0.006
9.18640e-02,0
9.18720e-02,-0.004
9.18800e-02,0.002
9.18880e-02,-0.002
9.18960e-02,-0.01
9.19040e-02,-0.002
9.19120e-02,0
9.19200e-02,-0.004
9.19280e-02,-0.002
9.19360e-02,-0.002
9.19440e-02,0.002
9.19520e-02,-0.004
9.19600e-02,-0.004
9.19680e-02,-0.004
9.19760e-02,0
9.19840e-02,-0.002
9.19920e-02,-0.004
9.20000e-02,-0.004
9.20080e-02,-0.002
9.20160e-02,0
9.20240e-02,-0.002
9.20320e-02,-0.008
9.20400e-02,-0.002
9.20480e-02,-0.004
9.20560e-02,0
9.20640e-02,0
9.20720e-02,-0.002
9.20800e-02,-0.002
9.20880e-02,0.002
9.20960e-02,-0.004
9.21040e-02,0.002
9.21120e-02,0.002
9.21200e-02,-0.004
9.21280e-02,-0.002
9.21360e-02,0
9.21440e-02,-0.002
9.21520e-02,-0.004
9.21600e-02,-0.004
9.21680e-02,-0.004
9.21760e-02,-0.004
9.21840e-02,0
9.21920e-02,-0.004
9.22000e-02,-0.004
9.22080e-02,0.002
9.22160e-02,-0.006
9.22240e-02,0.006
9.22320e-02,-0.004
9.22400e-02,-0.004
9.22480e-02,0
9.22560e-02,-0.004
9.22640e-02,-0.002
9.22720e-02,-0.004
9.22800e-02,-0.004
9.22880e-02,-0.006
9.22960e-02,-0.004
9.23040e-02,0
9.23120e-02,-0.002
9.23200e-02,-0.002
9.23280e-02,-0.004
9.23360e-02,0
9.23440e-02,-0.004
9.23520e-02,-0.002
9.23600e-02,0
9.23680e-02,-0.008
9.23760e-02,0.006
9.23840e-02,-0.006
9.23920e-02,0.002
9.24000e-02,-0.004
9.24080e-02,0
9.24160e-02,0
9.24240e-02,-0.002
9.24320e-02,-0.004
9.24400e-02,-0.002
9.24480e-02,0.002
9.24560e-02,-0.002
9.24640e-02,-0.002
9.24720e-02,0
9.24800e-02,-0.006
9.24880e-02,-0.004
9.24960e-02,0
9.25040e-02,-0.004
9.25120e-02,-0.002
9.25200e-02,-0.004
9.25280e-02,-0.004
9.25360e-02,-0.004
9.25440e-02,-0.004
9.25520e-02,0.004
9.25600e-02,-0.002
9.25680e-02,-0.002
9.25760e-02,-0.002
9.25840e-02,-0.006
9.25920e-02,-0.006
9.26000e-02,-0.004
9.26080e-02,-0.004
9.26160e-02,0.002
9.26240e-02,0.002
9.26320e-02,-0.004
9.26400e-02,-0.002
9.26480e-02,0.002
9.26560e-02,0.002
9.26640e-02,0.004
9.26720e-02,-0.004
9.26800e-02,0.004
9.26880e-02,-0.002
9.26960e-02,-0.004
9.27040e-02,-0.002
9.27120e-02,-0.002
9.27200e-02,0.004
9.27280e-02,-0.004
9.27360e-02,-0.006
9.27440e-02,0.002
9.27520e-02,-0.002
9.27600e-02,0.002
9.27680e-02,-0.002
9.27760e-02,-0.006
9.27840e-02,-0.002
9.27920e-02,0
9.28000e-02,0
9.28080e-02,-0.004
9.28160e-02,0
9.28240e-02,0
9.28320e-02,0.002
9.28400e-02,-0.002
9.28480e-02,-0.004
9.28560e-02,-0.002
9.28640e-02,-0.004
9.28720e-02,-0.004
9.28800e-02,0
9.28880e-02,-0.004
9.28960e-02,0
9.29040e-02,0
9.29120e-02,0.002
9.29200e-02,-0.008
9.29280e-02,0
9.29360e-02,-0.002
9.29440e-02,0
9.29520e-02,-0.006
9.29600e-02,-0.004
9.29680e-02,0.002
9.29760e-02,0.002
9.29840e-02,0.002
9.29920e-02,-0.004
9.30000e-02,0
9.30080e-02,-0.002
9.30160e-02,-0.004
9.30240e-02,0
9.30320e-02,0
9.30400e-02,-0.002
9.30480e-02,0.002
9.30560e-02,-0.006
9.30640e-02,-0.006
9.30720e-02,0.002
9.30800e-02,-0.004
9.30880e-02,-0.004
9.30960e-02,-0.008
9.31040e-02,-0.004
9.31120e-02,-0.002
9.31200e-02,-0.004
9.31280e-02,-0.004
9.31360e-02,-0.002
9.31440e-02,0.002
9.31520e-02,-0.004
9.31600e-02,-0.004
9.31680e-02,-0.002
9.31760e-02,-0.004
9.31840e-02,-0.002
9.31920e-02,0.002
9.32000e-02,-0.006
9.32080e-02,-0.008
9.32160e-02,-0.004
9.32240e-02,-0.002
9.32320e-02,0.004
9.32400e-02,-0.002
9.32480e-02,-0.004
9.32560e-02,-0.008
9.32640e-02,0
9.32720e-02,0.002
9.32800e-02,-0.002
9.32880e-02,-0.004
9.32960e-02,0
9.33040e-02,-0.002
9.33120e-02,0
9.33200e-02,-0.004
9.33280e-02,0
9.33360e-02,0
9.33440e-02,-0.002
9.33520e-02,-0.002
9.33600e-02,-0.002
9.33680e-02,-0.004
9.33760e-02,-0.004
9.33840e-02,-0.004
9.33920e-02,-0.004
9.34000e-02,-0.002
9.34080e-02,0
9.34160e-02,0.002
9.34240e-02,-0.002
9.34320e-02,-0.002
9.34400e-02,0
9.34480e-02,-0.002
9.34560e-02,-0.002
9.34640e-02,-0.006
9.34720e-02,-0.002
9.34800e-02,0
9.34880e-02,-0.002
9.34960e-02,-0.004
9.35040e-02,-0.004
9.35120e-02,-0.004
9.35200e-02,0.002
9.35280e-02,0.002
9.35360e-02,0.004
9.35440e-02,-0.002
9.35520e-02,-0.004
9.35600e-02,-0.004
9.35680e-02,0
9.35760e-02,-0.002
9.35840e-02,-0.004
9.35920e-02,-0.004
9.36000e-02,-0.002
9.36080e-02,-0.002
9.36160e-02,-0.002
9.36240e-02,-0.002
9.36320e-02,-0.002
9.36400e-02,-0.002
9.36480e-02,0
9.36560e-02,0.004
9.36640e-02,-0.004
9.36720e-02,-0.002
9.36800e-02,-0.002
9.36880e-02,-0.006
9.36960e-02,-0.004
9.37040e-02,-0.002
9.37120e-02,-0.002
9.37200e-02,0
9.37280e-02,0.002
9.37360e-02,0
9.37440e-02,0
9.37520e-02,0
9.37600e-02,0
9.37680e-02,-0.008
9.37760e-02,-0.006
9.37840e-02,0.004
9.37920e-02,0
9.38000e-02,0.008
9.38080e-02,0
9.38160e-02,-0.006
9.38240e-02,-0.004
9.38320e-02,-0.006
9.38400e-02,0
9.38480e-02,0
9.38560e-02,-0.008
9.38640e-02,-0.004
9.38720e-02,-0.004
9.38800e-02,-0.002
9.38880e-02,-0.01
9.38960e-02,-0.002
9.39040e-02,0.002
9.39120e-02,-0.002
9.39200e-02,-0.002
9.39280e-02,-0.004
9.39360e-02,-0.008
9.39440e-02,-0.006
9.39520e-02,0
9.39600e-02,0
9.39680e-02,0.002
9.39760e-02,-0.002
9.39840e-02,-0.002
9.39920e-02,-0.002
9.40000e-02,-0.002
9.40080e-02,-0.004
9.40160e-02,-0.006
9.40240e-02,-0.002
9.40320e-02,0
9.40400e-02,0.002
9.40480e-02,-0.004
9.40560e-02,-0.004
9.40640e-02,-0.004
9.40720e-02,-0.006
9.40800e-02,-0.008
9.40880e-02,-0.002
9.40960e-02,-0.004
9.41040e-02,0
9.41120e-02,0
9.41200e-02,-0.002
9.41280e-02,0
9.41360e-02,-0.008
9.41440e-02,-0.002
9.41520e-02,-0.004
9.41600e-02,0
9.41680e-02,0
9.41760e-02,-0.006
9.41840e-02,-0.004
9.41920e-02,-0.006
9.42000e-02,-0.006
9.42080e-02,0.002
9.42160e-02,-0.004
9.42240e-02,-0.002
9.42320e-02,0
9.42400e-02,0
9.42480e-02,0
9.42560e-02,-0.008
9.42640e-02,-0.002
9.42720e-02,-0.002
9.42800e-02,-0.006
9.42880e-02,0
9.42960e-02,-0.006
9.43040e-02,-0.002
9.43120e-02,-0.002
9.43200e-02,-0.002
9.43280e-02,-0.004
9.43360e-02,0
9.43440e-02,0
9.43520e-02,-0.008
9.43600e-02,-0.004
9.43680e-02,0
9.43760e-02,0.002
9.43840e-02,-0.008
9.43920e-02,-0.006
9.44000e-02,-0.006
9.44080e-02,-0.002
9.44160e-02,0
9.44240e-02,-0.002
9.44320e-02,-0.004
9.44400e-02,-0.002
9.44480e-02,-0.004
9.44560e-02,0
9.44640e-02,0.002
9.44720e-02,-0.002
9.44800e-02,-0.002
9.44880e-02,-0.004
9.44960e-02,-0.004
9.45040e-02,0
9.45120e-02,0
9.45200e-02,-0.002
9.45280e-02,-0.006
9.45360e-02,-0.002
9.45440e-02,0
9.45520e-02,0.002
9.45600e-02,-0.002
9.45680e-02,-0.004
9.45760e-02,-0.002
9.45840e-02,0
9.45920e-02,0.002
9.46000e-02,-0.004
9.46080e-02,0
9.46160e-02,-0.002
9.46240e-02,-0.004
9.46320e-02,0.002
9.46400e-02,0
9.46480e-02,0
9.46560e-02,-0.004
9.46640e-02,0
9.46720e-02,0
9.46800e-02,0.002
9.46880e-02,-0.004
9.46960e-02,0
9.47040e-02,-0.006
9.47120e-02,-0.002
9.47200e-02,-0.002
9.47280e-02,0
9.47360e-02,-0.006
9.47440e-02,0.002
9.47520e-02,-0.004
9.47600e-02,0
9.47680e-02,0
9.47760e-02,-0.006
9.47840e-02,-0.002
9.47920e-02,-0.002
9.48000e-02,-0.002
9.48080e-02,-0.004
9.48160e-02,-0.006
9.48240e-02,-0.004
9.48320e-02,0
9.48400e-02,-0.004
9.48480e-02,-0.002
9.48560e-02,0
9.48640e-02,-0.004
9.48720e-02,0
9.48800e-02,-0.006
9.48880e-02,-0.006
9.48960e-02,0
9.49040e-02,-0.004
9.49120e-02,0
9.49200e-02,-0.006
9.49280e-02,-0.004
9.49360e-02,0
9.49440e-02,-0.006
9.49520e-02,-0.002
9.49600e-02,0.002
9.49680e-02,-0.006
9.49760e-02,-0.008
9.49840e-02,-0.002
9.49920e-02,-0.004
9.50000e-02,-0.004
9.50080e-02,-0.002
9.50160e-02,-0.002
9.50240e-02,-0.004
9.50320e-02,-0.01
9.50400e-02,0
9.50480e-02,-0.004
9.50560e-02,-0.004
9.50640e-02,0
9.50720e-02,-0.002
9.50800e-02,-0.004
9.50880e-02,-0.006
9.50960e-02,-0.002
9.51040e-02,-0.002
9.51120e-02,-0.002
9.51200e-02,0
9.51280e-02,-0.004
9.51360e-02,-0.008
9.51440e-02,0.004
9.51520e-02,-0.002
9.51600e-02,-0.004
9.51680e-02,0.002
9.51760e-02,-0.002
9.51840e-02,-0.004
9.51920e-02,0.004
9.52000e-02,-0.002
9.52080e-02,-0.002
9.52160e-02,0
9.52240e-02,-0.004
9.52320e-02,-0.004
9.52400e-02,0
9.52480e-02,-0.004
9.52560e-02,-0.004
9.52640e-02,-0.004
9.52720e-02,-0.004
9.52800e-02,0
9.52880e-02,-0.004
9.52960e-02,-0.004
9.53040e-02,-0.002
9.53120e-02,-0.004
9.53200e-02,0
9.53280e-02,-0.002
9.53360e-02,-0.006
9.53440e-02,0
9.53520e-02,-0.006
9.53600e-02,-0.004
9.53680e-02,-0.006
9.53760e-02,0
9.53840e-02,0
9.53920e-02,-0.002
9.54000e-02,-0.002
9.54080e-02,-0.002
9.54160e-02,-0.002
9.54240e-02,-0.002
9.54320e-02,-0.004
9.54400e-02,0
9.54480e-02,-0.006
9.54560e-02,0
9.54640e-02,-0.006
9.54720e-02,0
9.54800e-02,-0.002
9.54880e-02,0.002
9.54960e-02,-0.002
9.55040e-02,-0.006
9.55120e-02,0
9.55200e-02,0.002
9.55280e-02,-0.006
9.55360e-02,-0.002
9.55440e-02,0
9.55520e-02,-0.004
9.55600e-02,-0.002
9.55680e-02,-0.006
9.55760e-02,-0.002
9.55840e-02,-0.004
9.55920e-02,-0.004
9.56000e-02,-0.002
9.56080e-02,-0.006
9.56160e-02,-0.006
9.56240e-02,-0.002
9.56320e-02,-0.006
9.56400e-02,-0.002
9.56480e-02,0.002
9.56560e-02,0
9.56640e-02,-0.004
9.56720e-02,-0.002
9.56800e-02,0
9.56880e-02,-0.004
9.56960e-02,0
9.57040e-02,-0.006
9.57120e-02,0
9.57200e-02,-0.006
9.57280e-02,-0.002
9.57360e-02,-0.008
9.57440e-02,-0.004
9.57520e-02,0
9.57600e-02,-0.004
9.57680e-02,-0.006
9.57760e-02,-0.006
9.57840e-02,0.004
9.57920e-02,0
9.58000e-02,0
9.58080e-02,-0.002
9.58160e-02,0.002
9.58240e-02,-0.004
9.58320e-02,0
9.58400e-02,-0.006
9.58480e-02,-0.004
9.58560e-02,0
9.58640e-02,-0.002
9.58720e-02,0
9.58800e-02,-0.004
9.58880e-02,-0.006
9.58960e-02,0
9.59040e-02,0
9.59120e-02,-0.002
9.59200e-02,-0.004
9.59280e-02,0
9.59360e-02,-0.004
9.59440e-02,0
9.59520e-02,-0.002
9.59600e-02,-0.002
9.59680e-02,-0.002
9.59760e-02,0
9.59840e-02,-0.002
9.59920e-02,-0.004
9.60000e-02,-0.004
9.60080e-02,-0.002
9.60160e-02,-0.002
9.60240e-02,-0.002
9.60320e-02,-0.004
9.60400e-02,-0.002
9.60480e-02,0
9.60560e-02,-0.002
9.60640e-02,0
9.60720e-02,-0.008
9.60800e-02,0.002
9.60880e-02,-0.006
9.60960e-02,-0.002
9.61040e-02,-0.002
9.61120e-02,-0.006
9.61200e-02,-0.002
9.61280e-02,0
9.61360e-02,-0.006
9.61440e-02,-0.002
9.61520e-02,-0.002
9.61600e-02,-0.004
9.61680e-02,-0.006
9.61760e-02,-0.002
9.61840e-02,-0.004
9.61920e-02,-0.006
9.62000e-02,-0.002
9.62080e-02,-0.004
9.62160e-02,-0.002
9.62240e-02,-0.002
9.62320e-02,-0.002
9.62400e-02,0
9.62480e-02,-0.006
9.62560e-02,-0.006
9.62640e-02,-0.004
9.62720e-02,0
9.62800e-02,0
9.62880e-02,-0.002
9.62960e-02,0
9.63040e-02,-0.002
9.63120e-02,0
9.63200e-02,-0.004
9.63280e-02,0
9.63360e-02,0.002
9.63440e-02,-0.004
9.63520e-02,-0.004
9.63600e-02,0
9.63680e-02,0
9.63760e-02,-0.004
9.63840e-02,-0.002
9.63920e-02,-0.004
9.64000e-02,-0.004
9.64080e-02,-0.004
9.64160e-02,-0.004
9.64240e-02,-0.006
9.64320e-02,-0.004
9.64400e-02,-0.004
9.64480e-02,0
9.64560e-02,-0.002
9.64640e-02,-0.006
9.64720e-02,-0.004
9.64800e-02,0
9.64880e-02,-0.004
9.64960e-02,-0.006
9.65040e-02,-0.004
9.65120e-02,-0.002
9.65200e-02,-0.008
9.65280e-02,-0.004
9.65360e-02,-0.002
9.65440e-02,-0.006
9.65520e-02,-0.002
9.65600e-02,0
9.65680e-02,-0.004
9.65760e-02,-0.004
9.65840e-02,-0.002
9.65920e-02,-0.006
9.66000e-02,-0.002
9.66080e-02,0
9.66160e-02,-0.002
9.66240e-02,-0.004
9.66320e-02,-0.002
9.66400e-02,-0.002
9.66480e-02,-0.006
9.66560e-02,0.002
9.66640e-02,-0.008
9.66720e-02,-0.01
9.66800e-02,0
9.66880e-02,0
9.66960e-02,-0.004
9.67040e-02,-0.002
9.67120e-02,-0.006
9.67200e-02,0.002
9.67280e-02,0.002
9.67360e-02,-0.002
9.67440e-02,-0.004
9.67520e-02,0
9.67600e-02,-0.006
9.67680e-02,0
9.67760e-02,-0.004
9.67840e-02,-0.008
9.67920e-02,-0.004
9.68000e-02,-0.004
9.68080e-02,-0.002
9.68160e-02,-0.006
9.68240e-02,-0.006
9.68320e-02,0.002
9.68400e-02,-0.002
9.68480e-02,0.002
9.68560e-02,-0.004
9.68640e-02,-0.002
9.68720e-02,-0.002
9.68800e-02,0
9.68880e-02,-0.004
9.68960e-02,-0.002
9.69040e-02,0
9.69120e-02,-0.006
9.69200e-02,0
9.69280e-02,-0.004
9.69360e-02,-0.002
9.69440e-02,-0.01
9.69520e-02,0
9.69600e-02,0.002
9.69680e-02,-0.004
9.69760e-02,-0.002
9.69840e-02,-0.008
9.69920e-02,-0.002
9.70000e-02,-0.004
9.70080e-02,0
9.70160e-02,-0.006
9.70240e-02,-0.004
9.70320e-02,-0.006
9.70400e-02,-0.004
9.70480e-02,-0.004
9.70560e-02,0.004
9.70640e-02,-0.002
9.70720e-02,-0.002
9.70800e-02,-0.002
9.70880e-02,-0.002
9.70960e-02,0
9.71040e-02,0
9.71120e-02,0
9.71200e-02,-0.002
9.71280e-02,-0.006
9.71360e-02,0.004
9.71440e-02,0
9.71520e-02,-0.004
9.71600e-02,-0.006
9.71680e-02,-0.004
9.71760e-02,-0.004
9.71840e-02,-0.006
9.71920e-02,-0.004
9.72000e-02,0
9.72080e-02,-0.002
9.72160e-02,0
9.72240e-02,-0.008
9.72320e-02,0
9.72400e-02,-0.004
9.72480e-02,0
9.72560e-02,-0.006
9.72640e-02,-0.002
9.72720e-02,0
9.72800e-02,-0.006
9.72880e-02,0.002
9.72960e-02,-0.004
9.73040e-02,-0.004
9.73120e-02,-0.002
9.73200e-02,-0.006
9.73280e-02,-0.002
9.73360e-02,-0.002
9.73440e-02,0.004
9.73520e-02,-0.004
9.73600e-02,0
9.73680e-02,-0.002
9.73760e-02,-0.01
9.73840e-02,0
9.73920e-02,0.004
9.74000e-02,-0.006
9.74080e-02,0
9.74160e-02,0
9.74240e-02,0.002
9.74320e-02,-0.004
9.74400e-02,-0.002
9.74480e-02,-0.004
9.74560e-02,0.002
9.74640e-02,-0.004
9.74720e-02,-0.004
9.74800e-02,-0.004
9.74880e-02,0
9.74960e-02,-0.004
9.75040e-02,-0.006
9.75120e-02,-0.004
9.75200e-02,0.002
9.75280e-02,-0.004
9.75360e-02,0.002
9.75440e-02,-0.004
9.75520e-02,-0.004
9.75600e-02,-0.002
9.75680e-02,0
9.75760e-02,-0.006
9.75840e-02,-0.002
9.75920e-02,-0.004
9.76000e-02,-0.002
9.76080e-02,-0.002
9.76160e-02,0
9.76240e-02,-0.004
9.76320e-02,0.004
9.76400e-02,-0.004
9.76480e-02,-0.002
9.76560e-02,-0.002
9.76640e-02,-0.006
9.76720e-02,0
9.76800e-02,0.002
9.76880e-02,0.002
9.76960e-02,-0.002
9.77040e-02,-0.006
9.77120e-02,0.004
9.77200e-02,-0.01
9.77280e-02,-0.004
9.77360e-02,0
9.77440e-02,-0.002
9.77520e-02,0
9.77600e-02,-0.008
9.77680e-02,0
9.77760e-02,-0.002
9.77840e-02,-0.002
9.77920e-02,-0.004
9.78000e-02,-0.01
9.78080e-02,0.002
9.78160e-02,0
9.78240e-02,0
9.78320e-02,-0.008
9.78400e-02,0
9.78480e-02,-0.002
9.78560e-02,-0.002
9.78640e-02,0
9.78720e-02,-0.004
9.78800e-02,-0.002
9.78880e-02,0.002
9.78960e-02,-0.002
9.79040e-02,0
9.79120e-02,0
9.79200e-02,0
9.79280e-02,-0.004
9.79360e-02,-0.002
9.79440e-02,0.002
9.79520e-02,-0.004
9.79600e-02,-0.004
9.79680e-02,-0.004
9.79760e-02,-0.006
9.79840e-02,-0.008
9.79920e-02,-0.004
9.80000e-02,0
9.80080e-02,-0.004
9.80160e-02,-0.004
9.80240e-02,-0.008
9.80320e-02,0
9.80400e-02,-0.004
9.80480e-02,-0.002
9.80560e-02,-0.004
9.80640e-02,-0.004
9.80720e-02,-0.004
9.80800e-02,0
9.80880e-02,0
9.80960e-02,-0.002
9.81040e-02,-0.002
9.81120e-02,-0.002
9.81200e-02,-0.002
9.81280e-02,-0.006
9.81360e-02,-0.002
9.81440e-02,-0.006
9.81520e-02,-0.006
9.81600e-02,-0.002
9.81680e-02,-0.004
9.81760e-02,0
9.81840e-02,0
9.81920e-02,-0.002
9.82000e-02,-0.002
9.82080e-02,-0.006
9.82160e-02,-0.01
9.82240e-02,0
9.82320e-02,-0.002
9.82400e-02,-0.008
9.82480e-02,-0.004
9.82560e-02,0
9.82640e-02,-0.002
9.82720e-02,-0.002
9.82800e-02,-0.008
9.82880e-02,-0.002
9.82960e-02,-0.002
9.83040e-02,-0.008
9.83120e-02,0
9.83200e-02,-0.006
9.83280e-02,-0.002
9.83360e-02,-0.004
9.83440e-02,-0.002
9.83520e-02,-0.004
9.83600e-02,-0.008
9.83680e-02,-0.004
9.83760e-02,-0.006
9.83840e-02,0
9.83920e-02,-0.002
9.84000e-02,0
9.84080e-02,-0.002
9.84160e-02,0
9.84240e-02,0
9.84320e-02,-0.004
9.84400e-02,-0.004
9.84480e-02,-0.006
9.84560e-02,0.002
9.84640e-02,-0.006
9.84720e-02,-0.002
9.84800e-02,-0.004
9.84880e-02,0
9.84960e-02,-0.004
9.85040e-02,-0.006
9.85120e-02,-0.01
9.85200e-02,0
9.85280e-02,-0.006
9.85360e-02,0.002
9.85440e-02,-0.008
9.85520e-02,-0.004
9.85600e-02,-0.008
9.85680e-02,-0.002
9.85760e-02,0
9.85840e-02,-0.002
9.85920e-02,-0.004
9.86000e-02,-0.002
9.86080e-02,-0.002
9.86160e-02,-0.006
9.86240e-02,-0.004
9.86320e-02,-0.006
9.86400e-02,-0.002
9.86480e-02,0.002
9.86560e-02,0
9.86640e-02,-0.006
9.86720e-02,-0.008
9.86800e-02,-0.004
9.86880e-02,-0.006
9.86960e-02,-0.004
9.87040e-02,-0.004
9.87120e-02,-0.002
9.87200e-02,-0.002
9.87280e-02,-0.002
9.87360e-02,-0.004
9.87440e-02,-0.006
9.87520e-02,-0.002
9.87600e-02,-0.004
9.87680e-02,-0.004
9.87760e-02,0
9.87840e-02,-0.006
9.87920e-02,-0.002
9.88000e-02,-0.006
9.88080e-02,-0.004
9.88160e-02,-0.002
9.88240e-02,-0.006
9.88320e-02,-0.002
9.88400e-02,0
9.88480e-02,-0.004
9.88560e-02,-0.01
9.88640e-02,-0.004
9.88720e-02,-0.002
9.88800e-02,-0.004
9.88880e-02,-0.004
9.88960e-02,-0.006
9.89040e-02,0
9.89120e-02,-0.004
9.89200e-02,-0.004
9.89280e-02,-0.006
9.89360e-02,-0.004
9.89440e-02,0
9.89520e-02,-0.002
9.89600e-02,-0.006
9.89680e-02,-0.002
9.89760e-02,-0.004
9.89840e-02,0.002
9.89920e-02,0.002
9.90000e-02,-0.002
9.90080e-02,-0.002
9.90160e-02,-0.002
9.90240e-02,-0.004
9.90320e-02,-0.008
9.90400e-02,-0.002
9.90480e-02,-0.008
9.90560e-02,0
9.90640e-02,-0.002
9.90720e-02,-0.004
9.90800e-02,-0.004
9.90880e-02,-0.006
9.90960e-02,-0.006
9.91040e-02,-0.004
9.91120e-02,0
9.91200e-02,-0.002
9.91280e-02,0
9.91360e-02,-0.002
9.91440e-02,0.002
9.91520e-02,-0.006
9.91600e-02,-0.002
9.91680e-02,0.004
9.91760e-02,-0.004
9.91840e-02,-0.008
9.91920e-02,0
9.92000e-02,-0.002
9.92080e-02,-0.002
9.92160e-02,-0.002
9.92240e-02,-0.004
9.92320e-02,0
9.92400e-02,-0.006
9.92480e-02,0
9.92560e-02,0.002
9.92640e-02,-0.004
9.92720e-02,-0.004
9.92800e-02,0
9.92880e-02,-0.002
9.92960e-02,-0.002
9.93040e-02,-0.004
9.93120e-02,-0.006
9.93200e-02,-0.002
9.93280e-02,-0.006
9.93360e-02,-0.004
9.93440e-02,0
9.93520e-02,0
9.93600e-02,0
9.93680e-02,-0.008
9.93760e-02,-0.008
9.93840e-02,-0.002
9.93920e-02,0.002
9.94000e-02,0
9.94080e-02,-0.004
9.94160e-02,-0.002
9.94240e-02,-0.002
9.94320e-02,0.002
9.94400e-02,-0.004
9.94480e-02,-0.004
9.94560e-02,-0.002
9.94640e-02,0
9.94720e-02,-0.004
9.94800e-02,-0.008
9.94880e-02,0.002
9.94960e-02,-0.004
9.95040e-02,-0.006
9.95120e-02,-0.006
9.95200e-02,0
9.95280e-02,-0.006
9.95360e-02,0
9.95440e-02,0
9.95520e-02,-0.006
9.95600e-02,-0.002
9.95680e-02,-0.002
9.95760e-02,-0.002
9.95840e-02,0.002
9.95920e-02,-0.006
9.96000e-02,-0.006
9.96080e-02,0
9.96160e-02,-0.002
9.96240e-02,-0.006
9.96320e-02,-0.006
9.96400e-02,-0.002
9.96480e-02,-0.006
9.96560e-02,-0.004
9.96640e-02,0
9.96720e-02,-0.004
9.96800e-02,-0.004
9.96880e-02,-0.004
9.96960e-02,-0.006
9.97040e-02,-0.01
9.97120e-02,0.002
9.97200e-02,0
9.97280e-02,-0.004
9.97360e-02,-0.006
9.97440e-02,-0.004
9.97520e-02,-0.006
9.97600e-02,0.002
9.97680e-02,0.002
9.97760e-02,0
9.97840e-02,-0.006
9.97920e-02,-0.006
9.98000e-02,0
9.98080e-02,-0.002
9.98160e-02,-0.002
9.98240e-02,-0.004
9.98320e-02,-0.004
9.98400e-02,-0.006
9.98480e-02,-0.004
9.98560e-02,-0.004
9.98640e-02,-0.004
9.98720e-02,-0.006
9.98800e-02,-0.002
9.98880e-02,-0.002
9.98960e-02,0
9.99040e-02,-0.006
9.99120e-02,-0.002
9.99200e-02,0
9.99280e-02,-0.004
9.99360e-02,0
9.99440e-02,-0.01
9.99520e-02,-0.002
9.99600e-02,-0.004
9.99680e-02,0
9.99760e-02,-0.004
9.99840e-02,-0.002
9.99920e-02,0
1.00000e-01,-0.008
1.00008e-01,-0.002
1.00016e-01,0
1.00024e-01,-0.002
1.00032e-01,-0.006
1.00040e-01,0
1.00048e-01,-0.002
1.00056e-01,-0.002
1.00064e-01,-0.004
1.00072e-01,-0.004
1.00080e-01,-0.008
1.00088e-01,0.002
1.00096e-01,-0.004
1.00104e-01,-0.002
1.00112e-01,-0.002
1.00120e-01,-0.006
1.00128e-01,-0.002
1.00136e-01,0
1.00144e-01,0
1.00152e-01,-0.008
1.00160e-01,-0.002
1.00168e-01,-0.004
1.00176e-01,0
1.00184e-01,-0.004
1.00192e-01,-0.002
1.00200e-01,-0.002
1.00208e-01,-0.004
1.00216e-01,0
1.00224e-01,0.002
1.00232e-01,-0.004
1.00240e-01,-0.002
1.00248e-01,0
1.00256e-01,0
1.00264e-01,-0.004
1.00272e-01,-0.002
1.00280e-01,-0.002
1.00288e-01,-0.004
1.00296e-01,-0.006
1.00304e-01,-0.004
1.00312e-01,0.002
1.00320e-01,-0.004
1.00328e-01,-0.004
1.00336e-01,-0.004
1.00344e-01,-0.004
1.00352e-01,-0.006
1.00360e-01,-0.002
1.00368e-01,-0.006
1.00376e-01,-0.002
1.00384e-01,0
1.00392e-01,-0.002
1.00400e-01,-0.004
1.00408e-01,-0.008
1.00416e-01,0
1.00424e-01,-0.002
1.00432e-01,-0.004
1.00440e-01,-0.006
1.00448e-01,-0.002
1.00456e-01,0
1.00464e-01,-0.006
1.00472e-01,-0.004
1.00480e-01,-0.004
1.00488e-01,-0.006
1.00496e-01,-0.004
1.00504e-01,-0.006
1.00512e-01,0.002
1.00520e-01,-0.004
1.00528e-01,0
1.00536e-01,-0.006
1.00544e-01,-0.004
1.00552e-01,-0.004
1.00560e-01,-0.006
1.00568e-01,0.002
1.00576e-01,-0.004
1.00584e-01,0
1.00592e-01,0.004
1.00600e-01,-0.002
1.00608e-01,-0.006
1.00616e-01,-0.004
1.00624e-01,0.002
1.00632e-01,-0.008
1.00640e-01,-0.008
1.00648e-01,0
1.00656e-01,0.002
1.00664e-01,0
1.00672e-01,-0.002
1.00680e-01,-0.002
1.00688e-01,-0.004
1.00696e-01,-0.002
1.00704e-01,-0.004
1.00712e-01,-0.002
1.00720e-01,-0.002
1.00728e-01,-0.002
1.00736e-01,-0.006
1.00744e-01,-0.002
1.00752e-01,0.002
1.00760e-01,-0.004
1.00768e-01,-0.002
1.00776e-01,-0.002
1.00784e-01,0
1.00792e-01,-0.002
1.00800e-01,-0.004
1.00808e-01,-0.002
1.00816e-01,0.002
1.00824e-01,-0.004
1.00832e-01,-0.002
1.00840e-01,-0.002
1.00848e-01,-0.008
1.00856e-01,0
1.00864e-01,0.004
1.00872e-01,0.002
1.00880e-01,-0.004
1.00888e-01,-0.002
1.00896e-01,0
1.00904e-01,-0.002
1.00912e-01,-0.002
1.00920e-01,0.002
1.00928e-01,-0.004
1.00936e-01,-0.002
1.00944e-01,-0.006
1.00952e-01,0.002
1.00960e-01,0
1.00968e-01,0.002
1.00976e-01,0
1.00984e-01,-0.004
1.00992e-01,-0.002
1.01000e-01,-0.006
1.01008e-01,-0.002
1.01016e-01,-0.004
1.01024e-01,0.004
1.01032e-01,0
1.01040e-01,-0.002
1.01048e-01,-0.004
1.01056e-01,0.002
1.01064e-01,-0.004
1.01072e-01,-0.002
1.01080e-01,0.002
1.01088e-01,-0.002
1.01096e-01,-0.002
1.01104e-01,-0.008
1.01112e-01,0
1.01120e-01,0.002
1.01128e-01,-0.008
1.01136e-01,0
1.01144e-01,-0.002
1.01152e-01,0
1.01160e-01,-0.002
1.01168e-01,0.002
1.01176e-01,-0.002
1.01184e-01,0
1.01192e-01,0
1.01200e-01,0.002
1.01208e-01,-0.002
1.01216e-01,0.004
1.01224e-01,0.002
1.01232e-01,0
1.01240e-01,-0.002
1.01248e-01,-0.006
1.01256e-01,-0.006
1.01264e-01,0.002
1.01272e-01,-0.008
1.01280e-01,-0.006
1.01288e-01,0.002
1.01296e-01,0.004
1.01304e-01,-0.002
1.01312e-01,-0.002
1.01320e-01,-0.006
1.01328e-01,0.002
1.01336e-01,0.004
1.01344e-01,-0.004
1.01352e-01,-0.002
1.01360e-01,-0.006
1.01368e-01,0
1.01376e-01,0
1.01384e-01,0
1.01392e-01,-0.002
1.01400e-01,0
1.01408e-01,0
1.01416e-01,0.002
1.01424e-01,-0.004
1.01432e-01,0
1.01440e-01,-0.002
1.01448e-01,-0.004
1.01456e-01,0
1.01464e-01,-0.004
1.01472e-01,-0.006
1.01480e-01,-0.002
1.01488e-01,0
1.01496e-01,-0.008
1.01504e-01,-0.004
1.01512e-01,-0.004
1.01520e-01,-0.002
1.01528e-01,-0.004
1.01536e-01,-0.004
1.01544e-01,-0.002
1.01552e-01,-0.006
1.01560e-01,-0.004
1.01568e-01,-0.002
1.01576e-01,0
1.01584e-01,-0.002
1.01592e-01,-0.008
1.01600e-01,0
1.01608e-01,-0.002
1.01616e-01,-0.002
1.01624e-01,-0.006
1.01632e-01,0
1.01640e-01,-0.004
1.01648e-01,0
1.01656e-01,-0.008
1.01664e-01,-0.006
1.01672e-01,0
1.01680e-01,-0.01
1.01688e-01,0.002
1.01696e-01,-0.004
1.01704e-01,0.002
1.01712e-01,0
1.01720e-01,0.002
1.01728e-01,-0.008
1.01736e-01,-0.002
1.01744e-01,-0.006
1.01752e-01,-0.006
1.01760e-01,0
1.01768e-01,-0.006
1.01776e-01,0
1.01784e-01,-0.006
1.01792e-01,0.002
1.01800e-01,0
1.01808e-01,0
1.01816e-01,-0.004
1.01824e-01,0
1.01832e-01,0
1.01840e-01,0
1.01848e-01,0
1.01856e-01,0
1.01864e-01,-0.002
1.01872e-01,0.002
1.01880e-01,0.004
1.01888e-01,0
1.01896e-01,0
1.01904e-01,-0.008
1.01912e-01,-0.002
1.01920e-01,-0.004
1.01928e-01,0
1.01936e-01,-0.004
1.01944e-01,-0.002
1.01952e-01,-0.002
1.01960e-01,-0.002
1.01968e-01,-0.002
1.01976e-01,0.006
1.01984e-01,0
1.01992e-01,0
1.02000e-01,-0.004
1.02008e-01,-0.002
1.02016e-01,0.002
1.02024e-01,-0.004
1.02032e-01,-0.002
1.02040e-01,-0.004
1.02048e-01,0
1.02056e-01,0
1.02064e-01,-0.002
1.02072e-01,-0.006
1.02080e-01,0.004
1.02088e-01,0
1.02096e-01,-0.002
1.02104e-01,-0.002
1.02112e-01,-0.002
1.02120e-01,-0.004
1.02128e-01,0.004
1.02136e-01,-0.004
1.02144e-01,-0.004
1.02152e-01,-0.002
1.02160e-01,-0.002
1.02168e-01,-0.006
1.02176e-01,-0.002
1.02184e-01,-0.006
1.02192e-01,-0.004
1.02200e-01,0
1.02208e-01,-0.008
1.02216e-01,0
1.02224e-01,0.002
1.02232e-01,0.002
1.02240e-01,-0.006
1.02248e-01,-0.004
1.02256e-01,0.002
1.02264e-01,0.002
1.02272e-01,-0.002
1.02280e-01,0
1.02288e-01,-0.004
1.02296e-01,-0.002
1.02304e-01,-0.01
1.02312e-01,0.002
1.02320e-01,-0.004
1.02328e-01,-0.002
1.02336e-01,-0.008
1.02344e-01,-0.006
1.02352e-01,-0.004
1.02360e-01,0.002
1.02368e-01,-0.004
1.02376e-01,-0.002
1.02384e-01,-0.004
1.02392e-01,0
1.02400e-01,0.002
1.02408e-01,0
1.02416e-01,0
1.02424e-01,0
1.02432e-01,-0.002
1.02440e-01,0.002
1.02448e-01,-0.002
1.02456e-01,-0.004
1.02464e-01,-0.004
1.02472e-01,-0.002
1.02480e-01,0
1.02488e-01,-0.002
1.02496e-01,0.002
1.02504e-01,-0.002
1.02512e-01,0
1.02520e-01,-0.004
1.02528e-01,-0.004
1.02536e-01,-0.002
1.02544e-01,-0.002
1.02552e-01,0.002
1.02560e-01,0
1.02568e-01,-0.006
1.02576e-01,-0.002
1.02584e-01,0
1.02592e-01,0.006
1.02600e-01,0
1.02608e-01,-0.004
1.02616e-01,-0.006
1.02624e-01,-0.002
1.02632e-01,-0.006
1.02640e-01,0.004
1.02648e-01,-0.002
1.02656e-01,-0.004
1.02664e-01,-0.004
1.02672e-01,0.002
1.02680e-01,-0.002
1.02688e-01,-0.004
1.02696e-01,-0.002
1.02704e-01,0
1.02712e-01,-0.004
1.02720e-01,0.004
1.02728e-01,-0.002
1.02736e-01,-0.004
1.02744e-01,0.004
1.02752e-01,0
1.02760e-01,-0.002
1.02768e-01,0
1.02776e-01,-0.002
1.02784e-01,0.002
1.02792e-01,0.002
1.02800e-01,-0.002
1.02808e-01,-0.006
1.02816e-01,-0.004
1.02824e-01,-0.004
1.02832e-01,-0.004
1.02840e-01,0
1.02848e-01,-0.002
1.02856e-01,-0.004
1.02864e-01,-0.002
1.02872e-01,-0.002
1.02880e-01,0.004
1.02888e-01,-0.002
1.02896e-01,-0.004
1.02904e-01,-0.012
1.02912e-01,-0.002
1.02920e-01,0.002
1.02928e-01,-0.006
1.02936e-01,0.004
1.02944e-01,-0.002
1.02952e-01,0.004
1.02960e-01,-0.002
1.02968e-01,-0.002
1.02976e-01,0
1.02984e-01,0
1.02992e-01,0.002
1.03000e-01,0.002
1.03008e-01,0.004
1.03016e-01,0
1.03024e-01,-0.004
1.03032e-01,-0.002
1.03040e-01,0.004
1.03048e-01,-0.002
1.03056e-01,-0.006
1.03064e-01,-0.008
1.03072e-01,-0.004
1.03080e-01,-0.002
1.03088e-01,-0.004
1.03096e-01,-0.004
1.03104e-01,-0.002
1.03112e-01,0
1.03120e-01,-0.006
1.03128e-01,0
1.03136e-01,-0.004
1.03144e-01,-0.004
1.03152e-01,-0.006
1.03160e-01,0
1.03168e-01,0
1.03176e-01,0.002
1.03184e-01,0
1.03192e-01,0
1.03200e-01,0.002
1.03208e-01,0
1.03216e-01,0
1.03224e-01,-0.002
1.03232e-01,-0.002
1.03240e-01,0
1.03248e-01,0
1.03256e-01,0.002
1.03264e-01,-0.004
1.03272e-01,-0.002
1.03280e-01,-0.004
1.03288e-01,0
1.03296e-01,-0.002
1.03304e-01,-0.002
1.03312e-01,0
1.03320e-01,-0.008
1.03328e-01,-0.004
1.03336e-01,-0.002
1.03344e-01,0
1.03352e-01,0.002
1.03360e-01,-0.002
1.03368e-01,0.002
1.03376e-01,-0.002
1.03384e-01,0
1.03392e-01,-0.004
1.03400e-01,0
1.03408e-01,0
1.03416e-01,-0.002
1.03424e-01,0.002
1.03432e-01,-0.002
1.03440e-01,-0.002
1.03448e-01,-0.002
1.03456e-01,0.002
1.03464e-01,-0.006
1.03472e-01,-0.004
1.03480e-01,-0.006
1.03488e-01,-0.002
1.03496e-01,-0.006
1.03504e-01,0
1.03512e-01,-0.002
1.03520e-01,-0.004
1.03528e-01,-0.002
1.03536e-01,-0.002
1.03544e-01,0
1.03552e-01,-0.002
1.03560e-01,0.002
1.03568e-01,0
1.03576e-01,0.002
1.03584e-01,-0.004
1.03592e-01,0
1.03600e-01,-0.002
1.03608e-01,-0.002
1.03616e-01,-0.004
1.03624e-01,-0.002
1.03632e-01,-0.004
1.03640e-01,0.002
1.03648e-01,-0.002
1.03656e-01,-0.004
1.03664e-01,0.004
1.03672e-01,0
1.03680e-01,-0.004
1.03688e-01,-0.002
1.03696e-01,0.006
1.03704e-01,-0.006
1.03712e-01,-0.006
1.03720e-01,-0.002
1.03728e-01,0
1.03736e-01,0
1.03744e-01,0
1.03752e-01,-0.004
1.03760e-01,-0.004
1.03768e-01,0
1.03776e-01,0.002
1.03784e-01,0.004
1.03792e-01,0
1.03800e-01,-0.002
1.03808e-01,-0.004
1.03816e-01,0.004
1.03824e-01,0.002
1.03832e-01,-0.004
1.03840e-01,-0.004
1.03848e-01,0.004
1.03856e-01,-0.002
1.03864e-01,-0.006
1.03872e-01,0
1.03880e-01,-0.002
1.03888e-01,0.004
1.03896e-01,0
1.03904e-01,-0.004
1.03912e-01,-0.006
1.03920e-01,-0.002
1.03928e-01,0.004
1.03936e-01,-0.002
1.03944e-01,-0.006
1.03952e-01,-0.004
1.03960e-01,0.004
1.03968e-01,0.004
1.03976e-01,0.002
1.03984e-01,-0.006
1.03992e-01,-0.004
1.04000e-01,0.004
1.04008e-01,0.004
1.04016e-01,0.002
1.04024e-01,0.004
1.04032e-01,-0.008
1.04040e-01,0
1.04048e-01,0.004
1.04056e-01,-0.002
1.04064e-01,-0.006
1.04072e-01,-0.004
1.04080e-01,0.002
1.04088e-01,0.004
1.04096e-01,-0.002
1.04104e-01,-0.002
1.04112e-01,-0.004
1.04120e-01,-0.002
1.04128e-01,0.006
1.04136e-01,0
1.04144e-01,-0.004
1.04152e-01,0.002
1.04160e-01,0.002
1.04168e-01,-0.002
1.04176e-01,0
1.04184e-01,-0.004
1.04192e-01,-0.004
1.04200e-01,-0.004
1.04208e-01,0.002
1.04216e-01,0.004
1.04224e-01,-0.002
1.04232e-01,-0.008
1.04240e-01,0.002
1.04248e-01,0.004
1.04256e-01,-0.004
1.04264e-01,0
1.04272e-01,-0.002
1.04280e-01,-0.004
1.04288e-01,-0.002
1.04296e-01,-0.004
1.04304e-01,-0.006
1.04312e-01,-0.002
1.04320e-01,0
1.04328e-01,0
1.04336e-01,-0.002
1.04344e-01,-0.004
1.04352e-01,-0.004
1.04360e-01,0
1.04368e-01,0.002
1.04376e-01,-0.002
1.04384e-01,-0.002
1.04392e-01,-0.004
1.04400e-01,0.004
1.04408e-01,-0.004
1.04416e-01,-0.002
1.04424e-01,-0.002
1.04432e-01,0
1.04440e-01,0.002
1.04448e-01,-0.006
1.04456e-01,-0.002
1.04464e-01,-0.004
1.04472e-01,0.002
1.04480e-01,0
1.04488e-01,-0.002
1.04496e-01,-0.008
1.04504e-01,0
1.04512e-01,0.002
1.04520e-01,0.004
1.04528e-01,-0.002
1.04536e-01,-0.004
1.04544e-01,0.002
1.04552e-01,0
1.04560e-01,-0.002
1.04568e-01,0
1.04576e-01,0
1.04584e-01,-0.002
1.04592e-01,-0.004
1.04600e-01,0.002
1.04608e-01,0
1.04616e-01,-0.006
1.04624e-01,-0.006
1.04632e-01,0.004
1.04640e-01,-0.006
1.04648e-01,-0.006
1.04656e-01,-0.002
1.04664e-01,0.002
1.04672e-01,0.004
1.04680e-01,-0.002
1.04688e-01,0.002
1.04696e-01,-0.006
1.04704e-01,-0.002
1.04712e-01,-0.002
1.04720e-01,0
1.04728e-01,-0.004
1.04736e-01,0
1.04744e-01,-0.002
1.04752e-01,-0.004
1.04760e-01,0
1.04768e-01,0
1.04776e-01,-0.006
1.04784e-01,0.004
1.04792e-01,-0.006
1.04800e-01,-0.006
1.04808e-01,0
1.04816e-01,-0.002
1.04824e-01,-0.006
1.04832e-01,-0.004
1.04840e-01,-0.006
1.04848e-01,-0.004
1.04856e-01,-0.004
1.04864e-01,0.002
1.04872e-01,0.002
1.04880e-01,0.02
1.04888e-01,0.012
1.04896e-01,0.016
1.04904e-01,0.01
1.04912e-01,0.022
1.04920e-01,0.026
1.04928e-01,0.022
1.04936e-01,0.03
1.04944e-01,0.026
1.04952e-01,0.03
1.04960e-01,0.024
1.04968e-01,0.024
1.04976e-01,0.014
1.04984e-01,0.016
1.04992e-01,0.014
1.05000e-01,0.012
1.05008e-01,0.014
1.05016e-01,0.006
1.05024e-01,0.014
1.05032e-01,0.01
1.05040e-01,0.006
1.05048e-01,0.008
1.05056e-01,0.008
1.05064e-01,0.008
1.05072e-01,0.012
1.05080e-01,0.012
1.05088e-01,0.006
1.05096e-01,0.012
1.05104e-01,0.008
1.05112e-01,0.01
1.05120e-01,0.01
1.05128e-01,0.012
1.05136e-01,0.012
1.05144e-01,0.012
1.05152e-01,0.012
1.05160e-01,0.01
1.05168e-01,0.012
1.05176e-01,0.014
1.05184e-01,0.012
1.05192e-01,0.01
1.05200e-01,0.006
1.05208e-01,0.008
1.05216e-01,0.008
1.05224e-01,0.004
1.05232e-01,0.006
1.05240e-01,0.004
1.05248e-01,0.004
1.05256e-01,0.002
1.05264e-01,0
1.05272e-01,0.002
1.05280e-01,0.004
1.05288e-01,0.002
1.05296e-01,0.006
1.05304e-01,-0.002
1.05312e-01,0.002
1.05320e-01,-0.002
1.05328e-01,-0.002
1.05336e-01,0
1.05344e-01,0.002
1.05352e-01,0.006
1.05360e-01,-0.002
1.05368e-01,0.002
1.05376e-01,0.002
1.05384e-01,0.002
1.05392e-01,0.004
1.05400e-01,0
1.05408e-01,0.004
1.05416e-01,0.044
1.05424e-01,0.078
1.05432e-01,0.104
1.05440e-01,0.084
1.05448e-01,0.07
1.05456e-01,0.052
1.05464e-01,0.04
1.05472e-01,0.03
1.05480e-01,0.026
1.05488e-01,0.024
1.05496e-01,0.012
1.05504e-01,0.008
1.05512e-01,0.008
1.05520e-01,0.008
1.05528e-01,0.01
1.05536e-01,0.006
1.05544e-01,0.008
1.05552e-01,-0.002
1.05560e-01,0.002
1.05568e-01,0.002
1.05576e-01,-0.002
1.05584e-01,0
1.05592e-01,-0.004
1.05600e-01,0.004
1.05608e-01,0.002
1.05616e-01,-0.006
1.05624e-01,-0.002
1.05632e-01,-0.002
1.05640e-01,0.002
1.05648e-01,0
1.05656e-01,-0.006
1.05664e-01,-0.004
1.05672e-01,0.002
1.05680e-01,0.002
1.05688e-01,-0.002
1.05696e-01,-0.008
1.05704e-01,0.002
1.05712e-01,0
1.05720e-01,0
1.05728e-01,0
1.05736e-01,0
1.05744e-01,-0.002
1.05752e-01,-0.002
1.05760e-01,-0.004
1.05768e-01,0.006
1.05776e-01,0
1.05784e-01,-0.006
1.05792e-01,-0.002
1.05800e-01,0
1.05808e-01,0.002
1.05816e-01,-0.002
1.05824e-01,0
1.05832e-01,0.006
1.05840e-01,0
1.05848e-01,0
1.05856e-01,-0.004
1.05864e-01,0
1.05872e-01,0
1.05880e-01,0.002
1.05888e-01,-0.006
1.05896e-01,0
1.05904e-01,0.002
1.05912e-01,-0.004
1.05920e-01,-0.004
1.05928e-01,0.002
1.05936e-01,0
1.05944e-01,0.004
1.05952e-01,0
1.05960e-01,0.004
1.05968e-01,-0.004
1.05976e-01,-0.004
1.05984e-01,0.002
1.05992e-01,-0.002
1.06000e-01,0
1.06008e-01,-0.002
1.06016e-01,0.002
1.06024e-01,0.006
1.06032e-01,0
1.06040e-01,-0.002
1.06048e-01,-0.01
1.06056e-01,-0.002
1.06064e-01,-0.002
1.06072e-01,-0.002
1.06080e-01,-0.004
1.06088e-01,0.002
1.06096e-01,-0.004
1.06104e-01,-0.002
1.06112e-01,-0.006
1.06120e-01,0.002
1.06128e-01,-0.004
1.06136e-01,-0.004
1.06144e-01,0
1.06152e-01,0.002
1.06160e-01,-0.004
1.06168e-01,0
1.06176e-01,0
1.06184e-01,0.002
1.06192e-01,-0.002
1.06200e-01,-0.002
1.06208e-01,0.002
1.06216e-01,-0.002
1.06224e-01,0.002
1.06232e-01,-0.006
1.06240e-01,0.002
1.06248e-01,-0.002
1.06256e-01,0
1.06264e-01,0
1.06272e-01,-0.004
1.06280e-01,-0.002
1.06288e-01,0.004
1.06296e-01,0.006
1.06304e-01,-0.002
1.06312e-01,-0.004
1.06320e-01,0
1.06328e-01,0
1.06336e-01,0.004
1.06344e-01,-0.002
1.06352e-01,0.004
1.06360e-01,0
1.06368e-01,0.002
1.06376e-01,0.004
1.06384e-01,0
1.06392e-01,0.002
1.06400e-01,-0.004
1.06408e-01,0
1.06416e-01,0.002
1.06424e-01,0
1.06432e-01,0.004
1.06440e-01,-0.002
1.06448e-01,0.004
1.06456e-01,-0.002
1.06464e-01,-0.002
1.06472e-01,0
1.06480e-01,0
1.06488e-01,0
1.06496e-01,-0.002
1.06504e-01,-0.002
1.06512e-01,-0.004
1.06520e-01,0
1.06528e-01,-0.006
1.06536e-01,0.006
1.06544e-01,0.002
1.06552e-01,0.002
1.06560e-01,0
1.06568e-01,0.002
1.06576e-01,-0.004
1.06584e-01,-0.002
1.06592e-01,-0.004
1.06600e-01,0
1.06608e-01,0.006
1.06616e-01,-0.002
1.06624e-01,-0.006
1.06632e-01,0
1.06640e-01,0
1.06648e-01,-0.006
1.06656e-01,-0.004
1.06664e-01,-0.002
1.06672e-01,-0.004
1.06680e-01,0
1.06688e-01,-0.002
1.06696e-01,0.002
1.06704e-01,-0.002
1.06712e-01,0
1.06720e-01,0.002
1.06728e-01,0
1.06736e-01,-0.002
1.06744e-01,0.002
1.06752e-01,0
1.06760e-01,0.002
1.06768e-01,0.004
1.06776e-01,-0.002
1.06784e-01,-0.004
1.06792e-01,0.002
1.06800e-01,0.004
1.06808e-01,0
1.06816e-01,-0.002
1.06824e-01,0.002
1.06832e-01,-0.002
1.06840e-01,-0.006
1.06848e-01,0
1.06856e-01,-0.002
1.06864e-01,0
1.06872e-01,-0.006
1.06880e-01,-0.002
1.06888e-01,-0.006
1.06896e-01,-0.002
1.06904e-01,-0.002
1.06912e-01,0
1.06920e-01,-0.002
1.06928e-01,0
1.06936e-01,0.002
1.06944e-01,0.002
1.06952e-01,-0.004
1.06960e-01,-0.002
1.06968e-01,0.002
1.06976e-01,0.002
1.06984e-01,0
1.06992e-01,-0.006
1.07000e-01,0.002
1.07008e-01,-0.002
1.07016e-01,0
1.07024e-01,-0.004
1.07032e-01,0
1.07040e-01,0.002
1.07048e-01,0
1.07056e-01,0
1.07064e-01,-0.002
1.07072e-01,0.002
1.07080e-01,0.002
1.07088e-01,0.002
1.07096e-01,0
1.07104e-01,0.002
1.07112e-01,0
1.07120e-01,0.004
1.07128e-01,0
1.07136e-01,-0.002
1.07144e-01,-0.002
1.07152e-01,-0.002
1.07160e-01,-0.002
1.07168e-01,0
1.07176e-01,0.002
1.07184e-01,-0.006
1.07192e-01,0
1.07200e-01,0.002
1.07208e-01,-0.002
1.07216e-01,-0.004
1.07224e-01,0
1.07232e-01,-0.004
1.07240e-01,-0.002
1.07248e-01,-0.006
1.07256e-01,0
1.07264e-01,0.002
1.07272e-01,-0.004
1.07280e-01,0
1.07288e-01,-0.004
1.07296e-01,-0.002
1.07304e-01,0.002
1.07312e-01,0.002
1.07320e-01,0
1.07328e-01,-0.006
1.07336e-01,-0.002
1.07344e-01,0.002
1.07352e-01,0.002
1.07360e-01,-0.002
1.07368e-01,-0.006
1.07376e-01,-0.01
1.07384e-01,0
1.07392e-01,0.002
1.07400e-01,-0.004
1.07408e-01,0
1.07416e-01,0
1.07424e-01,-0.004
1.07432e-01,0.002
1.07440e-01,0.002
1.07448e-01,-0.01
1.07456e-01,0
1.07464e-01,-0.002
1.07472e-01,0.002
1.07480e-01,0
1.07488e-01,-0.002
1.07496e-01,-0.002
1.07504e-01,-0.002
1.07512e-01,0.002
1.07520e-01,-0.002
1.07528e-01,-0.002
1.07536e-01,-0.002
1.07544e-01,0
1.07552e-01,0
1.07560e-01,-0.004
1.07568e-01,-0.004
1.07576e-01,-0.006
1.07584e-01,0.002
1.07592e-01,-0.004
1.07600e-01,0.002
1.07608e-01,0
1.07616e-01,0
1.07624e-01,0
1.07632e-01,0
1.07640e-01,-0.004
1.07648e-01,-0.002
1.07656e-01,-0.002
1.07664e-01,0
1.07672e-01,-0.002
1.07680e-01,0.002
1.07688e-01,0.002
1.07696e-01,0
1.07704e-01,-0.004
1.07712e-01,0.004
1.07720e-01,0.004
1.07728e-01,0.002
1.07736e-01,-0.006
1.07744e-01,-0.004
1.07752e-01,0.004
1.07760e-01,0
1.07768e-01,0.002
1.07776e-01,-0.002
1.07784e-01,-0.004
1.07792e-01,-0.002
1.07800e-01,0.002
1.07808e-01,0.002
1.07816e-01,-0.01
1.07824e-01,0.004
1.07832e-01,0.002
1.07840e-01,-0.002
1.07848e-01,0.002
1.07856e-01,-0.002
1.07864e-01,0.004
1.07872e-01,0
1.07880e-01,0
1.07888e-01,-0.002
1.07896e-01,0.002
1.07904e-01,-0.002
1.07912e-01,-0.004
1.07920e-01,0.006
1.07928e-01,-0.004
1.07936e-01,0
1.07944e-01,0
1.07952e-01,-0.002
1.07960e-01,0
1.07968e-01,-0.008
1.07976e-01,0.002
1.07984e-01,0.002
1.07992e-01,0.006
1.08000e-01,0
1.08008e-01,-0.002
1.08016e-01,-0.002
1.08024e-01,0.004
1.08032e-01,-0.01
1.08040e-01,0
1.08048e-01,0
1.08056e-01,0.006
1.08064e-01,0.002
1.08072e-01,-0.004
1.08080e-01,-0.002
1.08088e-01,-0.002
1.08096e-01,0
1.08104e-01,-0.004
1.08112e-01,0.002
1.08120e-01,0
1.08128e-01,0.004
1.08136e-01,-0.002
1.08144e-01,0
1.08152e-01,0.002
1.08160e-01,-0.002
1.08168e-01,0.002
1.08176e-01,0
1.08184e-01,-0.002
1.08192e-01,0.006
1.08200e-01,0.004
1.08208e-01,-0.002
1.08216e-01,0.002
1.08224e-01,-0.002
1.08232e-01,0
1.08240e-01,0.002
1.08248e-01,0
1.08256e-01,-0.002
1.08264e-01,-0.004
1.08272e-01,-0.006
1.08280e-01,0.002
1.08288e-01,0
1.08296e-01,-0.004
1.08304e-01,-0.004
1.08312e-01,-0.002
1.08320e-01,0.002
1.08328e-01,0
1.08336e-01,-0.004
1.08344e-01,0
1.08352e-01,0
1.08360e-01,0
1.08368e-01,0.002
1.08376e-01,0.006
1.08384e-01,-0.002
1.08392e-01,-0.004
1.08400e-01,0.002
1.08408e-01,0.002
1.08416e-01,-0.006
1.08424e-01,-0.002
1.08432e-01,0.006
1.08440e-01,0.004
1.08448e-01,-0.004
1.08456e-01,-0.004
1.08464e-01,-0.002
1.08472e-01,0.002
1.08480e-01,0.002
1.08488e-01,-0.004
1.08496e-01,-0.004
1.08504e-01,0.002
1.08512e-01,0.002
1.08520e-01,-0.002
1.08528e-01,0
1.08536e-01,-0.002
1.08544e-01,-0.006
1.08552e-01,-0.006
1.08560e-01,0.002
1.08568e-01,0.004
1.08576e-01,-0.004
1.08584e-01,-0.002
1.08592e-01,-0.004
1.08600e-01,-0.002
1.08608e-01,-0.002
1.08616e-01,-0.002
1.08624e-01,0.002
1.08632e-01,-0.002
1.08640e-01,-0.002
1.08648e-01,-0.002
1.08656e-01,-0.002
1.08664e-01,0
1.08672e-01,-0.002
1.08680e-01,0
1.08688e-01,0
1.08696e-01,-0.004
1.08704e-01,-0.002
1.08712e-01,0.002
1.08720e-01,0.004
1.08728e-01,-0.004
1.08736e-01,-0.004
1.08744e-01,-0.002
1.08752e-01,0.004
1.08760e-01,0
1.08768e-01,0
1.08776e-01,0
1.08784e-01,0.004
1.08792e-01,0
1.08800e-01,-0.004
1.08808e-01,0
1.08816e-01,-0.002
1.08824e-01,-0.002
1.08832e-01,-0.002
1.08840e-01,0
1.08848e-01,0
1.08856e-01,-0.002
1.08864e-01,0.002
1.08872e-01,-0.004
1.08880e-01,-0.004
1.08888e-01,-0.004
1.08896e-01,-0.004
1.08904e-01,0
1.08912e-01,-0.002
1.08920e-01,-0.006
1.08928e-01,0.002
1.08936e-01,0.002
1.08944e-01,0
1.08952e-01,0
1.08960e-01,0.004
1.08968e-01,0.002
1.08976e-01,-0.004
1.08984e-01,0
1.08992e-01,-0.002
1.09000e-01,0.002
1.09008e-01,-0.004
1.09016e-01,0
1.09024e-01,-0.002
1.09032e-01,-0.004
1.09040e-01,0
1.09048e-01,0
1.09056e-01,0.004
1.09064e-01,-0.004
1.09072e-01,-0.002
1.09080e-01,-0.004
1.09088e-01,0
1.09096e-01,0
1.09104e-01,0.006
1.09112e-01,-0.006
1.09120e-01,-0.002
1.09128e-01,0.002
1.09136e-01,0
1.09144e-01,-0.002
1.09152e-01,-0.004
1.09160e-01,0
1.09168e-01,0.002
1.09176e-01,-0.002
1.09184e-01,-0.008
1.09192e-01,-0.002
1.09200e-01,-0.002
1.09208e-01,-0.002
1.09216e-01,0
1.09224e-01,-0.004
1.09232e-01,-0.002
1.09240e-01,0.002
1.09248e-01,0.002
1.09256e-01,-0.006
1.09264e-01,-0.004
1.09272e-01,0.002
1.09280e-01,-0.002
1.09288e-01,-0.002
1.09296e-01,0
1.09304e-01,0.004
1.09312e-01,0.002
1.09320e-01,-0.002
1.09328e-01,0.002
1.09336e-01,0.004
1.09344e-01,-0.004
1.09352e-01,-0.002
1.09360e-01,-0.004
1.09368e-01,-0.006
1.09376e-01,-0.006
1.09384e-01,-0.004
1.09392e-01,0
1.09400e-01,-0.002
1.09408e-01,0.006
1.09416e-01,0
1.09424e-01,-0.004
1.09432e-01,-0.002
1.09440e-01,-0.004
1.09448e-01,-0.002
1.09456e-01,-0.002
1.09464e-01,-0.002
1.09472e-01,0
1.09480e-01,-0.002
1.09488e-01,-0.002
1.09496e-01,-0.006
1.09504e-01,-0.002
1.09512e-01,0.002
1.09520e-01,0.002
1.09528e-01,-0.004
1.09536e-01,0.002
1.09544e-01,0.002
1.09552e-01,-0.008
1.09560e-01,0
1.09568e-01,-0.004
1.09576e-01,-0.004
1.09584e-01,0.002
1.09592e-01,-0.002
1.09600e-01,-0.002
1.09608e-01,-0.002
1.09616e-01,-0.006
1.09624e-01,-0.002
1.09632e-01,-0.004
1.09640e-01,-0.002
1.09648e-01,-0.006
1.09656e-01,0
1.09664e-01,0
1.09672e-01,0
1.09680e-01,-0.002
1.09688e-01,0.002
1.09696e-01,-0.002
1.09704e-01,0
1.09712e-01,0
1.09720e-01,-0.008
1.09728e-01,-0.004
1.09736e-01,0
1.09744e-01,-0.002
1.09752e-01,-0.004
1.09760e-01,0
1.09768e-01,0.002
1.09776e-01,-0.002
1.09784e-01,0
1.09792e-01,0.002
1.09800e-01,-0.002
1.09808e-01,0
1.09816e-01,-0.002
1.09824e-01,0
1.09832e-01,-0.004
1.09840e-01,-0.004
1.09848e-01,0.006
1.09856e-01,-0.002
1.09864e-01,-0.002
1.09872e-01,-0.004
1.09880e-01,0.002
1.09888e-01,0.002
1.09896e-01,0.002
1.09904e-01,-0.004
1.09912e-01,0.002
1.09920e-01,0
1.09928e-01,0.004
1.09936e-01,-0.004
1.09944e-01,-0.004
1.09952e-01,0
1.09960e-01,0.002
1.09968e-01,0
1.09976e-01,-0.002
1.09984e-01,0
1.09992e-01,0
1.10000e-01,0
1.10008e-01,0
1.10016e-01,0.002
1.10024e-01,-0.002
1.10032e-01,0
1.10040e-01,0.002
1.10048e-01,-0.004
1.10056e-01,0.002
1.10064e-01,-0.002
1.10072e-01,-0.006
1.10080e-01,-0.002
1.10088e-01,-0.004
1.10096e-01,0
1.10104e-01,0.004
1.10112e-01,-0.002
1.10120e-01,-0.004
1.10128e-01,0.002
1.10136e-01,0
1.10144e-01,0
1.10152e-01,-0.002
1.10160e-01,-0.002
1.10168e-01,-0.002
1.10176e-01,-0.002
1.10184e-01,0.002
1.10192e-01,-0.008
1.10200e-01,0.002
1.10208e-01,0
1.10216e-01,-0.002
1.10224e-01,0.002
1.10232e-01,-0.006
1.10240e-01,-0.002
1.10248e-01,0
1.10256e-01,0.002
1.10264e-01,0
1.10272e-01,-0.004
1.10280e-01,0
1.10288e-01,0
1.10296e-01,-0.002
1.10304e-01,-0.004
1.10312e-01,0.004
1.10320e-01,-0.006
1.10328e-01,0
1.10336e-01,0.004
1.10344e-01,-0.004
1.10352e-01,-0.004
1.10360e-01,0
1.10368e-01,-0.004
1.10376e-01,-0.004
1.10384e-01,0
1.10392e-01,-0.004
1.10400e-01,-0.004
1.10408e-01,-0.006
1.10416e-01,-0.004
1.10424e-01,0
1.10432e-01,0.002
1.10440e-01,-0.006
1.10448e-01,0.002
1.10456e-01,0.004
1.10464e-01,-0.002
1.10472e-01,0
1.10480e-01,-0.002
1.10488e-01,-0.002
1.10496e-01,0
1.10504e-01,-0.002
1.10512e-01,-0.004
1.10520e-01,-0.002
1.10528e-01,-0.004
1.10536e-01,-0.008
1.10544e-01,0
1.10552e-01,-0.004
1.10560e-01,-0.002
1.10568e-01,-0.004
1.10576e-01,0
1.10584e-01,0.002
1.10592e-01,0.002
1.10600e-01,-0.002
1.10608e-01,0
1.10616e-01,0.002
1.10624e-01,-0.002
1.10632e-01,-0.002
1.10640e-01,0.002
1.10648e-01,-0.008
1.10656e-01,-0.002
1.10664e-01,0
1.10672e-01,0.002
1.10680e-01,0.004
1.10688e-01,0
1.10696e-01,-0.004
1.10704e-01,-0.004
1.10712e-01,0.004
1.10720e-01,0
1.10728e-01,0.002
1.10736e-01,0.002
1.10744e-01,-0.01
1.10752e-01,0.002
1.10760e-01,-0.002
1.10768e-01,-0.002
1.10776e-01,-0.002
1.10784e-01,-0.002
1.10792e-01,-0.004
1.10800e-01,-0.002
1.10808e-01,0
1.10816e-01,-0.006
1.10824e-01,-0.004
1.10832e-01,-0.002
1.10840e-01,-0.002
1.10848e-01,-0.004
1.10856e-01,0.004
1.10864e-01,0
1.10872e-01,-0.002
1.10880e-01,-0.002
1.10888e-01,-0.002
1.10896e-01,-0.002
1.10904e-01,0.002
1.10912e-01,0.004
1.10920e-01,-0.006
1.10928e-01,0.006
1.10936e-01,0
1.10944e-01,-0.002
1.10952e-01,0.004
1.10960e-01,-0.002
1.10968e-01,0
1.10976e-01,-0.002
1.10984e-01,0
1.10992e-01,-0.002
1.11000e-01,-0.002
1.11008e-01,0
1.11016e-01,0
1.11024e-01,-0.004
1.11032e-01,-0.004
1.11040e-01,-0.002
1.11048e-01,-0.004
1.11056e-01,0
1.11064e-01,-0.006
1.11072e-01,-0.002
1.11080e-01,0
1.11088e-01,-0.004
1.11096e-01,0
1.11104e-01,-0.004
1.11112e-01,-0.004
1.11120e-01,-0.002
1.11128e-01,0.002
1.11136e-01,-0.006
1.11144e-01,-0.002
1.11152e-01,0
1.11160e-01,-0.002
1.11168e-01,0.002
1.11176e-01,-0.008
1.11184e-01,0
1.11192e-01,-0.002
1.11200e-01,0
1.11208e-01,0
1.11216e-01,-0.006
1.11224e-01,0
1.11232e-01,-0.004
1.11240e-01,-0.004
1.11248e-01,-0.002
1.11256e-01,0
1.11264e-01,-0.002
1.11272e-01,0.004
1.11280e-01,0
1.11288e-01,0
1.11296e-01,0.002
1.11304e-01,0.004
1.11312e-01,0
1.11320e-01,-0.002
1.11328e-01,0
1.11336e-01,0.004
1.11344e-01,0.002
1.11352e-01,-0.004
1.11360e-01,-0.002
1.11368e-01,-0.002
1.11376e-01,-0.01
1.11384e-01,-0.002
1.11392e-01,-0.004
1.11400e-01,0
1.11408e-01,0.002
1.11416e-01,-0.006
1.11424e-01,-0.004
1.11432e-01,-0.002
1.11440e-01,-0.002
1.11448e-01,-0.004
1.11456e-01,-0.004
1.11464e-01,-0.002
1.11472e-01,-0.002
1.11480e-01,0.004
1.11488e-01,-0.002
1.11496e-01,0
1.11504e-01,-0.002
1.11512e-01,-0.006
1.11520e-01,0
1.11528e-01,-0.004
1.11536e-01,-0.002
1.11544e-01,-0.004
1.11552e-01,0
1.11560e-01,-0.004
1.11568e-01,-0.004
1.11576e-01,-0.006
1.11584e-01,0
1.11592e-01,-0.002
1.11600e-01,-0.002
1.11608e-01,-0.002
1.11616e-01,0
1.11624e-01,0
1.11632e-01,-0.004
1.11640e-01,0
1.11648e-01,0
1.11656e-01,-0.002
1.11664e-01,0
1.11672e-01,-0.002
1.11680e-01,-0.002
1.11688e-01,0.002
1.11696e-01,-0.002
1.11704e-01,-0.002
1.11712e-01,-0.002
1.11720e-01,0.002
1.11728e-01,-0.004
1.11736e-01,0
1.11744e-01,0
1.11752e-01,-0.006
1.11760e-01,-0.002
1.11768e-01,0.008
1.11776e-01,0
1.11784e-01,0
1.11792e-01,0.002
1.11800e-01,0.002
1.11808e-01,-0.002
1.11816e-01,-0.006
1.11824e-01,-0.002
1.11832e-01,-0.008
1.11840e-01,0.002
1.11848e-01,0.002
1.11856e-01,0.002
1.11864e-01,-0.006
1.11872e-01,-0.004
1.11880e-01,0.002
1.11888e-01,0.002
1.11896e-01,-0.004
1.11904e-01,-0.002
1.11912e-01,0.004
1.11920e-01,-0.002
1.11928e-01,-0.008
1.11936e-01,-0.002
1.11944e-01,0.002
1.11952e-01,-0.008
1.11960e-01,0
1.11968e-01,-0.002
1.11976e-01,-0.006
1.11984e-01,0
1.11992e-01,0.004
1.12000e-01,-0.006
1.12008e-01,0
1.12016e-01,-0.002
1.12024e-01,-0.006
1.12032e-01,0.002
1.12040e-01,0.002
1.12048e-01,-0.006
1.12056e-01,-0.008
1.12064e-01,-0.008
1.12072e-01,0.004
1.12080e-01,-0.008
1.12088e-01,-0.002
1.12096e-01,-0.002
1.12104e-01,0.002
1.12112e-01,0.006
1.12120e-01,0.002
1.12128e-01,-0.002
1.12136e-01,-0.008
1.12144e-01,-0.002
1.12152e-01,-0.006
1.12160e-01,-0.002
1.12168e-01,0.006
1.12176e-01,0
1.12184e-01,-0.004
1.12192e-01,0
1.12200e-01,0
1.12208e-01,-0.002
1.12216e-01,-0.002
1.12224e-01,-0.004
1.12232e-01,0.002
1.12240e-01,0
1.12248e-01,0
1.12256e-01,-0.008
1.12264e-01,-0.004
1.12272e-01,0.002
1.12280e-01,0.002
1.12288e-01,-0.004
1.12296e-01,-0.002
1.12304e-01,0
1.12312e-01,-0.004
1.12320e-01,0.002
1.12328e-01,0
1.12336e-01,-0.002
1.12344e-01,-0.008
1.12352e-01,0
1.12360e-01,-0.004
1.12368e-01,-0.004
1.12376e-01,0
1.12384e-01,-0.002
1.12392e-01,-0.004
1.12400e-01,0.004
1.12408e-01,0
1.12416e-01,-0.002
1.12424e-01,-0.006
1.12432e-01,-0.004
1.12440e-01,-0.002
1.12448e-01,-0.004
1.12456e-01,-0.006
1.12464e-01,-0.002
1.12472e-01,0
1.12480e-01,-0.002
1.12488e-01,0.002
1.12496e-01,0
1.12504e-01,-0.006
1.12512e-01,-0.002
1.12520e-01,0
1.12528e-01,0
1.12536e-01,0.002
1.12544e-01,0
1.12552e-01,-0.004
1.12560e-01,0
1.12568e-01,0
1.12576e-01,0.002
1.12584e-01,-0.002
1.12592e-01,0.002
1.12600e-01,-0.004
1.12608e-01,-0.004
1.12616e-01,0.002
1.12624e-01,0.002
1.12632e-01,-0.004
1.12640e-01,-0.002
1.12648e-01,-0.004
1.12656e-01,0.002
1.12664e-01,0
1.12672e-01,-0.006
1.12680e-01,-0.004
1.12688e-01,-0.008
1.12696e-01,0.002
1.12704e-01,-0.004
1.12712e-01,0
1.12720e-01,-0.008
1.12728e-01,-0.004
1.12736e-01,-0.002
1.12744e-01,-0.004
1.12752e-01,0.002
1.12760e-01,-0.004
1.12768e-01,-0.002
1.12776e-01,0
1.12784e-01,-0.002
1.12792e-01,0
1.12800e-01,-0.006
1.12808e-01,-0.002
1.12816e-01,0
1.12824e-01,-0.002
1.12832e-01,-0.008
1.12840e-01,-0.004
1.12848e-01,-0.002
1.12856e-01,-0.002
1.12864e-01,-0.004
1.12872e-01,-0.002
1.12880e-01,-0.006
1.12888e-01,0
1.12896e-01,0.006
1.12904e-01,-0.004
1.12912e-01,-0.002
1.12920e-01,-0.006
1.12928e-01,-0.004
1.12936e-01,-0.004
1.12944e-01,-0.006
1.12952e-01,-0.002
1.12960e-01,-0.004
1.12968e-01,-0.004
1.12976e-01,-0.002
1.12984e-01,0
1.12992e-01,-0.002
1.13000e-01,-0.008
1.13008e-01,-0.006
1.13016e-01,0.002
1.13024e-01,-0.008
1.13032e-01,-0.006
1.13040e-01,-0.004
1.13048e-01,0
1.13056e-01,0.002
1.13064e-01,0
1.13072e-01,-0.002
1.13080e-01,0.002
1.13088e-01,0
1.13096e-01,0
1.13104e-01,0
1.13112e-01,-0.004
1.13120e-01,-0.006
1.13128e-01,-0.004
1.13136e-01,-0.002
1.13144e-01,0.002
1.13152e-01,-0.006
1.13160e-01,-0.004
1.13168e-01,-0.006
1.13176e-01,-0.002
1.13184e-01,0
1.13192e-01,-0.004
1.13200e-01,-0.004
1.13208e-01,-0.006
1.13216e-01,0.004
1.13224e-01,-0.002
1.13232e-01,-0.002
1.13240e-01,0
1.13248e-01,-0.006
1.13256e-01,0
1.13264e-01,-0.002
1.13272e-01,-0.01
1.13280e-01,-0.004
1.13288e-01,0.002
1.13296e-01,-0.002
1.13304e-01,-0.008
1.13312e-01,-0.002
1.13320e-01,-0.002
1.13328e-01,-0.002
1.13336e-01,-0.004
1.13344e-01,0.002
1.13352e-01,-0.002
1.13360e-01,-0.002
1.13368e-01,0.002
1.13376e-01,-0.004
1.13384e-01,-0.004
1.13392e-01,0
1.13400e-01,0
1.13408e-01,-0.002
1.13416e-01,0
1.13424e-01,-0.004
1.13432e-01,-0.004
1.13440e-01,0
1.13448e-01,0
1.13456e-01,-0.002
1.13464e-01,0
1.13472e-01,0
1.13480e-01,0.002
1.13488e-01,0.002
1.13496e-01,0.002
1.13504e-01,-0.002
1.13512e-01,0
1.13520e-01,0
1.13528e-01,-0.002
1.13536e-01,-0.002
1.13544e-01,-0.002
1.13552e-01,0
1.13560e-01,-0.002
1.13568e-01,-0.002
1.13576e-01,0
1.13584e-01,-0.004
1.13592e-01,-0.006
1.13600e-01,-0.004
1.13608e-01,0
1.13616e-01,-0.002
1.13624e-01,-0.006
1.13632e-01,0
1.13640e-01,-0.004
1.13648e-01,0
1.13656e-01,-0.006
1.13664e-01,0
1.13672e-01,-0.004
1.13680e-01,0
1.13688e-01,-0.002
1.13696e-01,-0.002
1.13704e-01,-0.006
1.13712e-01,0
1.13720e-01,0.002
1.13728e-01,0.002
1.13736e-01,-0.004
1.13744e-01,-0.002
1.13752e-01,-0.002
1.13760e-01,0.002
1.13768e-01,0
1.13776e-01,-0.006
1.13784e-01,-0.006
1.13792e-01,-0.002
1.13800e-01,-0.004
1.13808e-01,-0.004
1.13816e-01,-0.002
1.13824e-01,-0.006
1.13832e-01,-0.002
1.13840e-01,0
1.13848e-01,-0.004
1.13856e-01,0
1.13864e-01,-0.002
1.13872e-01,0.008
1.13880e-01,0
1.13888e-01,-0.004
1.13896e-01,0.002
1.13904e-01,-0.004
1.13912e-01,-0.002
1.13920e-01,-0.008
1.13928e-01,-0.002
1.13936e-01,-0.004
1.13944e-01,-0.004
1.13952e-01,-0.004
1.13960e-01,-0.006
1.13968e-01,0.002
1.13976e-01,-0.002
1.13984e-01,-0.002
1.13992e-01,0
1.14000e-01,-0.006
1.14008e-01,0.002
1.14016e-01,-0.002
1.14024e-01,-0.006
1.14032e-01,-0.008
1.14040e-01,-0.002
1.14048e-01,0
1.14056e-01,0
1.14064e-01,0.004
1.14072e-01,-0.002
1.14080e-01,0.002
1.14088e-01,-0.01
1.14096e-01,-0.004
1.14104e-01,-0.006
1.14112e-01,-0.008
1.14120e-01,0
1.14128e-01,-0.002
1.14136e-01,-0.004
1.14144e-01,0
1.14152e-01,-0.004
1.14160e-01,-0.002
1.14168e-01,0
1.14176e-01,0
1.14184e-01,-0.004
1.14192e-01,-0.002
1.14200e-01,-0.004
1.14208e-01,-0.006
1.14216e-01,-0.008
1.14224e-01,-0.004
1.14232e-01,0
1.14240e-01,-0.002
1.14248e-01,-0.004
1.14256e-01,-0.004
1.14264e-01,-0.004
1.14272e-01,-0.006
1.14280e-01,-0.002
1.14288e-01,-0.002
1.14296e-01,0
1.14304e-01,-0.004
1.14312e-01,-0.004
1.14320e-01,0.002
1.14328e-01,0.004
1.14336e-01,-0.002
1.14344e-01,-0.008
1.14352e-01,-0.004
1.14360e-01,0
1.14368e-01,-0.008
1.14376e-01,-0.004
1.14384e-01,-0.002
1.14392e-01,-0.002
1.14400e-01,-0.002
1.14408e-01,-0.002
1.14416e-01,0.002
1.14424e-01,-0.002
1.14432e-01,-0.004
1.14440e-01,0
1.14448e-01,-0.004
1.14456e-01,-0.002
1.14464e-01,0.002
1.14472e-01,-0.002
1.14480e-01,0
1.14488e-01,0
1.14496e-01,-0.004
1.14504e-01,-0.002
1.14512e-01,-0.006
1.14520e-01,0
1.14528e-01,-0.006
1.14536e-01,-0.002
1.14544e-01,-0.004
1.14552e-01,0
1.14560e-01,0.004
1.14568e-01,-0.006
1.14576e-01,-0.004
1.14584e-01,0
1.14592e-01,-0.002
1.14600e-01,0.002
1.14608e-01,-0.008
1.14616e-01,-0.004
1.14624e-01,-0.004
1.14632e-01,-0.002
1.14640e-01,0
1.14648e-01,-0.004
1.14656e-01,-0.006
1.14664e-01,-0.002
1.14672e-01,0
1.14680e-01,-0.002
1.14688e-01,0.002
1.14696e-01,-0.004
1.14704e-01,-0.004
1.14712e-01,-0.002
1.14720e-01,0
1.14728e-01,0.002
1.14736e-01,-0.006
1.14744e-01,0
1.14752e-01,-0.002
1.14760e-01,0
1.14768e-01,-0.004
1.14776e-01,-0.002
1.14784e-01,-0.004
1.14792e-01,-0.004
1.14800e-01,-0.006
1.14808e-01,-0.002
1.14816e-01,-0.004
1.14824e-01,-0.004
1.14832e-01,-0.006
1.14840e-01,0
1.14848e-01,-0.008
1.14856e-01,-0.008
1.14864e-01,-0.004
1.14872e-01,-0.002
1.14880e-01,-0.002
1.14888e-01,-0.008
1.14896e-01,-0.004
1.14904e-01,-0.004
1.14912e-01,-0.004
1.14920e-01,0
1.14928e-01,-0.004
1.14936e-01,-0.002
1.14944e-01,0.002
1.14952e-01,0
1.14960e-01,-0.002
1.14968e-01,-0.002
1.14976e-01,-0.004
1.14984e-01,-0.006
1.14992e-01,0
1.15000e-01,-0.008
1.15008e-01,-0.002
1.15016e-01,0
1.15024e-01,-0.006
1.15032e-01,-0.002
1.15040e-01,0.002
1.15048e-01,-0.006
1.15056e-01,-0.004
1.15064e-01,-0.002
1.15072e-01,-0.004
1.15080e-01,-0.002
1.15088e-01,-0.004
1.15096e-01,0.002
1.15104e-01,-0.006
1.15112e-01,-0.004
1.15120e-01,-0.002
1.15128e-01,-0.004
1.15136e-01,-0.002
1.15144e-01,-0.002
1.15152e-01,-0.004
1.15160e-01,-0.002
1.15168e-01,0.002
1.15176e-01,-0.002
1.15184e-01,-0.008
1.15192e-01,-0.006
1.15200e-01,0
1.15208e-01,-0.004
1.15216e-01,0
1.15224e-01,0
1.15232e-01,-0.004
1.15240e-01,0
1.15248e-01,0.004
1.15256e-01,0
1.15264e-01,-0.006
1.15272e-01,-0.004
1.15280e-01,-0.002
1.15288e-01,0.006
1.15296e-01,-0.002
1.15304e-01,0
1.15312e-01,-0.002
1.15320e-01,-0.004
1.15328e-01,0.006
1.15336e-01,0
1.15344e-01,-0.004
1.15352e-01,-0.002
1.15360e-01,-0.006
1.15368e-01,0
1.15376e-01,-0.002
1.15384e-01,-0.004
1.15392e-01,-0.006
1.15400e-01,-0.002
1.15408e-01,-0.004
1.15416e-01,-0.004
1.15424e-01,0.002
1.15432e-01,-0.004
1.15440e-01,-0.004
1.15448e-01,-0.006
1.15456e-01,-0.002
1.15464e-01,0.002
1.15472e-01,-0.006
1.15480e-01,-0.008
1.15488e-01,-0.002
1.15496e-01,0.004
1.15504e-01,0
1.15512e-01,-0.002
1.15520e-01,-0.004
1.15528e-01,-0.004
1.15536e-01,-0.004
1.15544e-01,0
1.15552e-01,-0.004
1.15560e-01,-0.004
1.15568e-01,0
1.15576e-01,-0.002
1.15584e-01,0
1.15592e-01,-0.002
1.15600e-01,-0.002
1.15608e-01,-0.01
1.15616e-01,-0.002
1.15624e-01,-0.004
1.15632e-01,0
1.15640e-01,-0.002
1.15648e-01,-0.002
1.15656e-01,-0.002
1.15664e-01,-0.004
1.15672e-01,-0.006
1.15680e-01,0
1.15688e-01,-0.002
1.15696e-01,-0.004
1.15704e-01,0
1.15712e-01,-0.002
1.15720e-01,-0.002
1.15728e-01,-0.004
1.15736e-01,-0.002
1.15744e-01,-0.002
1.15752e-01,0
1.15760e-01,-0.004
1.15768e-01,-0.004
1.15776e-01,-0.006
1.15784e-01,-0.004
1.15792e-01,-0.002
1.15800e-01,-0.002
1.15808e-01,-0.002
1.15816e-01,0.002
1.15824e-01,-0.002
1.15832e-01,-0.004
1.15840e-01,-0.002
1.15848e-01,-0.002
1.15856e-01,-0.004
1.15864e-01,0
1.15872e-01,0
1.15880e-01,-0.008
1.15888e-01,-0.004
1.15896e-01,0
1.15904e-01,-0.002
1.15912e-01,-0.004
1.15920e-01,-0.006
1.15928e-01,-0.002
1.15936e-01,0
1.15944e-01,-0.006
1.15952e-01,-0.004
1.15960e-01,-0.006
1.15968e-01,0.002
1.15976e-01,-0.002
1.15984e-01,-0.01
1.15992e-01,-0.006
1.16000e-01,0
1.16008e-01,-0.002
1.16016e-01,-0.002
1.16024e-01,-0.008
1.16032e-01,-0.006
1.16040e-01,0.002
1.16048e-01,-0.002
1.16056e-01,-0.004
1.16064e-01,-0.01
1.16072e-01,-0.002
1.16080e-01,0
1.16088e-01,0
1.16096e-01,-0.006
1.16104e-01,-0.002
1.16112e-01,0
1.16120e-01,-0.008
1.16128e-01,-0.006
1.16136e-01,-0.002
1.16144e-01,-0.002
1.16152e-01,-0.004
1.16160e-01,-0.006
1.16168e-01,-0.004
1.16176e-01,-0.004
1.16184e-01,0.002
1.16192e-01,0.004
1.16200e-01,-0.002
1.16208e-01,-0.004
1.16216e-01,0.002
1.16224e-01,-0.002
1.16232e-01,0
1.16240e-01,-0.004
1.16248e-01,-0.004
1.16256e-01,0.004
1.16264e-01,-0.006
1.16272e-01,-0.002
1.16280e-01,-0.002
1.16288e-01,0.002
1.16296e-01,-0.004
1.16304e-01,-0.008
1.16312e-01,0.002
1.16320e-01,0
1.16328e-01,-0.002
1.16336e-01,-0.002
1.16344e-01,-0.004
1.16352e-01,0
1.16360e-01,0
1.16368e-01,0
1.16376e-01,0
1.16384e-01,0
1.16392e-01,-0.002
1.16400e-01,0.002
1.16408e-01,-0.004
1.16416e-01,-0.006
1.16424e-01,0
1.16432e-01,-0.004
1.16440e-01,-0.002
1.16448e-01,0
1.16456e-01,-0.006
1.16464e-01,-0.004
1.16472e-01,0.002
1.16480e-01,-0.004
1.16488e-01,-0.002
1.16496e-01,-0.002
1.16504e-01,-0.008
1.16512e-01,-0.004
1.16520e-01,-0.004
1.16528e-01,0
1.16536e-01,0
1.16544e-01,-0.002
1.16552e-01,-0.004
1.16560e-01,-0.002
1.16568e-01,0
1.16576e-01,-0.004
1.16584e-01,-0.004
1.16592e-01,-0.004
1.16600e-01,-0.004
1.16608e-01,-0.002
1.16616e-01,-0.006
1.16624e-01,-0.006
1.16632e-01,-0.004
1.16640e-01,0
1.16648e-01,0
1.16656e-01,-0.004
1.16664e-01,-0.008
1.16672e-01,-0.002
1.16680e-01,-0.004
1.16688e-01,0
1.16696e-01,-0.002
1.16704e-01,-0.004
1.16712e-01,-0.002
1.16720e-01,-0.004
1.16728e-01,-0.002
1.16736e-01,0
1.16744e-01,-0.006
1.16752e-01,-0.004
1.16760e-01,-0.006
1.16768e-01,0
1.16776e-01,-0.002
1.16784e-01,0
1.16792e-01,0
1.16800e-01,-0.002
1.16808e-01,-0.006
1.16816e-01,-0.004
1.16824e-01,0
1.16832e-01,-0.002
1.16840e-01,-0.006
1.16848e-01,-0.004
1.16856e-01,0
1.16864e-01,-0.006
1.16872e-01,-0.002
1.16880e-01,-0.006
1.16888e-01,-0.006
1.16896e-01,-0.004
1.16904e-01,-0.006
1.16912e-01,0
1.16920e-01,-0.004
1.16928e-01,-0.008
1.16936e-01,-0.002
1.16944e-01,0
1.16952e-01,-0.006
1.16960e-01,0.002
1.16968e-01,-0.006
1.16976e-01,-0.006
1.16984e-01,-0.008
1.16992e-01,-0.006
1.17000e-01,-0.002
1.17008e-01,-0.002
1.17016e-01,-0.006
1.17024e-01,-0.004
1.17032e-01,-0.006
1.17040e-01,-0.004
1.17048e-01,-0.004
1.17056e-01,0
1.17064e-01,0
1.17072e-01,-0.004
1.17080e-01,0
1.17088e-01,-0.006
1.17096e-01,-0.002
1.17104e-01,0
1.17112e-01,-0.008
1.17120e-01,-0.002
1.17128e-01,-0.006
1.17136e-01,-0.006
1.17144e-01,-0.004
1.17152e-01,-0.004
1.17160e-01,0
1.17168e-01,-0.002
1.17176e-01,-0.002
1.17184e-01,0
1.17192e-01,-0.004
1.17200e-01,-0.004
1.17208e-01,-0.004
1.17216e-01,-0.006
1.17224e-01,-0.004
1.17232e-01,-0.002
1.17240e-01,-0.004
1.17248e-01,-0.006
1.17256e-01,-0.002
1.17264e-01,-0.006
1.17272e-01,-0.004
1.17280e-01,0.004
1.17288e-01,-0.006
1.17296e-01,-0.002
1.17304e-01,-0.002
1.17312e-01,-0.006
1.17320e-01,0
1.17328e-01,0.002
1.17336e-01,-0.002
1.17344e-01,-0.004
1.17352e-01,-0.002
1.17360e-01,-0.008
1.17368e-01,-0.006
1.17376e-01,-0.002
1.17384e-01,-0.002
1.17392e-01,-0.002
1.17400e-01,-0.004
1.17408e-01,-0.002
1.17416e-01,-0.004
1.17424e-01,0
1.17432e-01,-0.006
1.17440e-01,-0.002
1.17448e-01,-0.002
1.17456e-01,-0.008
1.17464e-01,-0.002
1.17472e-01,-0.004
1.17480e-01,-0.002
1.17488e-01,0.002
1.17496e-01,0
1.17504e-01,-0.006
1.17512e-01,0
1.17520e-01,-0.002
1.17528e-01,-0.006
1.17536e-01,-0.004
1.17544e-01,-0.004
1.17552e-01,0.002
1.17560e-01,-0.002
1.17568e-01,-0.004
1.17576e-01,-0.008
1.17584e-01,-0.002
1.17592e-01,0
1.17600e-01,0.002
1.17608e-01,-0.002
1.17616e-01,-0.006
1.17624e-01,-0.002
1.17632e-01,-0.002
1.17640e-01,-0.002
1.17648e-01,0
1.17656e-01,-0.006
1.17664e-01,-0.002
1.17672e-01,0
1.17680e-01,-0.004
1.17688e-01,0.002
1.17696e-01,0
1.17704e-01,-0.006
1.17712e-01,-0.004
1.17720e-01,-0.004
1.17728e-01,0
1.17736e-01,-0.002
1.17744e-01,-0.002
1.17752e-01,-0.004
1.17760e-01,-0.002
1.17768e-01,-0.002
1.17776e-01,-0.004
1.17784e-01,-0.002
1.17792e-01,0
1.17800e-01,-0.004
1.17808e-01,-0.002
1.17816e-01,-0.002
1.17824e-01,-0.002
1.17832e-01,-0.006
1.17840e-01,-0.006
1.17848e-01,0
1.17856e-01,-0.004
1.17864e-01,-0.008
1.17872e-01,-0.004
1.17880e-01,-0.002
1.17888e-01,0
1.17896e-01,-0.002
1.17904e-01,0
1.17912e-01,-0.004
1.17920e-01,-0.006
1.17928e-01,-0.002
1.17936e-01,0.002
1.17944e-01,-0.004
1.17952e-01,-0.002
1.17960e-01,-0.004
1.17968e-01,-0.006
1.17976e-01,0.002
1.17984e-01,-0.004
1.17992e-01,-0.004
1.18000e-01,-0.002
1.18008e-01,-0.004
1.18016e-01,-0.002
1.18024e-01,0
1.18032e-01,-0.002
1.18040e-01,-0.004
1.18048e-01,-0.008
1.18056e-01,-0.002
1.18064e-01,0.002
1.18072e-01,0.004
1.18080e-01,-0.004
1.18088e-01,0
1.18096e-01,0.002
1.18104e-01,-0.004
1.18112e-01,-0.002
1.18120e-01,-0.01
1.18128e-01,-0.002
1.18136e-01,0
1.18144e-01,-0.006
1.18152e-01,-0.004
1.18160e-01,-0.008
1.18168e-01,-0.002
1.18176e-01,0
1.18184e-01,-0.002
1.18192e-01,-0.008
1.18200e-01,0.004
1.18208e-01,0
1.18216e-01,-0.002
1.18224e-01,-0.006
1.18232e-01,0.004
1.18240e-01,-0.004
1.18248e-01,-0.004
1.18256e-01,-0.002
1.18264e-01,0
1.18272e-01,0.002
1.18280e-01,-0.006
1.18288e-01,-0.002
1.18296e-01,-0.004
1.18304e-01,-0.004
1.18312e-01,-0.002
1.18320e-01,-0.002
1.18328e-01,0
1.18336e-01,-0.002
1.18344e-01,-0.002
1.18352e-01,-0.004
1.18360e-01,-0.008
1.18368e-01,0
1.18376e-01,-0.002
1.18384e-01,-0.002
1.18392e-01,-0.006
1.18400e-01,-0.002
1.18408e-01,0
1.18416e-01,0
1.18424e-01,-0.004
1.18432e-01,-0.004
1.18440e-01,-0.006
1.18448e-01,-0.004
1.18456e-01,-0.002
1.18464e-01,0.002
1.18472e-01,-0.006
1.18480e-01,0
1.18488e-01,0.002
1.18496e-01,-0.004
1.18504e-01,0
1.18512e-01,-0.008
1.18520e-01,-0.002
1.18528e-01,0.002
1.18536e-01,-0.002
1.18544e-01,0.004
1.18552e-01,-0.002
1.18560e-01,-0.004
1.18568e-01,-0.008
1.18576e-01,-0.006
1.18584e-01,0
1.18592e-01,-0.002
1.18600e-01,0.002
1.18608e-01,-0.002
1.18616e-01,0
1.18624e-01,-0.004
1.18632e-01,-0.006
1.18640e-01,0.004
1.18648e-01,-0.004
1.18656e-01,-0.006
1.18664e-01,-0.004
1.18672e-01,0
1.18680e-01,-0.004
1.18688e-01,-0.004
1.18696e-01,0
1.18704e-01,-0.004
1.18712e-01,-0.006
1.18720e-01,-0.002
1.18728e-01,-0.006
1.18736e-01,-0.002
1.18744e-01,0
1.18752e-01,-0.002
1.18760e-01,-0.002
1.18768e-01,-0.01
1.18776e-01,-0.002
1.18784e-01,-0.004
1.18792e-01,0
1.18800e-01,-0.002
1.18808e-01,-0.006
1.18816e-01,-0.006
1.18824e-01,-0.004
1.18832e-01,-0.008
1.18840e-01,-0.006
1.18848e-01,0.002
1.18856e-01,-0.004
1.18864e-01,-0.006
1.18872e-01,0
1.18880e-01,0
1.18888e-01,-0.002
1.18896e-01,0
1.18904e-01,-0.004
1.18912e-01,-0.002
1.18920e-01,-0.002
1.18928e-01,-0.006
1.18936e-01,-0.002
1.18944e-01,0
1.18952e-01,0
1.18960e-01,-0.004
1.18968e-01,-0.002
1.18976e-01,-0.008
1.18984e-01,-0.002
1.18992e-01,0
1.19000e-01,0.004
1.19008e-01,-0.002
1.19016e-01,-0.002
1.19024e-01,-0.002
1.19032e-01,0
1.19040e-01,-0.002
1.19048e-01,0
1.19056e-01,-0.006
1.19064e-01,0.002
1.19072e-01,0.002
1.19080e-01,-0.008
1.19088e-01,-0.002
1.19096e-01,-0.006
1.19104e-01,-0.004
1.19112e-01,0
1.19120e-01,-0.004
1.19128e-01,-0.004
1.19136e-01,-0.004
1.19144e-01,-0.002
1.19152e-01,-0.002
1.19160e-01,-0.002
1.19168e-01,-0.002
1.19176e-01,-0.002
1.19184e-01,-0.002
1.19192e-01,-0.004
1.19200e-01,-0.002
1.19208e-01,-0.002
1.19216e-01,-0.008
1.19224e-01,-0.002
1.19232e-01,-0.006
1.19240e-01,-0.002
1.19248e-01,-0.002
1.19256e-01,-0.002
1.19264e-01,-0.004
1.19272e-01,0.002
1.19280e-01,0.004
1.19288e-01,0
1.19296e-01,-0.01
1.19304e-01,-0.008
1.19312e-01,-0.004
1.19320e-01,-0.002
1.19328e-01,-0.006
1.19336e-01,-0.002
1.19344e-01,-0.002
1.19352e-01,0
1.19360e-01,-0.004
1.19368e-01,0
1.19376e-01,0
1.19384e-01,0
1.19392e-01,-0.002
1.19400e-01,-0.004
1.19408e-01,-0.002
1.19416e-01,-0.002
1.19424e-01,-0.004
1.19432e-01,-0.004
1.19440e-01,0.002
1.19448e-01,-0.002
1.19456e-01,-0.006
1.19464e-01,-0.004
1.19472e-01,-0.002
1.19480e-01,-0.004
1.19488e-01,-0.004
1.19496e-01,0.004
1.19504e-01,-0.008
1.19512e-01,-0.002
1.19520e-01,0
1.19528e-01,-0.004
1.19536e-01,0
1.19544e-01,-0.002
1.19552e-01,-0.006
1.19560e-01,-0.002
1.19568e-01,-0.002
1.19576e-01,-0.004
1.19584e-01,0.004
1.19592e-01,-0.004
1.19600e-01,-0.002
1.19608e-01,-0.008
1.19616e-01,-0.004
1.19624e-01,-0.002
1.19632e-01,-0.004
1.19640e-01,0
1.19648e-01,0
1.19656e-01,-0.004
1.19664e-01,-0.006
1.19672e-01,-0.004
1.19680e-01,-0.002
1.19688e-01,-0.002
1.19696e-01,-0.002
1.19704e-01,-0.002
1.19712e-01,-0.002
1.19720e-01,0.002
1.19728e-01,-0.01
1.19736e-01,-0.002
1.19744e-01,-0.004
1.19752e-01,-0.002
1.19760e-01,0
1.19768e-01,-0.002
1.19776e-01,-0.002
1.19784e-01,-0.008
1.19792e-01,-0.006
1.19800e-01,-0.002
1.19808e-01,-0.002
1.19816e-01,-0.006
1.19824e-01,-0.004
1.19832e-01,0
1.19840e-01,-0.004
1.19848e-01,-0.002
1.19856e-01,0
1.19864e-01,0
1.19872e-01,-0.01
1.19880e-01,-0.004
1.19888e-01,0.002
1.19896e-01,-0.006
1.19904e-01,-0.008
1.19912e-01,-0.002
1.19920e-01,-0.006
1.19928e-01,-0.004
1.19936e-01,-0.002
1.19944e-01,-0.002
1.19952e-01,0
1.19960e-01,-0.002
1.19968e-01,-0.004
1.19976e-01,0
1.19984e-01,-0.004
1.19992e-01,-0.002
1.20000e-01,0
1.20008e-01,-0.002
1.20016e-01,0
1.20024e-01,-0.002
1.20032e-01,-0.004
1.20040e-01,-0.004
1.20048e-01,-0.004
1.20056e-01,-0.004
1.20064e-01,0
1.20072e-01,-0.002
1.20080e-01,0
1.20088e-01,-0.004
1.20096e-01,-0.006
1.20104e-01,-0.004
1.20112e-01,-0.002
1.20120e-01,-0.002
1.20128e-01,0.002
1.20136e-01,-0.002
1.20144e-01,0
1.20152e-01,-0.004
1.20160e-01,0.002
1.20168e-01,-0.004
1.20176e-01,0
1.20184e-01,-0.004
1.20192e-01,0.002
1.20200e-01,-0.004
1.20208e-01,0.002
1.20216e-01,-0.004
1.20224e-01,0
1.20232e-01,-0.006
1.20240e-01,-0.002
1.20248e-01,-0.002
1.20256e-01,0
1.20264e-01,-0.008
1.20272e-01,0.002
1.20280e-01,-0.002
1.20288e-01,-0.006
1.20296e-01,0
1.20304e-01,-0.004
1.20312e-01,-0.002
1.20320e-01,-0.008
1.20328e-01,-0.002
1.20336e-01,-0.002
1.20344e-01,-0.002
1.20352e-01,0
1.20360e-01,-0.004
1.20368e-01,-0.004
1.20376e-01,0.004
1.20384e-01,0
1.20392e-01,-0.006
1.20400e-01,-0.002
1.20408e-01,-0.002
1.20416e-01,-0.004
1.20424e-01,0
1.20432e-01,-0.004
1.20440e-01,0.002
1.20448e-01,-0.002
1.20456e-01,-0.002
1.20464e-01,-0.002
1.20472e-01,-0.004
1.20480e-01,0.004
1.20488e-01,-0.006
1.20496e-01,0
1.20504e-01,0
1.20512e-01,-0.004
1.20520e-01,0.004
1.20528e-01,-0.002
1.20536e-01,-0.002
1.20544e-01,-0.004
1.20552e-01,-0.002
1.20560e-01,-0.006
1.20568e-01,-0.002
1.20576e-01,-0.002
1.20584e-01,-0.004
1.20592e-01,0.004
1.20600e-01,0.002
1.20608e-01,0
1.20616e-01,-0.006
1.20624e-01,-0.002
1.20632e-01,0
1.20640e-01,-0.004
1.20648e-01,0
1.20656e-01,0
1.20664e-01,0
1.20672e-01,-0.002
1.20680e-01,0.002
1.20688e-01,-0.006
1.20696e-01,-0.004
1.20704e-01,-0.004
1.20712e-01,-0.002
1.20720e-01,0
1.20728e-01,-0.008
1.20736e-01,-0.004
1.20744e-01,0
1.20752e-01,-0.004
1.20760e-01,-0.002
1.20768e-01,0
1.20776e-01,-0.004
1.20784e-01,-0.008
1.20792e-01,-0.004
1.20800e-01,-0.002
1.20808e-01,-0.002
1.20816e-01,0
1.20824e-01,0
1.20832e-01,-0.002
1.20840e-01,-0.002
1.20848e-01,0
1.20856e-01,-0.002
1.20864e-01,-0.002
1.20872e-01,-0.002
1.20880e-01,-0.002
1.20888e-01,0.002
1.20896e-01,-0.008
1.20904e-01,0
1.20912e-01,0
1.20920e-01,-0.004
1.20928e-01,-0.006
1.20936e-01,-0.002
1.20944e-01,-0.002
1.20952e-01,-0.004
1.20960e-01,-0.006
1.20968e-01,-0.002
1.20976e-01,0
1.20984e-01,-0.002
1.20992e-01,0
1.21000e-01,-0.002
1.21008e-01,-0.004
1.21016e-01,-0.002
1.21024e-01,-0.002
1.21032e-01,0.002
1.21040e-01,-0.002
1.21048e-01,0
1.21056e-01,0.002
1.21064e-01,-0.006
1.21072e-01,-0.004
1.21080e-01,0
1.21088e-01,-0.002
1.21096e-01,-0.01
1.21104e-01,0
1.21112e-01,0
1.21120e-01,-0.002
1.21128e-01,-0.002
1.21136e-01,-0.002
1.21144e-01,0
1.21152e-01,-0.006
1.21160e-01,-0.002
1.21168e-01,-0.002
1.21176e-01,-0.004
1.21184e-01,0
1.21192e-01,-0.002
1.21200e-01,0.004
1.21208e-01,0.004
1.21216e-01,0
1.21224e-01,-0.006
1.21232e-01,-0.002
1.21240e-01,0
1.21248e-01,0
1.21256e-01,-0.004
1.21264e-01,-0.006
1.21272e-01,0.004
1.21280e-01,0
1.21288e-01,0
1.21296e-01,-0.008
1.21304e-01,-0.006
1.21312e-01,0
1.21320e-01,-0.004
1.21328e-01,0.002
1.21336e-01,0
1.21344e-01,0
1.21352e-01,-0.004
1.21360e-01,-0.006
1.21368e-01,-0.002
1.21376e-01,0
1.21384e-01,0
1.21392e-01,-0.006
1.21400e-01,-0.004
1.21408e-01,0
1.21416e-01,0
1.21424e-01,-0.002
1.21432e-01,-0.004
1.21440e-01,0
1.21448e-01,-0.002
1.21456e-01,0
1.21464e-01,0.002
1.21472e-01,-0.004
1.21480e-01,0
1.21488e-01,-0.004
1.21496e-01,0
1.21504e-01,0
1.21512e-01,-0.002
1.21520e-01,-0.002
1.21528e-01,-0.002
1.21536e-01,-0.002
1.21544e-01,0.002
1.21552e-01,-0.002
1.21560e-01,-0.004
1.21568e-01,-0.004
1.21576e-01,-0.002
1.21584e-01,0
1.21592e-01,-0.002
1.21600e-01,-0.004
1.21608e-01,0
1.21616e-01,-0.002
1.21624e-01,0
1.21632e-01,-0.002
1.21640e-01,0.002
1.21648e-01,0
1.21656e-01,-0.002
1.21664e-01,-0.004
1.21672e-01,-0.002
1.21680e-01,-0.004
1.21688e-01,-0.002
1.21696e-01,0
1.21704e-01,-0.004
1.21712e-01,0.002
1.21720e-01,0
1.21728e-01,-0.002
1.21736e-01,-0.004
1.21744e-01,-0.004
1.21752e-01,0.004
1.21760e-01,-0.004
1.21768e-01,0
1.21776e-01,-0.004
1.21784e-01,-0.004
1.21792e-01,-0.002
1.21800e-01,-0.002
1.21808e-01,-0.004
1.21816e-01,-0.002
1.21824e-01,0
1.21832e-01,-0.002
1.21840e-01,-0.002
1.21848e-01,-0.008
1.21856e-01,0
1.21864e-01,0.002
1.21872e-01,0
1.21880e-01,0
1.21888e-01,0
1.21896e-01,0
1.21904e-01,0
1.21912e-01,0.002
1.21920e-01,-0.004
1.21928e-01,-0.002
1.21936e-01,-0.004
1.21944e-01,0
1.21952e-01,0
1.21960e-01,0.002
1.21968e-01,0
1.21976e-01,0
1.21984e-01,-0.006
1.21992e-01,-0.002
1.22000e-01,0
1.22008e-01,-0.008
1.22016e-01,-0.004
1.22024e-01,-0.004
1.22032e-01,0.002
1.22040e-01,0.002
1.22048e-01,-0.006
1.22056e-01,-0.002
1.22064e-01,-0.004
1.22072e-01,-0.002
1.22080e-01,-0.004
1.22088e-01,0
1.22096e-01,-0.002
1.22104e-01,0.002
1.22112e-01,0
1.22120e-01,0
1.22128e-01,-0.002
1.22136e-01,0
1.22144e-01,0.002
1.22152e-01,-0.002
1.22160e-01,-0.002
1.22168e-01,-0.002
1.22176e-01,-0.006
1.22184e-01,0
1.22192e-01,-0.002
1.22200e-01,-0.002
1.22208e-01,-0.004
1.22216e-01,-0.002
1.22224e-01,-0.004
1.22232e-01,-0.006
1.22240e-01,0
1.22248e-01,-0.002
1.22256e-01,0
1.22264e-01,-0.002
1.22272e-01,0
1.22280e-01,-0.004
1.22288e-01,-0.002
1.22296e-01,0.002
1.22304e-01,0
1.22312e-01,-0.002
1.22320e-01,-0.002
1.22328e-01,-0.002
1.22336e-01,-0.002
1.22344e-01,0
1.22352e-01,-0.002
1.22360e-01,-0.004
1.22368e-01,-0.004
1.22376e-01,-0.002
1.22384e-01,0
1.22392e-01,0.002
1.22400e-01,0
1.22408e-01,-0.004
1.22416e-01,0
1.22424e-01,0.004
1.22432e-01,0.002
1.22440e-01,-0.006
1.22448e-01,-0.006
1.22456e-01,-0.002
1.22464e-01,0
1.22472e-01,0.006
1.22480e-01,-0.002
1.22488e-01,-0.002
1.22496e-01,-0.004
1.22504e-01,0.002
1.22512e-01,-0.002
1.22520e-01,0
1.22528e-01,-0.004
1.22536e-01,-0.002
1.22544e-01,-0.006
1.22552e-01,0.002
1.22560e-01,-0.002
1.22568e-01,-0.002
1.22576e-01,-0.002
1.22584e-01,-0.004
1.22592e-01,-0.002
1.22600e-01,0
1.22608e-01,-0.004
1.22616e-01,0
1.22624e-01,0
1.22632e-01,0
1.22640e-01,-0.002
1.22648e-01,0.004
1.22656e-01,0.004
1.22664e-01,-0.004
1.22672e-01,0
1.22680e-01,-0.002
1.22688e-01,-0.006
1.22696e-01,-0.006
1.22704e-01,0
1.22712e-01,-0.002
1.22720e-01,0
1.22728e-01,-0.004
1.22736e-01,0.002
1.22744e-01,0.002
1.22752e-01,0
1.22760e-01,-0.002
1.22768e-01,0
1.22776e-01,0
1.22784e-01,0.002
1.22792e-01,0
1.22800e-01,-0.004
1.22808e-01,-0.002
1.22816e-01,0
1.22824e-01,0.002
1.22832e-01,-0.002
1.22840e-01,0.002
1.22848e-01,0
1.22856e-01,-0.004
1.22864e-01,0
1.22872e-01,-0.004
1.22880e-01,0
1.22888e-01,-0.004
1.22896e-01,-0.002
1.22904e-01,-0.004
1.22912e-01,-0.008
1.22920e-01,0
1.22928e-01,0
1.22936e-01,-0.004
1.22944e-01,-0.002
1.22952e-01,-0.004
1.22960e-01,0
1.22968e-01,0
1.22976e-01,-0.002
1.22984e-01,-0.006
1.22992e-01,-0.006
1.23000e-01,-0.002
1.23008e-01,0.002
1.23016e-01,-0.002
1.23024e-01,0.002
1.23032e-01,0
1.23040e-01,-0.002
1.23048e-01,0.006
1.23056e-01,-0.002
1.23064e-01,-0.002
1.23072e-01,0.004
1.23080e-01,0
1.23088e-01,0.004
1.23096e-01,0
1.23104e-01,-0.006
1.23112e-01,0
1.23120e-01,0
1.23128e-01,-0.002
1.23136e-01,-0.002
1.23144e-01,0
1.23152e-01,-0.004
1.23160e-01,0.002
1.23168e-01,-0.004
1.23176e-01,0.006
1.23184e-01,-0.002
1.23192e-01,0
1.23200e-01,0
1.23208e-01,-0.002
1.23216e-01,-0.002
1.23224e-01,-0.006
1.23232e-01,-0.004
1.23240e-01,-0.002
1.23248e-01,0.002
1.23256e-01,-0.002
1.23264e-01,-0.002
1.23272e-01,0.004
1.23280e-01,0.002
1.23288e-01,-0.002
1.23296e-01,-0.004
1.23304e-01,-0.006
1.23312e-01,0
1.23320e-01,0.002
1.23328e-01,-0.002
1.23336e-01,0
1.23344e-01,-0.002
1.23352e-01,-0.006
1.23360e-01,-0.004
1.23368e-01,-0.002
1.23376e-01,-0.002
1.23384e-01,0
1.23392e-01,-0.006
1.23400e-01,-0.002
1.23408e-01,-0.002
1.23416e-01,-0.004
1.23424e-01,-0.002
1.23432e-01,-0.006
1.23440e-01,-0.002
1.23448e-01,-0.002
1.23456e-01,-0.002
1.23464e-01,0.002
1.23472e-01,-0.004
1.23480e-01,0.002
1.23488e-01,0.004
1.23496e-01,-0.004
1.23504e-01,0.002
1.23512e-01,-0.002
1.23520e-01,0.004
1.23528e-01,-0.002
1.23536e-01,-0.002
1.23544e-01,-0.002
1.23552e-01,0.004
1.23560e-01,0
1.23568e-01,0
1.23576e-01,0
1.23584e-01,-0.002
1.23592e-01,0.002
1.23600e-01,0.004
1.23608e-01,-0.004
1.23616e-01,0
1.23624e-01,0
1.23632e-01,0
1.23640e-01,-0.004
1.23648e-01,0
1.23656e-01,0
1.23664e-01,-0.006
1.23672e-01,0
1.23680e-01,0.002
1.23688e-01,0.002
1.23696e-01,-0.002
1.23704e-01,-0.006
1.23712e-01,0
1.23720e-01,-0.002
1.23728e-01,0.002
1.23736e-01,0.002
1.23744e-01,0.002
1.23752e-01,-0.002
1.23760e-01,-0.002
1.23768e-01,-0.002
1.23776e-01,0.002
1.23784e-01,-0.002
1.23792e-01,0
1.23800e-01,0
1.23808e-01,0
1.23816e-01,0.006
1.23824e-01,0.006
1.23832e-01,0
1.23840e-01,0
1.23848e-01,0.002
1.23856e-01,0
1.23864e-01,0.002
1.23872e-01,-0.002
1.23880e-01,-0.002
1.23888e-01,-0.002
1.23896e-01,-0.002
1.23904e-01,-0.004
1.23912e-01,0.002
1.23920e-01,0.002
1.23928e-01,-0.002
1.23936e-01,-0.002
1.23944e-01,-0.002
1.23952e-01,0
1.23960e-01,0.004
1.23968e-01,-0.002
1.23976e-01,0
1.23984e-01,0
1.23992e-01,0
1.24000e-01,-0.004
1.24008e-01,-0.004
1.24016e-01,0.004
1.24024e-01,0
1.24032e-01,-0.006
1.24040e-01,0
1.24048e-01,-0.002
1.24056e-01,-0.004
1.24064e-01,-0.008
1.24072e-01,0
1.24080e-01,-0.002
1.24088e-01,-0.004
1.24096e-01,0
1.24104e-01,0
1.24112e-01,-0.004
1.24120e-01,0.004
1.24128e-01,-0.002
1.24136e-01,-0.004
1.24144e-01,0.002
1.24152e-01,-0.006
1.24160e-01,-0.006
1.24168e-01,-0.006
1.24176e-01,-0.004
1.24184e-01,0
1.24192e-01,0
1.24200e-01,0
1.24208e-01,-0.004
1.24216e-01,0
1.24224e-01,0
1.24232e-01,0
1.24240e-01,-0.002
1.24248e-01,-0.004
1.24256e-01,0
1.24264e-01,0
1.24272e-01,0.002
1.24280e-01,-0.002
1.24288e-01,0
1.24296e-01,0.004
1.24304e-01,0.002
1.24312e-01,-0.002
1.24320e-01,0
1.24328e-01,-0.006
1.24336e-01,0.002
1.24344e-01,-0.002
1.24352e-01,0
1.24360e-01,0.002
1.24368e-01,0
1.24376e-01,0.002
1.24384e-01,-0.004
1.24392e-01,0
1.24400e-01,0
1.24408e-01,0.004
1.24416e-01,0.002
1.24424e-01,0.002
1.24432e-01,0
1.24440e-01,-0.002
1.24448e-01,0.004
1.24456e-01,-0.002
1.24464e-01,-0.002
1.24472e-01,-0.002
1.24480e-01,0
1.24488e-01,0.002
1.24496e-01,0
1.24504e-01,-0.002
1.24512e-01,0.004
1.24520e-01,0
1.24528e-01,-0.006
1.24536e-01,0
1.24544e-01,-0.002
1.24552e-01,0
1.24560e-01,-0.004
1.24568e-01,-0.004
1.24576e-01,-0.002
1.24584e-01,-0.002
1.24592e-01,-0.004
1.24600e-01,0.002
1.24608e-01,0.002
1.24616e-01,0
1.24624e-01,-0.002
1.24632e-01,-0.006
1.24640e-01,-0.002
1.24648e-01,0
1.24656e-01,0
1.24664e-01,0
1.24672e-01,-0.002
1.24680e-01,-0.004
1.24688e-01,0
1.24696e-01,-0.002
1.24704e-01,0.002
1.24712e-01,0
1.24720e-01,-0.004
1.24728e-01,0.006
1.24736e-01,-0.004
1.24744e-01,0
1.24752e-01,-0.008
1.24760e-01,0
1.24768e-01,0.002
1.24776e-01,0
1.24784e-01,-0.004
1.24792e-01,-0.004
1.24800e-01,-0.002
1.24808e-01,-0.002
1.24816e-01,-0.006
1.24824e-01,0.002
1.24832e-01,-0.002
1.24840e-01,0.002
1.24848e-01,-0.004
1.24856e-01,0
1.24864e-01,0.004
1.24872e-01,-0.004
1.24880e-01,0
1.24888e-01,-0.002
1.24896e-01,-0.002
1.24904e-01,0.004
1.24912e-01,-0.004
1.24920e-01,0.006
1.24928e-01,0.002
1.24936e-01,-0.002
1.24944e-01,0
1.24952e-01,0.004
1.24960e-01,0
1.24968e-01,0
1.24976e-01,0.002
1.24984e-01,-0.004
1.24992e-01,-0.004
1.25000e-01,-0.002
1.25008e-01,0.004
1.25016e-01,-0.004
1.25024e-01,-0.004
1.25032e-01,0
1.25040e-01,-0.004
1.25048e-01,-0.004
1.25056e-01,0
1.25064e-01,-0.002
1.25072e-01,-0.004
1.25080e-01,0.002
1.25088e-01,0
1.25096e-01,-0.002
1.25104e-01,-0.002
1.25112e-01,0.002
1.25120e-01,0.002
1.25128e-01,-0.002
1.25136e-01,-0.004
1.25144e-01,-0.002
1.25152e-01,0
1.25160e-01,0
1.25168e-01,0
1.25176e-01,-0.002
1.25184e-01,0
1.25192e-01,0
1.25200e-01,-0.004
1.25208e-01,0.002
1.25216e-01,-0.004
1.25224e-01,0.002
1.25232e-01,-0.002
1.25240e-01,-0.002
1.25248e-01,0
1.25256e-01,0
1.25264e-01,0
1.25272e-01,0.002
1.25280e-01,0.002
1.25288e-01,0.002
1.25296e-01,0.004
1.25304e-01,-0.002
1.25312e-01,0
1.25320e-01,0.002
1.25328e-01,0
1.25336e-01,-0.006
1.25344e-01,0
1.25352e-01,-0.004
1.25360e-01,0.002
1.25368e-01,-0.002
1.25376e-01,0.002
1.25384e-01,0.002
1.25392e-01,-0.002
1.25400e-01,-0.002
1.25408e-01,-0.006
1.25416e-01,0.002
1.25424e-01,-0.002
1.25432e-01,-0.002
1.25440e-01,0
1.25448e-01,0.002
1.25456e-01,0
1.25464e-01,-0.004
1.25472e-01,0.002
1.25480e-01,-0.004
1.25488e-01,-0.006
1.25496e-01,-0.002
1.25504e-01,0
1.25512e-01,0.002
1.25520e-01,-0.002
1.25528e-01,0.002
1.25536e-01,-0.002
1.25544e-01,0.002
1.25552e-01,-0.002
1.25560e-01,0.002
1.25568e-01,-0.002
1.25576e-01,0
1.25584e-01,-0.002
1.25592e-01,0.002
1.25600e-01,-0.004
1.25608e-01,-0.002
1.25616e-01,0
1.25624e-01,0
1.25632e-01,0
1.25640e-01,0
1.25648e-01,-0.006
1.25656e-01,0
1.25664e-01,0.002
1.25672e-01,-0.004
1.25680e-01,-0.002
1.25688e-01,0
1.25696e-01,-0.004
1.25704e-01,0.004
1.25712e-01,-0.002
1.25720e-01,-0.006
1.25728e-01,0.002
1.25736e-01,-0.002
1.25744e-01,-0.002
1.25752e-01,-0.002
1.25760e-01,0
1.25768e-01,0.006
1.25776e-01,0.002
1.25784e-01,-0.004
1.25792e-01,-0.002
1.25800e-01,-0.006
1.25808e-01,0.002
1.25816e-01,0.004
1.25824e-01,0.002
1.25832e-01,0.004
1.25840e-01,0
1.25848e-01,-0.002
1.25856e-01,0.004
1.25864e-01,-0.004
1.25872e-01,0.002
1.25880e-01,0
1.25888e-01,-0.006
1.25896e-01,0.002
1.25904e-01,0.002
1.25912e-01,-0.002
1.25920e-01,-0.004
1.25928e-01,0
1.25936e-01,-0.006
1.25944e-01,-0.002
1.25952e-01,0.002
1.25960e-01,0
1.25968e-01,0
1.25976e-01,-0.008
1.25984e-01,-0.002
1.25992e-01,-0.002
1.26000e-01,-0.002
1.26008e-01,-0.002
1.26016e-01,-0.002
1.26024e-01,0.002
1.26032e-01,0.002
1.26040e-01,-0.002
1.26048e-01,0
1.26056e-01,-0.002
1.26064e-01,0
1.26072e-01,0.002
1.26080e-01,-0.004
1.26088e-01,-0.004
1.26096e-01,-0.002
1.26104e-01,-0.002
1.26112e-01,-0.004
1.26120e-01,0
1.26128e-01,-0.002
1.26136e-01,0.002
1.26144e-01,-0.004
1.26152e-01,-0.002
1.26160e-01,0
1.26168e-01,-0.002
1.26176e-01,0.006
1.26184e-01,-0.004
1.26192e-01,0
1.26200e-01,0.002
1.26208e-01,-0.002
1.26216e-01,0
1.26224e-01,-0.002
1.26232e-01,0.002
1.26240e-01,-0.004
1.26248e-01,0
1.26256e-01,-0.002
1.26264e-01,-0.002
1.26272e-01,-0.006
1.26280e-01,-0.002
1.26288e-01,-0.004
1.26296e-01,-0.002
1.26304e-01,-0.002
1.26312e-01,-0.002
1.26320e-01,0
1.26328e-01,-0.002
1.26336e-01,0.002
1.26344e-01,-0.002
1.26352e-01,0.006
1.26360e-01,-0.002
1.26368e-01,0
1.26376e-01,-0.002
1.26384e-01,-0.004
1.26392e-01,0.004
1.26400e-01,-0.004
1.26408e-01,-0.002
1.26416e-01,0
1.26424e-01,0.004
1.26432e-01,0
1.26440e-01,-0.002
1.26448e-01,-0.002
1.26456e-01,0.004
1.26464e-01,0
1.26472e-01,0
1.26480e-01,-0.002
1.26488e-01,0.004
1.26496e-01,0
1.26504e-01,0
1.26512e-01,-0.006
1.26520e-01,0.004
1.26528e-01,0
1.26536e-01,-0.002
1.26544e-01,-0.008
1.26552e-01,0.002
1.26560e-01,0.002
1.26568e-01,-0.002
1.26576e-01,-0.002
1.26584e-01,0.004
1.26592e-01,0.002
1.26600e-01,0.002
1.26608e-01,-0.008
1.26616e-01,-0.002
1.26624e-01,0
1.26632e-01,0
1.26640e-01,-0.006
1.26648e-01,0
1.26656e-01,-0.002
1.26664e-01,0.002
1.26672e-01,-0.004
1.26680e-01,-0.002
1.26688e-01,0
1.26696e-01,-0.002
1.26704e-01,-0.002
1.26712e-01,-0.002
1.26720e-01,-0.004
1.26728e-01,0.004
1.26736e-01,0
1.26744e-01,0
1.26752e-01,-0.004
1.26760e-01,0
1.26768e-01,-0.002
1.26776e-01,0.006
1.26784e-01,-0.004
1.26792e-01,0
1.26800e-01,-0.004
1.26808e-01,0.004
1.26816e-01,0.004
1.26824e-01,0.002
1.26832e-01,0.002
1.26840e-01,-0.002
1.26848e-01,-0.002
1.26856e-01,-0.008
1.26864e-01,0
1.26872e-01,-0.002
1.26880e-01,0
1.26888e-01,0.002
1.26896e-01,0
1.26904e-01,0
1.26912e-01,0.004
1.26920e-01,0
1.26928e-01,-0.004
1.26936e-01,-0.002
1.26944e-01,0
1.26952e-01,-0.006
1.26960e-01,-0.004
1.26968e-01,0
1.26976e-01,-0.004
1.26984e-01,-0.006
1.26992e-01,-0.002
1.27000e-01,0
1.27008e-01,-0.002
1.27016e-01,-0.004
1.27024e-01,0.004
1.27032e-01,0.002
1.27040e-01,-0.006
1.27048e-01,0
1.27056e-01,0
1.27064e-01,-0.004
1.27072e-01,0.002
1.27080e-01,0.004
1.27088e-01,-0.004
1.27096e-01,0
1.27104e-01,0.002
1.27112e-01,0.002
1.27120e-01,0.002
1.27128e-01,-0.004
1.27136e-01,0
1.27144e-01,0
1.27152e-01,-0.002
1.27160e-01,0
1.27168e-01,-0.002
1.27176e-01,-0.008
1.27184e-01,0.002
1.27192e-01,0
1.27200e-01,0.002
1.27208e-01,0.002
1.27216e-01,0
1.27224e-01,0.002
1.27232e-01,0.006
1.27240e-01,-0.002
1.27248e-01,-0.002
1.27256e-01,-0.002
1.27264e-01,0.002
1.27272e-01,0.004
1.27280e-01,0
1.27288e-01,-0.002
1.27296e-01,0
1.27304e-01,-0.002
1.27312e-01,-0.002
1.27320e-01,-0.002
1.27328e-01,-0.004
1.27336e-01,-0.002
1.27344e-01,-0.002
1.27352e-01,0
1.27360e-01,-0.006
1.27368e-01,0.004
1.27376e-01,-0.002
1.27384e-01,0.002
1.27392e-01,-0.002
1.27400e-01,0.002
1.27408e-01,0.002
1.27416e-01,-0.004
1.27424e-01,-0.002
1.27432e-01,-0.002
1.27440e-01,0.006
1.27448e-01,-0.004
1.27456e-01,0
1.27464e-01,0.002
1.27472e-01,-0.004
1.27480e-01,0
1.27488e-01,0.002
1.27496e-01,-0.004
1.27504e-01,0.004
1.27512e-01,-0.006
1.27520e-01,0
1.27528e-01,0
1.27536e-01,-0.002
1.27544e-01,0
1.27552e-01,-0.002
1.27560e-01,0.004
1.27568e-01,-0.002
1.27576e-01,0
1.27584e-01,0
1.27592e-01,0.002
1.27600e-01,-0.002
1.27608e-01,0
1.27616e-01,-0.004
1.27624e-01,-0.002
1.27632e-01,-0.006
1.27640e-01,0
1.27648e-01,-0.004
1.27656e-01,0.002
1.27664e-01,-0.002
1.27672e-01,0.002
1.27680e-01,-0.002
1.27688e-01,0.004
1.27696e-01,-0.002
1.27704e-01,-0.002
1.27712e-01,-0.002
1.27720e-01,0
1.27728e-01,-0.002
1.27736e-01,0
1.27744e-01,0
1.27752e-01,0.002
1.27760e-01,-0.002
1.27768e-01,-0.002
1.27776e-01,-0.002
1.27784e-01,-0.006
1.27792e-01,0.002
1.27800e-01,-0.002
1.27808e-01,0.004
1.27816e-01,-0.002
1.27824e-01,0.004
1.27832e-01,-0.002
1.27840e-01,0.004
1.27848e-01,-0.004
1.27856e-01,0.004
1.27864e-01,-0.002
1.27872e-01,-0.002
1.27880e-01,-0.002
1.27888e-01,-0.002
1.27896e-01,-0.002
1.27904e-01,0
1.27912e-01,0.002
1.27920e-01,-0.002
1.27928e-01,-0.002
1.27936e-01,0.004
1.27944e-01,-0.002
1.27952e-01,-0.004
1.27960e-01,0.002
1.27968e-01,0
1.27976e-01,-0.006
1.27984e-01,0.002
1.27992e-01,0
1.28000e-01,-0.004
1.28008e-01,-0.008
1.28016e-01,0
1.28024e-01,-0.004
1.28032e-01,-0.004
1.28040e-01,-0.002
1.28048e-01,0
1.28056e-01,0.006
1.28064e-01,-0.002
1.28072e-01,-0.002
1.28080e-01,0
1.28088e-01,0.004
1.28096e-01,-0.006
1.28104e-01,0
1.28112e-01,0.004
1.28120e-01,-0.002
1.28128e-01,0
1.28136e-01,-0.006
1.28144e-01,-0.002
1.28152e-01,0.004
1.28160e-01,0.004
1.28168e-01,-0.002
1.28176e-01,-0.002
1.28184e-01,-0.002
1.28192e-01,0.008
1.28200e-01,0
1.28208e-01,-0.002
1.28216e-01,-0.004
1.28224e-01,0.002
1.28232e-01,0.002
1.28240e-01,0
1.28248e-01,0
1.28256e-01,0
1.28264e-01,0.002
1.28272e-01,-0.002
1.28280e-01,-0.004
1.28288e-01,0.004
1.28296e-01,-0.004
1.28304e-01,-0.002
1.28312e-01,0
1.28320e-01,0.002
1.28328e-01,-0.006
1.28336e-01,0
1.28344e-01,-0.002
1.28352e-01,0.002
1.28360e-01,-0.002
1.28368e-01,-0.004
1.28376e-01,0.002
1.28384e-01,-0.004
1.28392e-01,-0.002
1.28400e-01,-0.004
1.28408e-01,-0.002
1.28416e-01,-0.004
1.28424e-01,-0.006
1.28432e-01,0
1.28440e-01,0
1.28448e-01,-0.002
1.28456e-01,-0.002
1.28464e-01,0
1.28472e-01,0
1.28480e-01,-0.006
1.28488e-01,-0.002
1.28496e-01,-0.002
1.28504e-01,0.002
1.28512e-01,-0.002
1.28520e-01,0.002
1.28528e-01,0.004
1.28536e-01,-0.002
1.28544e-01,-0.004
1.28552e-01,-0.002
1.28560e-01,0.002
1.28568e-01,-0.002
1.28576e-01,-0.004
1.28584e-01,0.002
1.28592e-01,0.004
1.28600e-01,-0.002
1.28608e-01,-0.004
1.28616e-01,-0.004
1.28624e-01,0
1.28632e-01,-0.008
1.28640e-01,-0.002
1.28648e-01,0.002
1.28656e-01,0
1.28664e-01,0
1.28672e-01,-0.006
1.28680e-01,0.002
1.28688e-01,0.004
1.28696e-01,-0.002
1.28704e-01,-0.002
1.28712e-01,0
1.28720e-01,-0.002
1.28728e-01,0
1.28736e-01,-0.004
1.28744e-01,-0.006
1.28752e-01,0
1.28760e-01,-0.004
1.28768e-01,0.004
1.28776e-01,-0.004
1.28784e-01,0
1.28792e-01,-0.002
1.28800e-01,-0.002
1.28808e-01,-0.004
1.28816e-01,0.004
1.28824e-01,0

